Date,committed_ret,committed_equity,invested_ret
2005-01-03,0.0,1.0,0.0
2005-01-04,-0.0001,0.9999,-0.001
2005-01-05,-0.00011879320561474227,0.9997812186737058,-0.0011879320561474227
2005-01-06,-0.0003812270267412654,0.9994000750523191,-0.003812270267412654
2005-01-07,-0.0001456470854379887,0.9992545153442013,-0.0009709805695865915
2005-01-10,0.0005437914409127942,0.9997979013969389,0.002718957204563971
2005-01-11,-0.00014828057416208518,0.9996496507900737,-0.0007414028708104259
2005-01-12,0.0021298196352823482,1.0017787242447296,0.010649098176411742
2005-01-13,-0.0010716361489647053,1.0007051819505652,-0.004286544595858821
2005-01-14,-0.0011206899128036573,0.9995837017474629,-0.004482759651214629
2005-01-18,0.00031144194600996603,0.999895014040735,0.0010381398200332201
2005-01-19,-0.001774656576266903,0.9981205437784911,-0.005915521920889677
2005-01-20,5.376076759322501e-07,0.998121080375757,1.7920255864408337e-06
2005-01-21,-9.971485053539842e-05,0.998021552881411,-0.0003323828351179947
2005-01-24,-0.0014854919012384725,0.9965389999473443,-0.004951639670794909
2005-01-25,0.00021986408859796524,0.9967581030863201,0.0007328802953265509
2005-01-26,-0.0021115719373249074,0.9946533766475418,-0.0070385731244163585
2005-01-27,-0.003002825688800981,0.991666605936692,-0.010009418962669936
2005-01-28,-0.00029556953213672463,0.9913734995019396,-0.0007389238303418116
2005-01-31,-0.0008150086925194644,0.9905655214823121,-0.002037521731298661
2005-02-01,-0.0022019405018705086,0.9883843551408038,-0.005504851254676271
2005-02-02,0.00031791623382467773,0.9886985785725614,0.0007947905845616943
2005-02-03,-0.0006742189788176312,0.9880319792265578,-0.0016855474470440779
2005-02-04,-0.0009077481839069757,0.987135094991773,-0.002269370459767439
2005-02-07,0.0007869096294336464,0.987911881103574,0.001967274073584116
2005-02-08,7.761466041528164e-06,0.9879195487480911,1.940366510382041e-05
2005-02-09,-0.00214146181952396,0.9858039567536857,-0.0047588040433865775
2005-02-10,-0.0005597086001605245,0.9852521938010184,-0.00124379688924561
2005-02-11,0.002748426607480714,0.9879600871455397,0.006107614683290475
2005-02-14,-7.821557034912163e-05,0.9878828132838414,-0.00017381237855360363
2005-02-15,0.0019010888861625997,0.9897608663210063,0.004224641969250221
2005-02-16,-0.0012570432892390737,0.9885166940660461,-0.002793429531642386
2005-02-17,-0.0005906447872171316,0.9879328318336189,-0.0013125439715936259
2005-02-18,0.0025731706418043567,0.9904749515925678,0.005718156981787459
2005-02-22,0.0029578882282671583,0.993404665792277,0.006573084951704796
2005-02-23,-0.0019872638784929676,0.9914305085832216,-0.004416141952206594
2005-02-24,-0.0009152139882808163,0.9905231375133577,-0.0020338088628462586
2005-02-25,-0.0035572046068917396,0.9869996440453624,-0.007904899126426088
2005-02-28,0.0006636561753474657,0.9876546724541989,0.001474791500772146
2005-03-01,0.0005851742955064798,0.988232622581356,0.001300387323347733
2005-03-02,-0.0005459940898160709,0.9876930534100632,-0.0012133201995912686
2005-03-03,-0.00039060269800588187,0.9873072578385996,-0.0008680059955686264
2005-03-04,-0.0023584258160575244,0.9849787669133322,-0.00524094625790561
2005-03-07,-0.00023018079775388722,0.9847520437149935,-0.0005115128838975272
2005-03-08,-0.0008123985050491223,0.9839520326268354,-0.0018053300112202716
2005-03-09,0.0042747328585369835,0.9881581647119296,0.009499406352304408
2005-03-10,-0.0015985720776883039,0.9865785226614814,-0.0031971441553766077
2005-03-11,-0.0009725153856599111,0.9856190598690315,-0.0019450307713198222
2005-03-14,-0.0008133658555865564,0.9848173909791187,-0.0016267317111731128
2005-03-15,-0.0024037035679010887,0.9824501819026912,-0.004807407135802177
2005-03-16,-0.0008552687861849817,0.981609922928128,-0.0017105375723699633
2005-03-17,-0.0016765600764256706,0.9799641949207234,-0.003353120152851341
2005-03-18,-0.0024508563145166696,0.9775624434856017,-0.004901712629033339
2005-03-21,-2.493330321861609e-05,0.9775380696247832,-4.986660643723218e-05
2005-03-22,0.0019846620886027786,0.9794781523717334,0.0030533262901581214
2005-03-23,0.00417423918620059,0.9835667284573908,0.0064219064403086
2005-03-24,0.00019317451137825236,0.9837567284795685,0.0002971915559665421
2005-03-28,0.0013683710357896505,0.9851028726930832,0.002105186208907155
2005-03-29,0.0016139225519073985,0.9866927524352713,0.0024829577721652285
2005-03-30,-0.0012021671674627642,0.9855065828039201,-0.0018494879499427143
2005-03-31,-0.002637352649171787,0.982907454406986,-0.004057465614110441
2005-04-01,-0.0013400213533507678,0.981590337429713,-0.0020615713128473347
2005-04-04,-0.0029180781057056735,0.9787259801572872,-0.004489350931854883
2005-04-05,0.0025561998292655264,0.9812277993406631,0.003932615121946963
2005-04-06,0.0018644783075081606,0.9830572772872577,0.00286842816539717
2005-04-07,0.00015116206819054678,0.9832058782584423,0.00023255702798545658
2005-04-08,-0.000742467061916785,0.9824758802787524,-0.0011422570183335155
2005-04-11,-0.00038129245701530313,0.9821012696364027,-0.0005866037800235433
2005-04-12,0.001150042476976143,0.9832307278131767,0.0017692961184248355
2005-04-13,0.0021332575958066423,0.9853282122317146,0.0028443434610755233
2005-04-14,-0.0013520255753976696,0.9839960232886165,-0.0019314651077109565
2005-04-15,-0.006054288250830086,0.9780386277259566,-0.009314289616661671
2005-04-18,-0.0019037465712968937,0.9761766900418274,-0.0027196379589955627
2005-04-19,-0.007769246864220108,0.9685925323537952,-0.011098924091743012
2005-04-20,-0.005664134515223312,0.9631062939601025,-0.008091620736033303
2005-04-21,0.007076273587597159,0.9699214975901009,0.010108962267995942
2005-04-22,-0.004703821469627311,0.9653591600258835,-0.006719744956610445
2005-04-25,-0.0006126796958872416,0.9647677040692969,-0.0008169062611829888
2005-04-26,0.003642008856964063,0.9682813965924301,0.004856011809285418
2005-04-27,0.005116453829982137,0.9732355636525258,0.006821938439976183
2005-04-28,0.003714840958181026,0.9768509789863407,0.0049531212775747015
2005-04-29,0.0010860996043419058,0.9779119364481186,0.0014481328057892077
2005-05-02,0.0007180082449418313,0.9786140852813153,0.0009573443265891084
2005-05-03,0.0012994160838511516,0.9798857121636131,0.0017325547784682019
2005-05-04,-0.002169603478378107,0.9777597487140899,-0.002892804637837476
2005-05-05,-0.003268141475899056,0.9745642915258528,-0.004357521967865407
2005-05-06,-9.31670311139443e-05,0.9744734942641816,-0.00012422270815192575
2005-05-09,-0.001807932375556498,0.9727117120847797,-0.002410576500741997
2005-05-10,-0.00010840008686551217,0.9726062700506946,-0.00014453344915401622
2005-05-11,0.0022555206947596496,0.9748000036206469,0.0030073609263461996
2005-05-12,0.0030474005907598634,0.9777706097275533,0.004353429415371234
2005-05-13,0.0034201306405170274,0.9811147129492795,0.004560174187356036
2005-05-16,0.0001670339427303491,0.9812785924080543,0.00022271192364046546
2005-05-17,-0.0014120208412472413,0.9798930065845043,-0.0018826944549963217
2005-05-18,0.005514624974951049,0.9852967490313952,0.007352833299934732
2005-05-19,0.0015357780346675065,0.9868099461361868,0.002047704046223342
2005-05-20,-0.0012751563902757613,0.9855516091273836,-0.0017002085203676816
2005-05-23,0.0013824086174650419,0.9869140441647978,0.001843211489953389
2005-05-24,-0.001493495164988906,0.9854400928115781,-0.0019913268866518746
2005-05-25,0.0017484307233479103,0.9871630665458687,0.0023312409644638803
2005-05-26,0.0016135503285404974,0.9887559038362169,0.002151400438053996
2005-05-27,-6.348170780876572e-05,0.9886931359228354,-8.464227707835429e-05
2005-05-31,-0.0046187976652299735,0.9841265623750061,-0.006158396886973298
2005-06-01,-0.002206150548535901,0.9819554310195937,-0.002941534064714535
2005-06-02,0.0006716687577330071,0.9826149798040958,0.0008955583436440096
2005-06-03,-0.0020222287582844444,0.980627907533615,-0.002696305011045926
2005-06-06,-0.003257732502366473,0.9774332841265151,-0.004343643336488631
2005-06-07,0.0005867213313148545,0.9780067650842492,0.000782295108419806
2005-06-08,-0.00039776407303979686,0.9776177491299088,-0.0005303520973863958
2005-06-09,-0.0037616193157041676,0.9739403233214066,-0.00501549242093889
2005-06-10,0.0018208467047163169,0.9757137193497166,0.0024277956062884226
2005-06-13,0.0021213014387413743,0.9777835022663729,0.002828401918321832
2005-06-14,-4.403424343454865e-05,0.9777404463096078,-5.87123245793982e-05
2005-06-15,0.0034515600235027533,0.9811151761474518,0.004602080031337005
2005-06-16,4.6400471387364475e-05,0.9811607003541104,6.186729518315263e-05
2005-06-17,-0.003309028898840316,0.9779140112422322,-0.004412038531787088
2005-06-20,0.0015091710578663542,0.9793898507650809,0.002012228077155139
2005-06-21,0.0014914922057231328,0.9808506030938614,0.0019886562742975106
2005-06-22,0.0004324913804651276,0.9812748125252236,0.0005766551739535034
2005-06-23,-0.00034004769862517323,0.9809411322835055,-0.000453396931500231
2005-06-24,-0.0014524683805311744,0.9795163463057013,-0.001815585475663968
2005-06-27,-0.00420589651694403,0.9753966019164844,-0.005257370646180037
2005-06-28,0.0015058406161499228,0.9768653937365048,0.0018823007701874034
2005-06-29,0.0011607535188646434,0.9779992936797416,0.0014509418985808042
2005-06-30,-2.774312766067877e-05,0.977972160920485,-3.467890957584846e-05
2005-07-01,-0.0019746016732919425,0.9760410554550984,-0.002468252091614928
2005-07-05,0.0,0.9760410554550984,0.0
2005-07-06,-0.0001,0.975943451349553,-0.001
2005-07-07,0.0001269779096625734,0.9760673746089543,0.0006348895483128669
2005-07-08,0.0004913971936417072,0.9765470113776424,0.0016379906454723576
2005-07-11,0.00024400197993487138,0.976785290781918,0.000813339933116238
2005-07-12,-0.0004402455383610726,0.9763552654157145,-0.001467485127870242
2005-07-13,0.002935021184922909,0.9792208888037206,0.005870042369845818
2005-07-14,-0.0002284241260112674,0.9789972111280236,-0.0004568482520225348
2005-07-15,-0.004461215971237359,0.9746296931339424,-0.008922431942474718
2005-07-18,-0.0016764392323447563,0.9729957856793646,-0.0030480713315359205
2005-07-19,0.0009288813489114033,0.9738995833172516,0.0016888751798389153
2005-07-20,-0.013713570068249603,0.9605439431419913,-0.027427140136499207
2005-07-21,0.00032447567939783987,0.9608556162905338,0.0005899557807233452
2005-07-22,-0.000718185428219481,0.9601655437882912,-0.0013057916876717838
2005-07-25,-7.37520747908615e-05,0.9600947295872941,-0.00012292012465143584
2005-07-26,-0.002103029332766615,0.9580756222087374,-0.0035050488879443584
2005-07-27,0.0030122561210672583,0.960961591366181,0.005020426868445431
2005-07-28,0.00029121739828522617,0.9612414401006706,0.0004480267665926557
2005-07-29,0.0006630661225337731,0.9618788067351769,0.0010201017269750355
2005-08-01,-0.00043139721397033595,0.9614638548977742,-0.0006636880214928245
2005-08-02,0.0025951052888275538,0.9639589548326359,0.003992469675119314
2005-08-03,-0.0009305908618617243,0.9630619034380589,-0.0015509847697695405
2005-08-04,0.00395823480794189,0.9668739285864502,0.006597058013236484
2005-08-05,0.0013085489035366104,0.9681391304055602,0.0023791798246120192
2005-08-08,0.000478272255027784,0.96860216449064,0.000956544510055568
2005-08-09,-0.002151106546120979,0.9665185980340172,-0.0039111028111290524
2005-08-10,-0.00048487226717839336,0.9660499599701183,-0.0008815859403243516
2005-08-11,-0.0012531622487031268,0.9648393426299227,-0.002278476815823867
2005-08-12,0.0011107514107606964,0.9659110392909063,0.0022215028215213928
2005-08-15,0.000523023084501495,0.9664162330620302,0.00104604616900299
2005-08-16,0.0069742771635892264,0.9731562877267966,0.013948554327178453
2005-08-17,0.000829681823944789,0.9739636978105812,0.001659363647889578
2005-08-18,-5.156682397600143e-05,0.9739134735960172,-0.00010313364795200286
2005-08-19,-0.00041818545210758895,0.9735061971497477,-0.0008363709042151779
2005-08-22,0.0015686015720782042,0.9750332405010247,0.0031372031441564085
2005-08-23,-0.0017814088532403071,0.9732963076541926,-0.0035628177064806143
2005-08-24,-0.0018995624322195592,0.9714474705527547,-0.0037991248644391185
2005-08-25,-0.0022949717849210737,0.9692180260173031,-0.004589943569842147
2005-08-26,0.0024936537631537747,0.9716349201951976,0.004533915933006863
2005-08-29,-0.0011634502594333907,0.9705044712952219,-0.0021153641080607103
2005-08-30,-0.00025149394360476365,0.9702603952984498,-0.0004572617156450248
2005-08-31,-0.0004678039090468988,0.9698065036927358,-0.0008505525619034524
2005-09-01,-0.002584247477189311,0.967300283682206,-0.004698631776707838
2005-09-02,0.0004019004961265227,0.9676890421461211,0.0007307281747754958
2005-09-06,-0.0019218474621038317,0.9658292914163668,-0.0034942681129160576
2005-09-07,0.001754666750457562,0.967523999960633,0.0031903031826501127
2005-09-08,-0.0003742097008355816,0.9671619430940565,-0.0006236828347259693
2005-09-09,-0.004061268463803114,0.9632340387951781,-0.006248105328927867
2005-09-12,0.0022116772141523577,0.9653644015706773,0.0036861286902539294
2005-09-13,0.002882736819644116,0.9681472930754587,0.004804561366073527
2005-09-14,0.000617661766141514,0.9687452806423847,0.0010294362769025234
2005-09-15,-0.002602896644441144,0.9662237368020825,-0.004338161074068573
2005-09-16,-0.0047732245157753265,0.9616117339738548,-0.00867859002868241
2005-09-19,-0.0003892708990875515,0.9612374065095977,-0.0005561012844107879
2005-09-20,0.0006205070355896735,0.9618338610832088,0.0008864386222709622
2005-09-21,0.0024136579929886436,0.9641553990699393,0.003448082847126634
2005-09-22,0.0017987418756079399,0.96588966576084,0.0025696312508684854
2005-09-23,0.0031830091809312345,0.9689641014347234,0.004547155972758906
2005-09-26,-0.0038476734050813034,0.9652358440311546,-0.005130231206775071
2005-09-27,0.004029436275867831,0.9691252003558617,0.0053725817011571085
2005-09-28,-0.003065437323145903,0.9661544077958896,-0.004087249764194538
2005-09-29,4.4012235940582565e-06,0.9661586600574646,5.501529492572821e-06
2005-09-30,0.0003533531291533221,0.9665000552432546,0.0004416914114416526
2005-10-03,-0.0027895561002328874,0.9638039491182753,-0.0032818307061563377
2005-10-04,0.004043656552652935,0.9677012412726002,0.004757243003121101
2005-10-05,0.004752543252433117,0.9723002832771814,0.005940679065541396
2005-10-06,0.006077411740028399,0.9782093524336031,0.007596764675035499
2005-10-07,0.00018981435317108052,0.9783950306091012,0.00023726794146385066
2005-10-10,0.0011447046138999273,0.9795150039148561,0.001430880767374909
2005-10-11,0.0017370950838287214,0.9812165146126931,0.0021713688547859017
2005-10-12,0.004816198446825815,0.9859422480663705,0.006020248058532268
2005-10-13,0.0020888181193647213,0.9880017020987788,0.002611022649205902
2005-10-14,0.00047655184510418945,0.9884725361328801,0.0005956898063802368
2005-10-17,-0.0015964740064158766,0.9868944654228881,-0.001878204713430443
2005-10-18,0.0017372284222525903,0.9886089265379844,0.002043798143826577
2005-10-19,0.0006954836672630304,0.9892964878997019,0.0008182160791329771
2005-10-20,0.004250333195286682,0.9935013276022027,0.00500039199445492
2005-10-21,0.0009940879809644365,0.9944889553310442,0.0012426099762055456
2005-10-24,-0.0015126582485405938,0.9929846334096801,-0.0018908228106757421
2005-10-25,-0.0008032115486317715,0.9921870566845117,-0.0010040144357897143
2005-10-26,0.0065233931299493505,0.9986594829137121,0.008154241412436689
2005-10-27,0.0049732523192978825,1.0036260685033014,0.0062165653991223535
2005-10-28,0.0010073857576874568,1.0046371071107556,0.001259232197109321
2005-10-31,-0.002504913071055703,1.0021205784894862,-0.0033398840947409377
2005-11-01,-0.0014398043525132853,1.000677720918834,-0.0019197391366843803
2005-11-02,0.002404107610102191,1.0030834578429548,0.0032054768134695878
2005-11-03,-0.002742202659710963,1.0003327997169458,-0.003917432371015661
2005-11-04,-0.0006787266405447578,0.9996538471963671,-0.0009696094864925112
2005-11-07,0.0012421705137212135,1.0008955877292822,0.0017745293053160194
2005-11-08,0.0003447238164070443,1.001240620276109,0.0004924625948672061
2005-11-09,0.0026002976868241103,1.0038441439449672,0.0037147109811773
2005-11-10,0.0004806558440703934,1.0043266474992902,0.0006866512058148477
2005-11-11,0.0049994987478970574,1.0093477773159425,0.007691536535226242
2005-11-14,-0.0033453058191544203,1.0059712003229369,-0.005575509698590701
2005-11-15,-0.0022677248912394365,1.0036899343920946,-0.0037795414853990608
2005-11-16,-0.0010775990748368158,1.0026083590473707,-0.0016578447305181782
2005-11-17,-0.001003905395607857,1.0016018351060414,-0.0014341505651540814
2005-11-18,0.004055987057151089,1.0056643191856502,0.0062399800879247526
2005-11-21,-2.638958850782469e-05,1.0056377801180898,-4.059936693511491e-05
2005-11-22,-0.0009408492654198741,1.0046916265513872,-0.001447460408338268
2005-11-23,0.0027970947597290518,1.0075018442351578,0.0043032227072754645
2005-11-25,0.0012527775800280417,1.0087640199574524,0.0017896822571829166
2005-11-28,-0.004534504511843141,1.0041897749575703,-0.0064778635883473434
2005-11-29,-0.0075604771410471335,0.9965976211187304,-0.010800681630067335
2005-11-30,-0.0029334409543046057,0.9936741608419782,-0.004190629934720865
2005-12-01,-0.00585784405757972,0.9878533725637195,-0.008368348653685314
2005-12-02,0.0026511645523523584,0.9904723344079822,0.0037873779319319407
2005-12-05,0.00028054950409717725,0.9907502109302223,0.0004007850058531104
2005-12-06,0.00041433874291607056,0.991160717127163,0.0005919124898801008
2005-12-07,0.001977624959007973,0.993120861299742,0.002825178512868533
2005-12-08,-0.002285115066641108,0.9908514658565903,-0.0032644500952015826
2005-12-09,0.005690743300483764,0.9964901471976882,0.008129633286405378
2005-12-12,-0.0007450902030538386,0.9957476721515716,-0.001064414575791198
2005-12-13,0.0014173459023379242,0.997158991034458,0.0021805321574429604
2005-12-14,0.0023369709830528495,0.9994893226619957,0.0035953399739274607
2005-12-15,-0.0025532894785086414,0.9969373370905612,-0.003928137659244064
2005-12-16,0.0046261925557611275,1.0015493611779698,0.0071172193165555805
2005-12-19,0.0011543312781060633,1.0027054809321447,0.0017758942740093281
2005-12-20,-0.0020254712831118127,1.0006745297750979,-0.0031161096663258657
2005-12-21,1.846357739811455e-05,1.0006930058067287,2.8405503689407e-05
2005-12-22,-0.002964969996874811,0.9977259810684294,-0.004561492302884325
2005-12-23,-0.0005121109705692129,0.9972150346479023,-0.0007878630316449428
2005-12-27,-0.00017750317919610904,0.9970380258089102,-0.00027308181414786
2005-12-28,-0.0006760942673858239,0.9963639341152951,-0.0010401450267474215
2005-12-29,6.199721892834465e-05,0.9964257059082509,9.538033681283791e-05
2005-12-30,-0.00029082327518369913,0.9961359221209813,-0.0004474204233595371
2006-01-03,0.0,0.9961359221209813,0.0
2006-01-04,-0.00025,0.9958868881404511,-0.001
2006-01-05,-0.00011343917923194447,0.9957739155492527,-0.00045375671692777787
2006-01-06,0.0011640357500757037,0.9969330319859449,0.004656143000302815
2006-01-09,0.000315456028153005,0.9972475205205498,0.00105152009384335
2006-01-10,0.0005277450008129181,0.9977738129140776,0.0017591500027097269
2006-01-11,0.0006840533029777885,0.9984563433864262,0.0022801776765926283
2006-01-12,-0.0009579316847934838,0.9974998904192133,-0.002736947670838525
2006-01-13,0.0008442662786929733,0.9983420459396941,0.0024121893676942096
2006-01-17,-0.00040128794716122175,0.9979414233095143,-0.0008917509936916039
2006-01-18,-0.0011251402719546332,0.996818599225097,-0.0025003117154547404
2006-01-19,-0.0010222624506253941,0.9957995890010242,-0.0020445249012507882
2006-01-20,-0.0012611338842238196,0.9945437523974389,-0.002522267768447639
2006-01-23,0.001908555751379859,0.9964418945960759,0.003817111502759718
2006-01-24,-0.0010592103864427715,0.995386452991833,-0.002118420772885543
2006-01-25,-0.004481087721892235,0.9909260389787934,-0.00896217544378447
2006-01-26,5.6916605849577404e-05,0.9909824391255799,0.00010348473790832255
2006-01-27,0.0018958018415520528,0.9928611454586199,0.0034469124391855507
2006-01-30,-0.00012339346860374412,0.9927386328780399,-0.00018983610554422172
2006-01-31,0.0011486331977034914,0.9938789254284064,0.0017671279964669097
2006-02-01,-0.004847453912439692,0.9890611431428471,-0.007457621403753372
2006-02-02,-0.0014626941711290754,0.9876144491738817,-0.002250298724813962
2006-02-03,-0.003055979351271709,0.9845963198101888,-0.004701506694264168
2006-02-06,-0.0015004548004508734,0.9831189775356233,-0.002143506857786962
2006-02-07,-0.0017101626184022555,0.9814376842108,-0.002631019412926547
2006-02-08,0.00016723550861167947,0.9816018154410897,0.00025728539786412224
2006-02-09,-0.001134186440621987,0.9804884959719264,-0.0016202663437456957
2006-02-10,-0.00018420248834701835,0.9803078875511727,-0.00026314641192431195
2006-02-13,-0.0008655438855170227,0.9794593880531787,-0.001154058514022697
2006-02-14,-0.004605933408776214,0.974948063335205,-0.006579904869680305
2006-02-15,0.001608907273194321,0.9765166643652918,0.002298438961706173
2006-02-16,-0.0002565572941162941,0.9762661318922228,-0.00034207639215505883
2006-02-17,0.0027006156026723625,0.9789026514403715,0.0036008208035631503
2006-02-21,-0.002202670967019954,0.9767464509905048,-0.002936894622693272
2006-02-22,0.0010337127548448511,0.9777561262551431,0.001378283673126468
2006-02-23,0.002574529808660714,0.9802733885477877,0.0034327064115476182
2006-02-24,0.0025203797548195516,0.9827440497504718,0.003360506339759402
2006-02-27,0.0006501139989949945,0.9833829454146436,0.0008668186653266592
2006-02-28,0.001201417619283024,0.9845643990117671,0.001601890159044032
2006-03-01,-0.007010531831633781,0.9776620789522017,-0.009347375775511708
2006-03-02,-0.0017063107835824487,0.9759938836041859,-0.002275081044776598
2006-03-03,0.001624245912450445,0.9775791376802067,0.002165661216600593
2006-03-06,0.009504581228632597,0.9868706180017047,0.012672774971510129
2006-03-07,0.0031072044820214086,0.989937026809135,0.004142939309361878
2006-03-08,0.00028307535452026247,0.9902172535839516,0.0003774338060270166
2006-03-09,-0.0055118743962124074,0.9847593004572345,-0.007349165861616543
2006-03-10,0.0006480453867059921,0.9853974691789116,0.0008640605156079895
2006-03-13,-0.00020114923088674909,0.9851992572358684,-0.0002681989745156654
2006-03-14,0.0005034241685060558,0.9856952303527552,0.0006712322246747412
2006-03-15,0.003852065120475895,0.9894921925690164,0.004815081400594869
2006-03-16,0.0032116370878087276,0.9926700823927683,0.004014546359760909
2006-03-17,0.0014793591310797716,0.9941385979433057,0.0018491989138497145
2006-03-20,0.001698496622236656,0.9958271389939475,0.00212312077779582
2006-03-21,0.0008660837996398773,0.9966896087462719,0.0010826047495498467
2006-03-22,0.0017331031040648537,0.9984169746009792,0.002166378880081067
2006-03-23,-0.002914938956892532,0.9955066500664921,-0.003643673696115665
2006-03-24,-0.0032975416613295673,0.9922239254137672,-0.00439672221510609
2006-03-27,0.0011501832491213726,0.9933651647521556,0.0015335776654951635
2006-03-28,-0.00044930502998783426,0.9929188407870178,-0.0005990733733171123
2006-03-29,0.000159784019267295,0.9930774933502049,0.00021304535902306004
2006-03-30,0.005115536218419553,0.9981576172351353,0.006820714957892738
2006-03-31,0.0012262557049759926,0.9993816137077352,0.0016350076066346567
2006-04-03,0.0023223846433844285,1.0017025622202906,0.003096512857845905
2006-04-04,7.032602422751277e-05,1.00177300797895,9.376803230335037e-05
2006-04-05,0.0005165408351086864,1.0022904646450808,0.0006887211134782486
2006-04-06,-0.0012157380179210753,1.001071942022212,-0.001620984023894767
2006-04-07,0.0006470891257828459,1.001719724790021,0.0008627855010437946
2006-04-10,0.004039853570287205,1.005766525796641,0.005386471427049607
2006-04-11,0.0012293835018364397,1.0070029985701547,0.001639178002448586
2006-04-12,0.002770298643375452,1.0097926976109688,0.0036937315245006022
2006-04-13,-0.0016592213743847172,1.0081172279833952,-0.00221229516584629
2006-04-17,-0.0031632804741952235,1.0049282704404154,-0.004217707298926965
2006-04-18,-0.0038710582874736167,1.0010381345308106,-0.0051614110499648225
2006-04-19,-0.0005211573740340591,1.0005164361253105,-0.0006948764987120789
2006-04-20,0.006170997707567338,1.0066906207590232,0.008227996943423117
2006-04-21,-0.000767065363614372,1.0059184232519636,-0.001022753818152496
2006-04-24,-0.003145495718926161,1.0027543111580355,-0.0044935653127516585
2006-04-25,-0.0010032270663669185,1.0017483208921656,-0.0014331815233813122
2006-04-26,-0.004383750681560478,0.9973569060077024,-0.006262500973657825
2006-04-27,0.0030723101921939664,1.0004210957952848,0.004096413589591955
2006-04-28,-0.007959101066484514,0.9924586431848069,-0.009948876333105643
2006-05-01,-0.001489675711466526,0.9909802016494195,-0.0016551952349628067
2006-05-02,-0.003090801588979325,0.9879172784675144,-0.0034342239877548056
2006-05-03,-0.0045494699689249355,0.9834227784773444,-0.005054966632138817
2006-05-04,0.0017306867186219154,0.9851247752188454,0.0019229852429132393
2006-05-05,0.0018000246199104176,0.986898024067923,0.0021176760234240207
2006-05-08,0.0021492837424595622,0.9890191479465176,0.0023880930471772916
2006-05-09,-0.0004515996422374491,0.9885725072531389,-0.0005017773802638323
2006-05-10,0.0023520831392411234,0.9908977119793664,0.0026134257102679147
2006-05-11,-0.0028956219361936097,0.9880284468280348,-0.0032173577068817885
2006-05-12,0.0019347024774775679,0.9899399879119314,0.00214966941941952
2006-05-15,0.0011468517718958848,0.9910753023411388,0.001274279746550983
2006-05-16,-0.0008191335795654286,0.9902634792811132,-0.0009101484217393652
2006-05-17,0.005143863120601366,0.9953572590718657,0.005715403467334851
2006-05-18,0.0053077719079605125,1.000640388369952,0.005897524342178347
2006-05-19,-0.004025812867252837,0.9966119974189593,-0.004736250432062161
2006-05-22,0.001323803658278222,0.9979313160270267,0.0015574160685626142
2006-05-23,-0.0031039941894866695,0.9948337430205719,-0.003651757869984317
2006-05-24,0.0034785642719339094,0.9982943361355576,0.004092428555216364
2006-05-25,-0.0006320707313526075,0.9976633435044112,-0.0007900884141907594
2006-05-26,-0.00542513480277349,0.992250885378114,-0.006781418503466863
2006-05-30,0.0012903624012894966,0.993531248613252,0.0016129530016118707
2006-05-31,-0.004343219687815997,0.9892161241338145,-0.005429024609769996
2006-06-01,-0.005734927983456162,0.9835430409018334,-0.007646570644608216
2006-06-02,-0.000421628093811055,0.9831283515243169,-0.0005621707917480734
2006-06-05,-0.0003992137532913442,0.9827358731651378,-0.000532285004388459
2006-06-06,-0.0018232010760979578,0.980944148063663,-0.0024309347681306104
2006-06-07,0.00017533961083548988,0.9811161464288358,0.00021917451354436235
2006-06-08,9.944038637980656e-05,0.9812137089975203,0.0001243004829747582
2006-06-09,-0.004819399655852208,0.9764848479860602,-0.005669881948061421
2006-06-12,-0.0022241934076331405,0.9743129568245159,-0.002616698126627224
2006-06-13,-0.001726946109066252,0.972630370854715,-0.0020317013047838257
2006-06-14,0.005286610496888405,0.9777722887828681,0.005874011663209339
2006-06-15,-0.002253590306266312,0.9755687906311313,-0.002372200322385592
2006-06-16,-0.0012848898759801775,0.9743152921687271,-0.0013525156589265027
2006-06-19,-0.0012490007936069637,0.973098371595585,-0.0013147376774810143
2006-06-20,0.0038369980482266365,0.9768321481481298,0.004038945313922775
2006-06-21,0.005631132047413045,0.98233281896251,0.005631132047413045
2006-06-22,-0.0032776334413185115,0.9791130920645739,-0.0032776334413185115
2006-06-23,-0.0029664022349375984,0.9762086488000169,-0.0029664022349375984
2006-06-26,0.003437900791657089,0.979564757286549,0.003437900791657089
2006-06-27,-0.00024028739030259593,0.9793293802273882,-0.00024028739030259593
2006-06-28,-0.0011183263972151026,0.9782341703299117,-0.0011183263972151026
2006-06-29,0.0029042439450501557,0.9810752009959335,0.0029042439450501557
2006-06-30,-0.005860978433551112,0.9753251404012044,-0.005860978433551112
2006-07-03,0.005863529393659872,0.9810439880303224,0.005863529393659872
2006-07-05,0.0,0.9810439880303224,0.0
2006-07-06,-0.0001,0.9809458836315195,-0.001
2006-07-07,-0.00020050379610854762,0.9807492002580742,-0.0020050379610854763
2006-07-10,-0.000446297269880047,0.9803114945675621,-0.0014876575662668232
2006-07-11,-0.0016782196854107589,0.9786663165195444,-0.0055940656180358634
2006-07-12,0.0017471993081695503,0.9803762416306961,0.004991998023341572
2006-07-13,-0.0016311026823193464,0.9787771473132901,-0.004077756705798366
2006-07-14,-0.003296196435991028,0.9755509055686866,-0.005071071439986197
2006-07-17,-0.001519490099536064,0.9740685656260815,-0.0021707001421943767
2006-07-18,-0.0009014907724302801,0.9731904518024551,-0.0012019876965737068
2006-07-19,-0.003833532421241137,0.9694596946534281,-0.005111376561654849
2006-07-20,-0.0011369218691285432,0.9683574947253379,-0.0015158958255047242
2006-07-21,-0.0047871683198245085,0.9637218044043242,-0.005983960399780636
2006-07-24,0.004236470377043278,0.9678045832803938,0.005295587971304097
2006-07-25,-0.009897122741519992,0.9582261025298621,-0.01237140342689999
2006-07-26,-0.0002936378779499982,0.9579447310505189,-0.00036704734743749773
2006-07-27,0.004752900447845376,0.9624977469917402,0.00594112555980672
2006-07-28,0.0021994058092275393,0.9646146701278423,0.002749257261534424
2006-07-31,-7.754095312234588e-06,0.9646071904137505,-9.122465073217162e-06
2006-08-01,-0.0031684585523606645,0.9615508725116154,-0.0037275982968948997
2006-08-02,0.0005557013477476946,0.9620852076273981,0.000653766291467876
2006-08-03,0.003182346374523215,0.9651468959998737,0.0037439369112037824
2006-08-04,-0.0017545454159027308,0.9634535019378244,-0.0021931817698784134
2006-08-07,-0.0035133794295599983,0.9600685242227786,-0.004391724286949998
2006-08-08,1.1173733383651462e-05,0.9600792517724983,1.3967166729564329e-05
2006-08-09,0.005986398848415742,0.9658266690996969,0.007482998560519677
2006-08-10,0.0012260709072370035,0.9670108410801136,0.001634761209649338
2006-08-11,-0.0013651680014904245,0.9656907088227766,-0.0018202240019872325
2006-08-14,0.0013541066974540605,0.9669983570792627,0.0018054755966054141
2006-08-15,0.004387148661313844,0.9712407226270157,0.005849531548418459
2006-08-16,0.00631947021985686,0.9773784494499693,0.00842596029314248
2006-08-17,0.0021337009376893755,0.9794638827640382,0.002844934583585834
2006-08-18,-0.0032179990328762066,0.9763119689365664,-0.004290665377168276
2006-08-21,-0.0009176904074099879,0.9754160168080337,-0.0012235872098799838
2006-08-22,0.0024852648880988315,0.9778401839858959,0.0031065811101235394
2006-08-23,-0.002977919051484562,0.9749282550726971,-0.0037223988143557027
2006-08-24,-0.004220670003588467,0.9708134046308609,-0.005275837504485584
2006-08-25,0.002482286421049018,0.9732232415625484,0.0031028580263112726
2006-08-28,0.0019643275251023163,0.9751349707640189,0.0024554094063778953
2006-08-29,0.00012883237638979805,0.9752605997196031,0.00017177650185306407
2006-08-30,0.0015934040032257624,0.9768145838633846,0.0021245386709676834
2006-08-31,0.0016801333703918286,0.9784557626424188,0.002100166712989786
2006-09-01,-0.0005941483416910864,0.9778744147736267,-0.000742685427113858
2006-09-05,-0.0017761020898061698,0.9761376099819793,-0.002220127612257712
2006-09-06,-0.0029737448231457685,0.9732348258176176,-0.0037171810289322108
2006-09-07,-0.0007054885729665172,0.9725482197691901,-0.0008818607162081465
2006-09-08,0.0006983225611479571,0.9732273721328591,0.0008729032014349464
2006-09-11,0.005024604022465934,0.9781174543016519,0.006280755028082417
2006-09-12,0.0027158838950947562,0.9807739077433008,0.003394854868868445
2006-09-13,0.004287925422974581,0.9849793931165034,0.005359906778718226
2006-09-14,-0.0008393214832137785,0.9841526787513378,-0.0010491518540172232
2006-09-15,0.0018314458686003066,0.9859551011089089,0.002289307335750383
2006-09-18,-0.0011495854024026475,0.9848216615172497,-0.0014369817530033094
2006-09-19,-0.0029797537137096542,0.981887135514002,-0.0037246921421370677
2006-09-20,-0.000917388907258726,0.9809863631477014,-0.0011467361340734075
2006-09-21,0.001177085188897986,0.9821410676662734,0.0015694469185306482
2006-09-22,-0.00013641861341999738,0.9820070853436396,-0.00018189148455999654
2006-09-25,-0.00010246641047854665,0.9819064626025399,-0.0001366218806380622
2006-09-26,0.00253693420639165,0.9843974946949933,0.0033825789418555335
2006-09-27,0.0001294948230991466,0.9845249690744281,0.00016186852887393327
2006-09-28,-0.00010846666103902502,0.984418180938323,-0.00013558332629878128
2006-09-29,-0.0029076071581268627,0.9815558795888365,-0.003634508947658578
2006-10-02,-0.0011226929115038698,0.9804538937605771,-0.0014033661393798372
2006-10-03,0.0012733178659607657,0.9817023232202532,0.0015916473324509572
2006-10-04,0.004647770019494462,0.9862650498461843,0.005467964728817015
2006-10-05,0.0058169903068700565,0.9920021440811444,0.00684351800808242
2006-10-06,4.368659526444163e-05,0.9920454812773143,5.139599442875486e-05
2006-10-09,0.00022987170432294261,0.9922735244628614,0.0002704372992034619
2006-10-10,0.0017959590686431326,0.994055607097695,0.0022449488358039157
2006-10-11,0.003300400197090242,0.9973363884192789,0.005077538764754219
2006-10-12,-0.000294269180603135,0.997042903057473,-0.0004527218163125154
2006-10-13,-0.0008237985087406696,0.9962215406007837,-0.0012673823211394918
2006-10-16,0.003981699707785419,1.0001881956178835,0.006125691858131414
2006-10-17,-0.0013024789764354949,0.9988854715206122,-0.0020038138099007616
2006-10-18,-0.0031966491064352896,0.9956923851706447,-0.004566641580621843
2006-10-19,0.004226938843351491,0.9999011159895519,0.006038484061930701
2006-10-20,0.004818897417226453,1.0047195368948758,0.0074136883341945434
2006-10-23,0.004857453423290414,1.0095999152488124,0.006939219176129163
2006-10-24,-0.00165331889221092,1.007930724635357,-0.0023618841317298855
2006-10-25,-0.003044673319939828,1.004861904849712,-0.004349533314199754
2006-10-26,-0.0017260081819769958,1.0031275049801844,-0.002465725974252851
2006-10-27,-0.0020893651410881287,1.001031605339212,-0.0029848073444116124
2006-10-30,0.000937485364102425,1.0019700578182216,0.0013392648058606071
2006-10-31,-0.0015650121856609022,1.0004019624680687,-0.002235731693801289
2006-11-01,-0.0009873401376182533,0.9994142254567718,-0.001410485910883219
2006-11-02,-0.0004952401918402238,0.9989192753640288,-0.0007619079874464982
2006-11-03,-0.0029966299657485486,0.9959258839301091,-0.0046101999473054595
2006-11-06,-0.0010597446613352878,0.9948704567915285,-0.001630376402054289
2006-11-07,0.0016703859935796373,0.9965322744679792,0.002569824605507134
2006-11-08,-0.0016042647922760833,0.9949335728256835,-0.0024680996804247435
2006-11-09,-0.0020669348112110518,0.9928771099891676,-0.0031798997095554647
2006-11-10,0.0015038184462843884,0.9943702169020627,0.002148312066120555
2006-11-13,0.0007217674366731264,0.9950879209446202,0.0010310963381044663
2006-11-14,0.0024984157939120346,0.9975740643226394,0.003569165419874335
2006-11-15,0.004481888611243457,1.0020450801603988,0.0064026980160620806
2006-11-16,-0.001547598137853473,1.0004943170602973,-0.002063464183804631
2006-11-17,0.002701414863743845,1.0031970672794952,0.0036018864849917936
2006-11-20,0.0005883046216016652,1.0037872527505531,0.0007844061621355535
2006-11-21,0.0021533510483072392,1.005948759083541,0.0028711347310763193
2006-11-22,0.0009572836958708919,1.0069117374294931,0.0012763782611611891
2006-11-24,-0.001166084986651672,1.0057375927695933,-0.0015547799822022293
2006-11-27,0.0024751778052758133,1.0082269721371482,0.0033002370737010844
2006-11-28,-0.0036084714010842568,1.0045888139423895,-0.004811295201445675
2006-11-29,0.0008472338327422779,1.005439935573556,0.0011296451103230372
2006-11-30,-0.0008370183918111895,1.0045983638556195,-0.0011957405597302709
2006-12-01,-0.0010968622190907606,1.003496457864946,-0.0016874803370627088
2006-12-04,0.003361048137469752,1.0068692577656104,0.005170843288415003
2006-12-05,0.002205130204386607,1.0090895355777778,0.0031501860062665816
2006-12-06,0.00251251522970069,1.0116248884040486,0.003589307471000986
2006-12-07,0.00039520664445744644,1.0120246892816445,0.0005645809206534949
2006-12-08,0.006755691149080251,1.018861615517675,0.00965098735582893
2006-12-11,-0.0010207345884804652,1.017821628225841,-0.0014581922692578075
2006-12-12,-0.002738907223541692,1.0150339092160163,-0.00391272460505956
2006-12-13,-0.004836218783449003,1.0101249831584282,-0.006908883976355719
2006-12-14,5.585137542682417e-05,1.0101814000280906,7.446850056909889e-05
2006-12-15,0.004125487005328244,1.0143488902669309,0.005156858756660304
2006-12-18,0.003673652631649066,1.0180752557370703,0.004898203508865421
2006-12-19,-0.0022584942160219445,1.015775938660513,-0.003011325621362593
2006-12-20,0.0003767044440097289,1.0161585859707245,0.0005022725920129719
2006-12-21,0.000512389780206407,1.0166792552452448,0.0006831863736085427
2006-12-22,-0.0017497106226284143,1.0149003607525362,-0.0023329474968378856
2006-12-26,-0.001362156455412672,1.0135179076745364,-0.00170269556926584
2006-12-27,0.0015970267450643393,1.0151365228796942,0.0019962834313304242
2006-12-28,0.0003209903493334554,1.0154623719067946,0.00042798713244460716
2006-12-29,-0.00025857253731895733,1.0151998012247387,-0.00034476338309194314
2007-01-03,0.0049893496385715105,1.0202649879860572,0.006652466184762015
2007-01-04,0.0,1.0202649879860572,0.0
2007-01-05,-0.0001,1.0201629614872587,-0.001
2007-01-08,-0.0002431793377106472,1.0199148789339272,-0.001621195584737648
2007-01-09,-0.0004885693444236893,1.0194165797901584,-0.0019542773776947573
2007-01-10,-0.00016609410237841126,1.0192472607083884,-0.000664376409513645
2007-01-11,0.00035886946481277214,1.0196130374273507,0.0014354778592510886
2007-01-12,-0.0009659374766373185,1.0186281549828315,-0.003219791588791062
2007-01-16,0.004041663758029279,1.022745107479734,0.013472212526764263
2007-01-17,0.00030529677588430617,1.023057348263599,0.0010176559196143538
2007-01-18,-0.00034531881914596216,1.022704067308178,-0.0011510627304865406
2007-01-19,-6.235755792882714e-06,1.022697689975366,-2.0785852642942377e-05
2007-01-22,-0.001366263276541696,1.0213004156785486,-0.004554210921805653
2007-01-23,0.0005713135206704856,1.021883898414692,0.001904378402234952
2007-01-24,0.003405744198449434,1.0253641735732069,0.011352480661498113
2007-01-25,-0.0020457574884867047,1.0232665271366934,-0.006819191628289016
2007-01-26,-0.000975394031443666,1.0222684390735481,-0.0032513134381455533
2007-01-29,-0.0010775609522275353,1.021166882520908,-0.003078745577792958
2007-01-30,-0.0017069466132781375,1.019423805169197,-0.004876990323651821
2007-01-31,2.970979712223496e-05,1.0194540920436301,6.602177138274435e-05
2007-02-01,5.9011187600899186e-05,1.0195142512403061,0.00011802237520179837
2007-02-02,0.0008807961183966539,1.0204122354354488,0.0017615922367933078
2007-02-05,-0.004169863459512035,1.0161572557412675,-0.00833972691902407
2007-02-06,0.00399533057814293,1.0202171398973323,0.00799066115628586
2007-02-07,0.0006249509876576576,1.0208547256065366,0.0011362745230139228
2007-02-08,-0.0031716642172902156,1.0176169172022786,-0.005766662213254937
2007-02-09,-0.0002926647479555011,1.0173190966036905,-0.0005321177235554566
2007-02-12,0.00037995831317141904,1.017705635451593,0.0006908332966753073
2007-02-13,-0.0003138915079591742,1.0173861862950226,-0.000570711832653044
2007-02-14,0.0028555723751941377,1.0202914061835109,0.00519194977308025
2007-02-15,-0.000703671420262153,1.0195734562806404,-0.0011727857004369218
2007-02-16,-0.0028736272876144554,1.016643582174945,-0.004789378812690759
2007-02-20,0.00011858842271365577,1.0167641443338173,0.0001976473711894263
2007-02-21,0.001863195428732012,1.0186585746396388,0.0028664545057415568
2007-02-22,0.00046388090470421693,1.0191311109008274,0.00071366293031418
2007-02-23,-0.0029476730533007202,1.0161270455874447,-0.004534881620462646
2007-02-26,0.001107459282711587,1.0172523649164948,0.0018457654711859783
2007-02-27,-0.004036690159641909,1.013146032305164,-0.006727816932736515
2007-02-28,0.0033268521678630923,1.0165166193791002,0.005544753613105154
2007-03-01,-0.0019161091075515335,1.0145688626267304,-0.003193515179252556
2007-03-02,0.0006064396214668588,1.0151841373837338,0.0010107327024447648
2007-03-05,0.0009240309515492539,1.016122198948198,0.0015400515859154233
2007-03-06,0.000591694332285958,1.0167234326942256,0.0009861572204765967
2007-03-07,-0.0015078928723481154,1.0151903226769168,-0.0025131547872468594
2007-03-08,0.0027777337862087636,1.0180102511356486,0.004629556310347939
2007-03-09,0.0030816211110929357,1.0211473730168572,0.005136035185154893
2007-03-12,-0.0032085481426315844,1.0178709725098107,-0.005347580237719307
2007-03-13,-0.0049338096628734895,1.0128489908700833,-0.00822301610478915
2007-03-14,0.002415438303243278,1.0152954651180321,0.004025730505405463
2007-03-15,-0.0008410559407067252,1.014441544835522,-0.0014017599011778754
2007-03-16,0.0002793820525634094,1.0147249615965237,0.0004298185424052453
2007-03-19,0.0006248399222825496,1.015359002262666,0.0009612921881269993
2007-03-20,-0.0022716665043020614,1.0130524452273844,-0.003494871545080094
2007-03-21,0.002629911907451038,1.0157166839159604,0.00375701701064434
2007-03-22,-0.0028270509994784477,1.0128452010495088,-0.004038644284969211
2007-03-23,-0.0003460453057080148,1.0124947107222768,-0.0004613937409440197
2007-03-26,-0.0037232628030708704,1.0087249268275384,-0.004964350404094494
2007-03-27,0.0016670309502865854,1.0104065025008855,0.0022227079337154474
2007-03-28,-0.0015314082675404461,1.008859157629379,-0.002041877690053928
2007-03-29,0.0015892054760263564,1.0104624421272228,0.002270293537180509
2007-03-30,0.001099566121087764,1.0115735123952174,0.0015708087444110913
2007-04-02,-0.007033332061824676,1.0044587799775955,-0.01004761723117811
2007-04-03,0.0029290253820913603,1.0074008652394142,0.0039053671761218136
2007-04-04,0.002687289733029874,1.0101080432416174,0.0038389853328998197
2007-04-05,-0.0011152687160330354,1.0089815013411767,-0.001487024954710714
2007-04-09,-0.0014728642285273374,1.0074954085806054,-0.001963818971369783
2007-04-10,-0.001053430990765436,1.0064340816941526,-0.0014045746543539146
2007-04-11,0.003668302477214308,1.0101259863291843,0.004891069969619077
2007-04-12,0.002036211107497693,1.0121828160825197,0.0027149481433302574
2007-04-13,0.0040404838640247685,1.0162725244183441,0.005387311818699692
2007-04-16,0.0036494886065864983,1.0199813994173959,0.004865984808781998
2007-04-17,-0.0010687600386372121,1.0188912840575453,-0.001425013384849616
2007-04-18,0.0013096798641189956,1.0202257054560018,0.0015407998401399947
2007-04-19,0.003143080412271354,1.0234323568869164,0.0036977416614957107
2007-04-20,-0.0017974781459590195,1.0215927595915448,-0.0021146801717164933
2007-04-23,-0.0016959950294642868,1.019860143349141,-0.0021199937868303584
2007-04-24,-0.0032279744353815197,1.0165680608787455,-0.0040349680442269
2007-04-25,0.0015303603242128928,1.0181237763059765,0.0019129504052661159
2007-04-26,0.0036811630241059433,1.0218716559052772,0.0043307800283599335
2007-04-27,-0.00011012520521518909,1.021759122079467,-0.000129559064959046
2007-04-30,0.003307078519138523,1.0251381597238298,0.0038906806107512036
2007-05-01,-0.003269120310951329,1.0217868597443454,-0.0036323559010570322
2007-05-02,-0.0008031182607004028,1.0209662440587408,-0.0008923536230004476
2007-05-03,0.0006931552852206257,1.021673932206842,0.0007701725391340286
2007-05-04,0.0007560035845684155,1.0224463213618504,0.000840003982853795
2007-05-07,-0.0029592947847997264,1.0194206012953066,-0.0034815232762349722
2007-05-08,-0.0006628281490815236,1.0187449006250147,-0.0007797978224488513
2007-05-09,0.002012174052058513,1.0207947926797192,0.002367263590657074
2007-05-10,-0.005841542573775527,1.014831776439192,-0.006872403027971208
2007-05-11,-0.0019013538416732477,1.0129022221424073,-0.002236886872556762
2007-05-14,-0.00417472863634571,1.0086736302298112,-0.004911445454524364
2007-05-15,0.0005375263555660092,1.009215818890224,0.0006323839477247168
2007-05-16,0.004623259762128062,1.0138816857770023,0.0054391291319153675
2007-05-17,-0.0008400518823012515,1.0130299725584346,-0.0009882963321191194
2007-05-18,-0.00099376478300241,1.0120232590475802,-0.0011691350388263646
2007-05-21,0.0034450734700284535,1.0155097535283768,0.0040530276117981805
2007-05-22,0.0015262007807825607,1.017059625307104,0.0017955303303324242
2007-05-23,0.007802675904403239,1.0249954119388291,0.009179618711062635
2007-05-24,0.005237436628039227,1.0303637604528897,0.006161690150634384
2007-05-25,-0.0017458895852555001,1.0285648590944902,-0.002182361981569375
2007-05-29,-0.0016592840961503707,1.0268581777819357,-0.001952098936647495
2007-05-30,-0.0035788923417748087,1.0231831629133832,-0.004210461578558598
2007-05-31,0.0024410375892779056,1.025680791474771,0.002871808928562242
2007-06-01,0.0031806695651070693,1.0289431431517297,0.003741964194243611
2007-06-04,0.0006049056046987411,1.0295655566259387,0.0007116536525867542
2007-06-05,0.0009140927700805213,1.0305066750575744,0.0010754032589182603
2007-06-06,0.00022602313910076167,1.0307395934111352,0.00026590957541266076
2007-06-07,0.001315009833437658,1.0320950261121842,0.0015470703922795977
2007-06-08,-0.0002613151081132692,1.0318253240888526,-0.0003266438851415865
2007-06-11,0.0012147166094096718,1.0330786994480328,0.0015183957617620897
2007-06-12,0.00017960989473441157,1.033264250604493,0.00022451236841801447
2007-06-13,0.0012465239652563963,1.0345522392553141,0.0015581549565704955
2007-06-14,0.0003822916590317749,1.034947739947214,0.0004778645737897186
2007-06-15,-0.001760200033763093,1.033126024900416,-0.0022002500422038662
2007-06-18,0.00042566448642509803,1.0335657899592177,0.0005320806080313725
2007-06-19,0.0016829400109598547,1.0353052191810994,0.0019799294246586525
2007-06-20,-0.001993857994309206,1.0332409675932852,-0.0023457152874225952
2007-06-21,-0.004158542890281702,1.0289441907135524,-0.0046206032114241135
2007-06-22,-0.002408644929345233,1.026465829506011,-0.0026762721437169255
2007-06-25,0.001392319029480954,1.027894997413544,0.0015470211438677267
2007-06-26,0.0007773634682316955,1.0286940454337115,0.000863737186924106
2007-06-27,-0.0028784630044017324,1.0257329876810821,-0.003198292227113036
2007-06-28,-0.0011290763747713983,1.0245748567978676,-0.0012545293053015537
2007-06-29,0.0005714024468968682,1.0251603013780708,0.0006014762598914402
2007-07-02,-0.00019751631326514474,1.0249578154948369,-0.00020791190870015236
2007-07-03,-0.0008866672029805622,1.024049019015399,-0.0009333338978742761
2007-07-05,-0.0038639707605434837,1.0200921235485603,-0.004067337642677351
2007-07-06,0.0,1.0200921235485603,0.0
2007-07-09,-0.0002,1.0198881051238506,-0.001
2007-07-10,0.0001934265689717607,1.02008537858076,0.0009671328448588035
2007-07-11,-0.0005023805399155812,1.0195729075375086,-0.0020095221596623247
2007-07-12,0.003217348540172582,1.022853228943174,0.012869394160690328
2007-07-13,-0.0037290797731209134,1.0190389276562506,-0.014916319092483653
2007-07-16,-0.002229463263763881,1.0167670178026957,-0.008917853055055524
2007-07-17,0.004112379809409705,1.0209483499575813,0.01644951923763882
2007-07-18,-9.171807407032384e-05,1.020854710541198,-0.0002620516402009253
2007-07-19,-0.00046563811808534303,1.020379361674943,-0.0011640952952133576
2007-07-20,0.0006322832590162975,1.0210245304631758,0.0014050739089251057
2007-07-23,-0.004817909182298552,1.016105327002505,-0.010706464849552337
2007-07-24,-0.00720645673312092,1.008782807927168,-0.016014348295824266
2007-07-25,-0.001834851976736207,1.0069318407979453,-0.0030580866278936782
2007-07-26,-0.003943222233717375,1.002961284775473,-0.006066495744180577
2007-07-27,-0.0025691397485940793,1.0003845370724553,-0.003952522690144737
2007-07-30,0.0060229472074879,1.0064098003264301,0.008604210296411285
2007-07-31,-0.0021132370107442232,1.0042830178884046,-0.0030189100153488906
2007-08-01,-5.004610480837668e-05,1.004232757435234,-7.149443544053811e-05
2007-08-02,0.004774066908796004,1.0090270318112347,0.006820095583994291
2007-08-03,-0.013241812357894001,0.9956656851919475,-0.018916874796991428
2007-08-06,0.01428630888084556,1.0098900727126585,0.019048411841127415
2007-08-07,-0.003077571975622517,1.0067820633264186,-0.004103429300830023
2007-08-08,0.0030595536560054483,1.0098623670690696,0.0040794048746739305
2007-08-09,-0.010910796014937269,0.9988439647788173,-0.015586851449910384
2007-08-10,0.0040063014399713045,1.0028456347932173,0.0053417352532950735
2007-08-13,-0.0026022752868796626,1.0002359543812398,-0.0034697003825062173
2007-08-14,-0.005804657204564667,0.9944299275423761,-0.008292367435092382
2007-08-15,0.004652075573881487,0.9990560907182328,0.007157039344433056
2007-08-16,0.017912772028007118,1.0169519547144605,0.027558110812318643
2007-08-17,0.003792681419083449,1.0208089294972067,0.0054181163129763555
2007-08-20,0.0022107962250896675,1.023065730025077,0.0026009367353996087
2007-08-21,0.004060739076583608,1.0272201330129034,0.0047773400900983625
2007-08-22,0.0027824137058301834,1.030078284389903,0.0034780171322877293
2007-08-23,-0.0022411186000389272,1.0277697567872606,-0.0029881581333852363
2007-08-24,0.0005227163395412626,1.0283069888324194,0.0006969551193883502
2007-08-27,0.005191988304960265,1.0336459466923462,0.006922651073280354
2007-08-28,-0.0023544505981920706,1.0312122783748376,-0.003139267464256094
2007-08-29,0.0015231820119846807,1.032783002367796,0.002175974302835258
2007-08-30,0.0014574094744868593,1.0342881901005356,0.0020820135349812275
2007-08-31,0.0005864314420108207,1.034894729215311,0.000781908589347761
2007-09-04,0.0004607971184254267,1.0353716057244071,0.0006143961579005689
2007-09-05,-0.004297453601431444,1.030922144288567,-0.0057299381352419266
2007-09-06,-0.007648410710764569,1.0230372283182259,-0.010197880947686092
2007-09-07,0.0010267166816147477,1.024087597706453,0.0012833958520184346
2007-09-10,-0.0054667511345032945,1.0184891656698605,-0.006833438918129119
2007-09-11,0.0006813476442150579,1.0191831108635483,0.0009084635256200772
2007-09-12,-0.0030711589125637594,1.0160530375690853,-0.004094878550085013
2007-09-13,0.0046293942151162,1.0207567476234587,0.006172525620154934
2007-09-14,-0.0017409954563322838,1.0189796147638257,-0.0023213272751097117
2007-09-17,-0.0029804823088971978,1.0159425640488953,-0.003973976411862931
2007-09-18,0.008465821968775055,1.024543352926634,0.011287762625033409
2007-09-19,-0.0019239263121693328,1.0225722070119803,-0.0025652350828924437
2007-09-20,-0.006151878581543507,1.0162814669535816,-0.008202504775391342
2007-09-21,-0.0021987375713713175,1.0140469307091022,-0.0029316500951617566
2007-09-24,-0.005138235122487678,1.008836519153882,-0.006850980163316904
2007-09-25,-0.006949409938450113,1.0018257006214024,-0.009927728483500162
2007-09-26,-0.004307503360489029,0.9975103330493514,-0.0057433378139853716
2007-09-27,0.002689635956336389,1.0001932727079381,0.0035861812751151858
2007-09-28,-0.004780979815761627,0.9954113688592608,-0.006374639754348836
2007-10-01,0.006400060413997777,1.0017820617567403,0.00853341388533037
2007-10-02,0.004142147019503012,1.0059315903380377,0.005522862692670683
2007-10-03,0.006993675718061915,1.0129667496754162,0.009324900957415887
2007-10-04,-0.0036017076540061253,1.0093183395798566,-0.005145296648580179
2007-10-05,0.0051756786994987146,1.0145422470110335,0.007393826713569592
2007-10-08,-0.0029391813242898635,1.0115603233859156,-0.004198830463271234
2007-10-09,-0.0017536178295853634,1.009786433167125,-0.0025051683279790904
2007-10-10,-0.004621786641200753,1.0051194157198473,-0.006602552344572505
2007-10-11,0.004898484315031465,1.0100429774124846,0.006997834735759235
2007-10-12,0.0017735633803738049,1.011834352649827,0.0025336619719625786
2007-10-15,-0.005952198925783331,1.005811713302914,-0.008503141322547616
2007-10-16,-0.009799217200707177,0.9959555458612434,-0.013998881715295968
2007-10-17,-0.005435933906975443,0.9905415973396561,-0.007765619867107776
2007-10-18,-0.00797228701876444,0.982644715421639,-0.011388981455377771
2007-10-19,-0.005954704258315857,0.9767933567503062,-0.007005534421548067
2007-10-22,0.0010142677792347899,0.9777840867790287,0.0011932562108644587
2007-10-23,0.00027263602109678375,0.9780506659419399,0.0003207482601138632
2007-10-24,-0.003302179853968501,0.9748209667367059,-0.00388491747525706
2007-10-25,-0.0036246667728787154,0.9712875655690698,-0.004530833466098394
2007-10-26,0.010250951903137706,0.9812441876878341,0.013667935870850275
2007-10-29,-0.00250419368195276,0.9787869621925733,-0.0033389249092703466
2007-10-30,-0.0005759815943848945,0.9782231989175265,-0.0007679754591798593
2007-10-31,-0.0046595498041889175,0.9736651192025573,-0.006212733072251889
2007-11-01,-0.024935596061910415,0.9493861990905504,-0.03324746141588055
2007-11-02,-0.011146084243722737,0.9388042605356595,-0.014861445658296982
2007-11-05,-0.014935688661925805,0.9247825723858093,-0.01991425154923441
2007-11-06,0.0003238983590252986,0.9250821079434602,0.0004048729487816233
2007-11-07,-0.024474621456513364,0.9024410735353506,-0.028793672301780426
2007-11-08,0.0003790945504475174,0.9027831840284279,0.00042121616716390823
2007-11-09,0.002441841735584066,0.904987637685372,0.0027131574839822955
2007-11-12,0.00644816857153997,0.9108231505283272,0.007164631746155521
2007-11-13,0.023839044259884073,0.9325363039266991,0.02509373079987797
2007-11-14,-0.003396439375538807,0.929369000904923,-0.003575199342672428
2007-11-15,-0.018604598082905592,0.9120784641723754,-0.0195837874556901
2007-11-16,-0.011511652155990986,0.9015789341538525,-0.01211752858525367
2007-11-19,-0.017162306020467987,0.8861057605842967,-0.018065585284703145
2007-11-20,-0.01131491433584575,0.876079549810786,-0.011910436142995525
2007-11-21,-0.008078925979397994,0.8690017679758003,-0.008504132609892625
2007-11-23,0.012355045869871939,0.8797383246801412,0.013005311441970462
2007-11-26,-0.015257930807298637,0.8663153381936428,-0.01606097979715646
2007-11-27,0.00096608755193347,0.8671522746579208,0.0010169342651931263
2007-11-28,0.024139703281653362,0.8880850732681737,0.02541021398068775
2007-11-29,-0.003475221069486939,0.8849987813100553,-0.004088495375866987
2007-11-30,0.02167942151942892,0.9041850429342568,0.0240882461326988
2007-12-03,-0.0027406539598694934,0.9017069846158844,-0.0030451710665216594
2007-12-04,-0.00816821938772842,0.8943416441420948,-0.009075799319698244
2007-12-05,0.008932188000265028,0.9023300718440381,0.00992465333362781
2007-12-06,0.00893761832368476,0.9103947536281631,0.0099306870263164
2007-12-07,-0.009386355526781237,0.9018494648008928,-0.010429283918645818
2007-12-10,0.015285566141330986,0.9156347444446308,0.016983962379256652
2007-12-11,-0.025059041743071164,0.8926898151621865,-0.027843379714523515
2007-12-12,-0.016668827549970334,0.8778097225776331,-0.018520919499967037
2007-12-13,-0.01062004900399855,0.8684873403076723,-0.011800054448887277
2007-12-14,-0.00877323395269337,0.8608678976862006,-0.009748037725214856
2007-12-17,0.005224365522221763,0.8653653862500599,0.005804850580246403
2007-12-18,-0.0027530898676377757,0.8629829575733704,-0.003058988741819751
2007-12-19,0.0019429774346209627,0.8646597139863978,0.0021588638162455143
2007-12-20,-0.005929742363662033,0.8595325046502208,-0.006588602626291147
2007-12-21,0.004894833830932643,0.863739773432769,0.005438704256591826
2007-12-24,0.00957446127281485,0.8720096164432909,0.01063829030312761
2007-12-26,-0.0053320088336013425,0.86736005346543,-0.005612640877475097
2007-12-27,-0.011383586056542083,0.8574863856547993,-0.01198272216478114
2007-12-28,-0.004757621195956579,0.8534067902511638,-0.005008022311533242
2007-12-31,0.01124916192024562,0.8630069014185363,0.011841223073942758
2008-01-02,-0.0062996013570164764,0.8575703019712455,-0.0066311593231752385
2008-01-03,-0.012172719874934013,0.847131338912287,-0.012813389342035802
2008-01-04,0.0,0.847131338912287,0.0
2008-01-07,-0.00015000000000000001,0.8470042692114501,-0.001
2008-01-08,-0.002667927632273065,0.8447445231169676,-0.01067171052909226
2008-01-09,-0.0009121724744687365,0.8439739704150221,-0.0030405749148957883
2008-01-10,0.0030539927529347087,0.8465514608043351,0.008725693579813454
2008-01-11,-0.005903735328797693,0.8415536450375392,-0.014759338321994234
2008-01-14,0.0019948783733232446,0.8432324422040158,0.004987195933308111
2008-01-15,-0.008652216196615275,0.8359366128100668,-0.02163054049153819
2008-01-16,0.006196526049242835,0.8411165158068603,0.015491315123107086
2008-01-17,-0.0037598499908807147,0.8379540438825742,-0.009399624977201787
2008-01-18,0.002192800239072962,0.8397915097103321,0.004872889420162137
2008-01-22,0.01185750112235931,0.8497493384792703,0.019762501870598848
2008-01-23,0.009626923160195722,0.8579298100662374,0.016044871933659537
2008-01-24,0.006116174693486687,0.8631770586593525,0.008737392419266696
2008-01-25,0.00438889601787229,0.8669654530148213,0.005851861357163053
2008-01-28,0.0040332704227431185,0.870462159134006,0.005377693896990824
2008-01-29,-0.0011262441324675298,0.8694818062347464,-0.0016089201892393284
2008-01-30,-0.002567205143661139,0.8672496680694607,-0.0039495463748632905
2008-01-31,-0.0040062865725778215,0.8637752173692014,-0.005723266532254031
2008-02-01,0.0035787406357455755,0.8668664448397504,0.0047716541809941
2008-02-04,0.012440273945590562,0.8776505008877972,0.016587031927454084
2008-02-05,-0.004840078056693386,0.8734026039570042,-0.006453437408924515
2008-02-06,-0.00029874808680381836,0.8731416766000626,-0.00039833078240509114
2008-02-07,-0.0003071393947389256,0.8728735003939904,-0.00040951919298523414
2008-02-08,-0.0003695084194556164,0.8725509662864751,-0.0004618855243195205
2008-02-11,-0.00403155918560486,0.8690332254234345,-0.005375412247473147
2008-02-12,0.000553385882134555,0.8695141361414896,0.0007378478428460733
2008-02-13,0.004027071530701048,0.8730157317646873,0.005369428707601398
2008-02-14,0.0035418732952471276,0.8761078428713551,0.00472249772699617
2008-02-15,0.0006699680456597801,0.876694807130631,0.0008932907275463734
2008-02-19,-0.0032339901593716413,0.8738595847515983,-0.004311986879162189
2008-02-20,-0.0048635758548381865,0.8696095023746815,-0.006947965506911695
2008-02-21,-0.001055334017827625,0.8686917738845993,-0.0015076200254680355
2008-02-22,-0.004841949143898949,0.8644856124937267,-0.006917070205569927
2008-02-25,-0.0018848631997445242,0.8628561753760287,-0.0026926617139207487
2008-02-26,-0.0010937962638810639,0.8619123865151357,-0.0015625660912586628
2008-02-27,-0.0034293704776673928,0.8589565696224849,-0.0048991006823819894
2008-02-28,-0.006003016314856835,0.8538002393212877,-0.008575737592652621
2008-02-29,0.00487990467291341,0.8579667030988861,0.0069712923898763
2008-03-03,-0.002111241052440915,0.8561553285736764,-0.0032480631576014083
2008-03-04,0.002293977274581188,0.8581193294409359,0.003529195807047982
2008-03-05,-0.0012368814038636045,0.8570579376000546,-0.0017669734340908635
2008-03-06,-0.00293667703541457,0.8545410352366847,-0.0041952529077351
2008-03-07,0.0021566193283845624,0.8563839549501739,0.0033178758898224038
2008-03-10,-0.008711012344010477,0.8489239837473904,-0.012444303348586396
2008-03-11,-0.004068676540832256,0.8454699866497676,-0.005812395058331794
2008-03-12,-0.0026536251075381712,0.8432264262655238,-0.003538166810050895
2008-03-13,-0.004080999049386519,0.8397852200215166,-0.005441332065848692
2008-03-14,-0.00474641770340527,0.8357992485861484,-0.006328556937873694
2008-03-17,0.003985469966186017,0.8391303013891495,0.00531395995491469
2008-03-18,0.002478842790060054,0.8412103734866688,0.003541203985800077
2008-03-19,-0.0008663681836197368,0.8404815755833491,-0.001082960229524671
2008-03-20,-0.005374338827561398,0.8359645428178415,-0.006717923534451747
2008-03-24,0.011219024186960575,0.8453432492431563,0.013198851984659499
2008-03-25,0.0006430347692566007,0.845886834344376,0.0007565114932430598
2008-03-26,-0.0017178095659761915,0.8444337618486059,-0.0020209524305602254
2008-03-27,0.004989961068432774,0.8486474534451006,0.005870542433450323
2008-03-28,0.0011030094069279738,0.849583519569416,0.0012976581257976164
2008-03-31,0.00013515097009095256,0.849698341606259,0.0001590011412834736
2008-04-01,0.0017169389485438668,0.851157221783476,0.0021461736856798336
2008-04-02,0.002088221715322469,0.8529346267771577,0.0026102771441530864
2008-04-03,-0.0045300137822753385,0.8490708211624773,-0.005662517227844173
2008-04-04,0.002915668298309787,0.8515464300387606,0.0036445853728872338
2008-04-07,0.002021982420444829,0.8532682419504916,0.002527478025556036
2008-04-08,-0.0004667477222508487,0.8528699809420922,-0.0005834346528135609
2008-04-09,-0.006104284762604856,0.8476638197129444,-0.00763035595325607
2008-04-10,0.0006705348147727552,0.8482322078152852,0.000838168518465944
2008-04-11,0.0022982875039723573,0.8501816892989739,0.0030643833386298095
2008-04-14,-0.0013915798065178785,0.8489985936282742,-0.0018554397420238382
2008-04-15,-0.002899367065018721,0.8465370350676612,-0.0038658227533582947
2008-04-16,-0.005486905492082772,0.841892166360697,-0.007315873989443696
2008-04-17,-0.0038547637334006733,0.8386468709703756,-0.005139684977867565
2008-04-18,0.005977959780970266,0.8436602682354731,0.007970613041293687
2008-04-21,0.0014561531907245962,0.8448887668269518,0.0019415375876327948
2008-04-22,-0.014432173680226684,0.8326951854036327,-0.019242898240302245
2008-04-23,0.002605305572433536,0.8348646108103034,0.0034737407632447147
2008-04-24,-0.0017990781841323634,0.8333626241022905,-0.002570111691617662
2008-04-25,0.00787742293849929,0.8399273739534817,0.011253461340713271
2008-04-28,0.0061359973764602395,0.8450811661164774,0.009439995963784984
2008-04-29,-0.0061249513114336905,0.8399050851198044,-0.009423002017590294
2008-04-30,0.010401315031465186,0.8486412025066652,0.016002023125331055
2008-05-01,0.0033542898487266214,0.8514877910774444,0.0055904830812110356
2008-05-02,0.005556811093344499,0.856219347880751,0.007938301561920713
2008-05-05,-0.004174612714836145,0.8526449637043994,-0.005963732449765923
2008-05-06,0.0005324252148490472,0.8530989333823896,0.000760607449784353
2008-05-07,7.912321995210415e-05,0.8531664333169366,0.00010549762660280551
2008-05-08,0.0012028266465762105,0.8541926446368947,0.001603768862101614
2008-05-09,-0.0038467056502101025,0.8509068169644021,-0.005128940866946804
2008-05-12,-0.0010781624328099926,0.8499894012005291,-0.0014375499104133235
2008-05-13,0.0019612092927237036,0.8516564083128803,0.0026149457236316048
2008-05-14,-0.0006579944969643592,0.851096023082906,-0.0008773259959524789
2008-05-15,-0.00360077231441458,0.8480314200860807,-0.004801029752552773
2008-05-16,0.002310210183308248,0.8499905509085289,0.003080280244410997
2008-05-19,0.0074235417233342645,0.8563004912276384,0.009898055631112353
2008-05-20,0.00010296059458211881,0.8563886564353562,0.00014708656368874116
2008-05-21,-6.591939901776645e-05,0.8563322038097984,-9.417057002538063e-05
2008-05-22,-1.2831273588398418e-05,0.8563212159770087,-1.9740420905228335e-05
2008-05-23,-0.0022077230382251236,0.8544306959003753,-0.0033964969818848054
2008-05-27,-0.0038289760609492795,0.8511591012200326,-0.00589073240146043
2008-05-28,-0.0044736463433379,0.8473513164192608,-0.006882532835904462
2008-05-29,0.0050961615828691575,0.8516695556451901,0.007840248589029474
2008-05-30,-0.0015327860068317823,0.8503641284678525,-0.0023581323182027417
2008-06-02,-0.0011839677712745355,0.8493573247458986,-0.0016913825303921937
2008-06-03,-0.0018751097668279816,0.8477646865307407,-0.0026787282383256878
2008-06-04,0.0008091460565598507,0.8484506519837377,0.0011559229379426439
2008-06-05,-0.005630951306823839,0.8436730676761743,-0.007507935075765119
2008-06-06,-0.0009920357612105135,0.8428361138222694,-0.0014171939445864479
2008-06-09,-0.0003871958302613332,0.8425097711934038,-0.0005531369003733332
2008-06-10,-0.0014236438863924228,0.8413103373084184,-0.002033776980560604
2008-06-11,0.0011174609633675613,0.8422504687684381,0.001596372804810802
2008-06-12,-0.003540940942173132,0.8392681096000114,-0.005058487060247331
2008-06-13,-0.0031147362649569634,0.8366540107830184,-0.004449623235652804
2008-06-16,-0.0073695838843248155,0.8304882188683961,-0.010527976977606879
2008-06-17,0.0007863715255874814,0.8311412911560502,0.0012098023470576637
2008-06-18,0.003294516070677439,0.8338794994967674,0.005068486262580676
2008-06-19,-0.0008344919100766624,0.8331836338004586,-0.0012838337078102497
2008-06-20,-0.0011447523145698356,0.8322298449072039,-0.0017611574070305165
2008-06-23,-0.0006511203547528488,0.831687963115352,-0.0010017236226966904
2008-06-24,0.00410684256208031,0.835103574640644,0.006318219326277399
2008-06-25,0.0008730405886596016,0.8358326539570401,0.001247200840942288
2008-06-26,-0.004747655364142405,0.8318644085739555,-0.006782364805917722
2008-06-27,0.002171219186088702,0.8336705685380756,0.0031017416944124315
2008-06-30,0.0054858159642687645,0.8382439318519028,0.007836879948955378
2008-07-01,-0.0024623742374775214,0.8361798615893888,-0.003517677482110745
2008-07-02,0.0015596779023346774,0.837484032841887,0.002228111289049539
2008-07-03,-0.0026006303810839513,0.8353060464224057,-0.0037151862586913592
2008-07-07,0.0,0.8353060464224057,0.0
2008-07-08,-0.0002,0.8351389852131212,-0.001
2008-07-09,-0.0029757724668068807,0.8326538016149669,-0.008502207048019659
2008-07-10,0.0002849935249440938,0.8328911025569472,0.0006333189443202084
2008-07-11,0.0033814252171749603,0.8357074615342939,0.007514278260388801
2008-07-14,0.00018682794080939757,0.8358635950384514,0.0004151732017986613
2008-07-15,-0.00443086339481602,0.8321599976321362,-0.00886172678963204
2008-07-16,0.006448850137710715,0.8375264727474635,0.01289770027542143
2008-07-17,-0.0015216436591045657,0.8362520559008751,-0.0030432873182091313
2008-07-18,0.00424483559966291,0.8398018083980545,0.00848967119932582
2008-07-21,-0.0009858491450329798,0.8389738905032481,-0.0021907758778510664
2008-07-22,0.001218406237170172,0.8399961015242601,0.002436812474340344
2008-07-23,0.002392903127885132,0.8420061308230088,0.004785806255770264
2008-07-24,-0.0020411995670977902,0.8402874282732792,-0.0037112719401778
2008-07-25,0.001304089537337283,0.8413832383168465,0.002371071886067787
2008-07-28,-0.0017530587461387914,0.8399082440720606,-0.002921764576897986
2008-07-29,-0.005013087507584696,0.8356977105461856,-0.008355145845974493
2008-07-30,0.003866312669941291,0.8389287791927111,0.005948173338371217
2008-07-31,-0.0030968480528204612,0.8363307442364131,-0.004764381619723786
2008-08-01,0.0009049222333505303,0.8370875585213072,0.0012927460476436145
2008-08-04,-0.005282336290931128,0.8326657805322432,-0.007546194701330182
2008-08-05,-0.006564154442489883,0.8272000337498531,-0.009377363489271262
2008-08-06,-0.0016565271676197701,0.8258297544208905,-0.0023664673823139575
2008-08-07,-0.0014141717047098212,0.824661889349281,-0.0020202452924426018
2008-08-08,-0.000498632399146648,0.82425068621291,-0.0007123319987809256
2008-08-11,0.0035763315228736214,0.8271984799247635,0.005109045032676602
2008-08-12,-0.005528213426125894,0.8226255501819725,-0.00789744775160842
2008-08-13,0.007984032566410153,0.8291934193645865,0.011405760809157364
2008-08-14,-0.003218025730366231,0.8265250536056209,-0.004597179614808901
2008-08-15,-0.0029826311916921143,0.8240598342000218,-0.0045886633718340225
2008-08-18,0.001232836816492372,0.8250757655026163,0.0018966720253728799
2008-08-19,0.0026265071474211865,0.8272428328978729,0.0040407802268018255
2008-08-20,0.00018952545710504976,0.8273996164739149,0.00029157762631546114
2008-08-21,0.0015540890223726845,0.8286854691349923,0.0022201271748181206
2008-08-22,-0.004513036897682654,0.8249455810362126,-0.006447195568118077
2008-08-25,0.000621107152609196,0.8254579606371076,0.0008872959322988515
2008-08-26,-9.175082284898495e-05,0.825382224189992,-0.0001310726040699785
2008-08-27,5.2121431004448214e-05,0.8254252442926424,7.445918714921174e-05
2008-08-28,-0.003204950391400918,0.8227797973328745,-0.004578500559144169
2008-08-29,0.00021580977924884337,0.8229573612593074,0.00030829968464120484
2008-09-02,-0.010605426320243388,0.8142295475997698,-0.015150609028919126
2008-09-03,-0.002813129655378904,0.8119390143131312,-0.004018756650541292
2008-09-04,0.004881408824628225,0.8159024205826593,0.0065085450995043
2008-09-05,-0.004397931592123544,0.8123141375510887,-0.005863908789498059
2008-09-08,-0.00025185216705239655,0.8121095544752192,-0.0003358028894031954
2008-09-09,0.001153950306610685,0.8130466885446073,0.001648500438015264
2008-09-10,0.0027537520762697886,0.8152856175512911,0.003442190095337236
2008-09-11,-0.0024982224719871326,0.8132488527004366,-0.003122778089983916
2008-09-12,0.004396075076172024,0.8168239557125184,0.005495093845215029
2008-09-15,-0.0069155957059963465,0.8111751314718381,-0.009220794274661796
2008-09-16,-0.0007530121866722971,0.8105643067123143,-0.0010040162488963963
2008-09-17,-0.0025279823400167155,0.8085152144594977,-0.0033706431200222877
2008-09-18,0.0072738607240882104,0.8143962415227824,0.0103912296058403
2008-09-19,0.005165253019662819,0.8186028041685101,0.0073789328852325985
2008-09-22,0.008108046987267558,0.8252400741686173,0.011582924267525083
2008-09-23,-0.007344160529591093,0.8191793785884713,-0.010491657899415847
2008-09-24,-0.004149342769022906,0.8157803225573926,-0.005927632527175581
2008-09-25,0.00325888827230546,0.8184388594833525,0.004655554674722086
2008-09-26,0.00041228099111194073,0.8187762862675049,0.0005889728444456296
2008-09-29,-0.002636221813512313,0.8166178103612599,-0.003766031162160447
2008-09-30,-0.00657041816985861,0.8112522898622322,-0.009386311671226586
2008-10-01,-0.003072786205839445,0.8087594850164879,-0.0043896945797706356
2008-10-02,-0.007509138630140183,0.8026863979250584,-0.010727340900200262
2008-10-03,0.004431053240748567,0.806243144089889,0.0063300760582122384
2008-10-06,0.0028232102607222307,0.8085193380069204,0.004033157515317473
2008-10-07,0.004000736596125859,0.8117540109111602,0.0057153379944655126
2008-10-08,-0.00011543208832801577,0.8116603084504721,-0.00015390945110402103
2008-10-09,-0.00947993095951532,0.8039658247637828,-0.013542758513593314
2008-10-10,-0.010224929093569918,0.7957453312119197,-0.01460704156224274
2008-10-13,0.013709944972141919,0.806654955914674,0.019585635674488455
2008-10-14,-0.025246211279472307,0.7862899744680186,-0.03366161503929641
2008-10-15,-0.005573207601781332,0.7819078172051089,-0.006966509502226666
2008-10-16,0.010731473296861943,0.7902988400660532,0.013414341621077429
2008-10-17,-0.009991114328467943,0.7824028740012977,-0.01332148577129059
2008-10-20,0.008335646489616544,0.7889247077714325,0.011114195319488726
2008-10-21,-0.009569007412850262,0.781375481394587,-0.011961259266062826
2008-10-22,0.011326612471805653,0.7902258186673141,0.014158265589757066
2008-10-23,-0.008338010754817781,0.7836369072925313,-0.010422513443522227
2008-10-24,-0.008323303028885787,0.7771144598485167,-0.00876137160935346
2008-10-27,0.010694233436231071,0.7854251032888073,0.011257087827611654
2008-10-28,0.00018155137761710627,0.7855676982983245,0.0001911067132811645
2008-10-29,0.0050985055423452,0.7895729195619858,0.005366847939310737
2008-10-30,0.00490019476049014,0.7934419806454484,0.005158099747884358
2008-10-31,-0.007081908654207919,0.7878228970161035,-0.007454640688639914
2008-11-03,0.004576831503854068,0.7914286296706244,0.005085368337615631
2008-11-04,0.005733911126912161,0.7959666110964496,0.006371012363235735
2008-11-05,-0.004754893052505915,0.7921818749873205,-0.00528321450278435
2008-11-06,-0.009645836385755174,0.784540618233432,-0.010717595984172415
2008-11-07,0.003745102754048224,0.7874788034634408,0.0041612252822758045
2008-11-10,-0.01010970050581696,0.7795176286057464,-0.011233000562018845
2008-11-11,-0.009666071461017074,0.7719827555025207,-0.01074007940113008
2008-11-12,0.0024426549878599824,0.7738684430307908,0.0027140610976222027
2008-11-13,0.0057424499592932275,0.7783123438399714,0.006380499954770253
2008-11-14,-0.009424687147860567,0.7709769934959616,-0.010471874608733963
2008-11-17,-0.01235005541652589,0.76145538490142,-0.013722283796139878
2008-11-18,0.0018770633157537743,0.7628846848710017,0.0020856259063930824
2008-11-19,-0.007032932174698003,0.7575193686251881,-0.007814369082997782
2008-11-20,0.005196262859876932,0.7614556383860126,0.005469750378817823
2008-11-21,0.014278267517742338,0.7723279056937814,0.01502975528183404
2008-11-24,-0.004062562180649443,0.7691902755530496,-0.004276381242788887
2008-11-25,-0.013495463507164874,0.7588096962592573,-0.014205751060173551
2008-11-26,0.005281161421664282,0.7628170927535265,0.005559117285962402
2008-11-28,0.009787727671362767,0.7702833387204586,0.010302871233013438
2008-12-01,-0.006057191004258283,0.765617585410431,-0.0063759905307981925
2008-12-02,-0.009401864597216352,0.7584193525391544,-0.009401864597216352
2008-12-03,-0.009456354499498398,0.751247470282264,-0.009456354499498398
2008-12-04,-0.01236481209187566,0.7419584364777269,-0.01236481209187566
2008-12-05,-0.004284526328976063,0.7387794960216322,-0.004284526328976063
2008-12-08,0.005813200449211214,0.7430741693197732,0.005813200449211214
2008-12-09,0.014477679634227868,0.7538321590876549,0.014477679634227868
2008-12-10,0.01539153273903735,0.7654347914439916,0.01539153273903735
2008-12-11,-0.00031163324193758115,0.7651962565184421,-0.00031163324193758115
2008-12-12,0.0009622267758436886,0.7659325488452396,0.0009622267758436886
2008-12-15,0.015566305086425435,0.7778552885761881,0.015566305086425435
2008-12-16,0.008009386821726827,0.7840854324737208,0.008009386821726827
2008-12-17,0.006607705797833624,0.7892664383318742,0.006607705797833624
2008-12-18,0.0009510639624577156,0.790017081198149,0.0009510639624577156
2008-12-19,-0.0003071582083573277,0.7897744209669164,-0.0003071582083573277
2008-12-22,-0.0032123810524260555,0.7872373645813115,-0.003381453739395848
2008-12-23,-0.0018862450972997324,0.7857524419619589,-0.00198552115505235
2008-12-24,-0.0013288424415336731,0.7847083007685411,-0.0013987815174038663
2008-12-26,4.5136529713663e-06,0.7847118426694946,4.75121365406979e-06
2008-12-29,-0.0038015375686571594,0.7817287311190163,-0.004001618493323326
2008-12-30,0.009907179493351181,0.789473457973322,0.010428609993001244
2008-12-31,-0.004047763151241429,0.7862778564012545,-0.004260803317096241
2009-01-02,0.009754115908663468,0.7939473017490077,0.010267490430172072
2009-01-05,0.0,0.7939473017490077,0.0
2009-01-06,-0.00025,0.7937488149235705,-0.001
2009-01-07,-0.001601007918564945,0.7924780167855263,-0.00640403167425978
2009-01-08,-0.0003019904798661876,0.7922386959689538,-0.0010066349328872921
2009-01-09,-0.00032315298658555094,0.7919826816682628,-0.0010771766219518364
2009-01-12,-0.004029269971131899,0.7887915696313603,-0.013430899903772997
2009-01-13,0.0026855392646028932,0.790909900363193,0.007672969327436837
2009-01-14,-0.0027437697064755574,0.7887398257380248,-0.007839342018501592
2009-01-15,-0.0019281185434519344,0.7872190418540602,-0.005508910124148384
2009-01-16,0.0009848459808963817,0.7879943313635153,0.0028138456597039474
2009-01-20,-0.0016696930621915794,0.7866786226953913,-0.004770551606261656
2009-01-21,-0.0004431101237651669,0.7863300374335254,-0.001266028925043334
2009-01-22,-0.0016610964546647788,0.785023867396148,-0.004745989870470797
2009-01-23,0.000620552156081211,0.7855110156496359,0.0017730061602320316
2009-01-26,0.0026905431633735544,0.7876244669425465,0.005978984807496788
2009-01-27,-0.003068801153112649,0.7852074040701734,-0.006819558118028109
2009-01-28,0.007974634578165395,0.791469146185703,0.01772141017370088
2009-01-29,-0.0031226254590629166,0.7889976844797607,-0.007806563647657291
2009-01-30,-0.004064759696118536,0.7857905984915565,-0.01016189924029634
2009-02-02,-0.003149642481010473,0.7833156390413689,-0.00899897851717278
2009-02-03,0.0008013683894931512,0.7839433634334924,0.0022896239699804317
2009-02-04,-0.003727113771210122,0.7810215173277906,-0.008282475047133605
2009-02-05,0.003735318584712627,0.7839388815165256,0.007470637169425254
2009-02-06,0.0017865517988645996,0.7853394289354989,0.0035731035977291993
2009-02-09,0.00019505931922658148,0.7854926167098688,0.00039011863845316296
2009-02-10,-0.00507411970461088,0.7815069331455948,-0.01014823940922176
2009-02-11,0.0015236001717232827,0.7826976372431385,0.0030472003434465654
2009-02-12,0.0011249480003958535,0.7835781313850697,0.002249896000791707
2009-02-13,0.003659721361332674,0.7864458090107729,0.007319442722665348
2009-02-17,0.0028786383940089533,0.7887097021113987,0.0057572767880179065
2009-02-18,-0.0019657981832081894,0.7871592580119094,-0.003574178514923981
2009-02-19,0.001209333503929455,0.7881111960755515,0.0021987881889626456
2009-02-20,0.005615196126712791,0.7925365950111739,0.009358660211187983
2009-02-23,-0.005962412585300498,0.787811164842768,-0.009937354308834162
2009-02-24,0.000994568880640645,0.788594697311142,0.0016576148010677416
2009-02-25,-0.001177934208953807,0.7876657846401796,-0.0018122064753135492
2009-02-26,0.005824799776505613,0.7922537801265127,0.00896123042539325
2009-02-27,-0.0014512871425828243,0.7911039924017524,-0.0022327494501274223
2009-03-02,-0.005673761349146928,0.7866154571465076,-0.008728863614072196
2009-03-03,0.015693886958196002,0.7989605112105346,0.022419838511708572
2009-03-04,0.0011526109773014937,0.7998814018661862,0.0015368146364019915
2009-03-05,-0.0018606985353770977,0.7983930637132584,-0.002480931380502797
2009-03-06,-0.00884468304019439,0.7913315301232249,-0.011792910720259186
2009-03-09,-0.0011650666974987345,0.7904095761107977,-0.001553422263331646
2009-03-10,0.011175859551955158,0.7992430825219323,0.015965513645650225
2009-03-11,0.0049520648516523215,0.8032009860988154,0.007074378359503316
2009-03-12,0.0060161103938020264,0.8080331318995966,0.008594443419717181
2009-03-13,-0.00029071647894052255,0.8077982233526234,-0.00041530925562931794
2009-03-16,-0.0008198040519616367,0.8071359870959516,-0.0012612370030179027
2009-03-17,-0.0022184083093276853,0.8053454299154205,-0.0034129358605041312
2009-03-18,0.0026121243290803675,0.8074490923062163,0.004018652813969796
2009-03-19,-0.005804684864780635,0.8027621047810256,-0.009674474774634392
2009-03-20,-0.008177118484608609,0.7961978239352774,-0.012580182284013244
2009-03-23,0.009762593324998004,0.8039707794966059,0.015019374346150775
2009-03-24,0.0039776222929033935,0.8071686715919745,0.006119418912159067
2009-03-25,0.0037112263248547826,0.8101642572145847,0.00570957896131505
2009-03-26,0.005923877844122671,0.8149635713079982,0.009113658221727187
2009-03-27,-0.0010233303016579764,0.8141295943907313,-0.0015743543102430407
2009-03-30,-0.009162844795449427,0.8066698512739469,-0.014096684300691425
2009-03-31,-0.003993091098664697,0.8034487450712636,-0.006143217074868765
2009-04-01,0.008464112067221885,0.8102492252898157,0.013021710872649054
2009-04-02,0.011151882253615936,0.8192850292463312,0.0171567419286399
2009-04-03,0.005337022954619857,0.8236575722537953,0.0076243185065997966
2009-04-06,-0.0008784882252490134,0.8229339987749331,-0.0013515203465369436
2009-04-07,-0.004555504063851701,0.8191851195992321,-0.007008467790541078
2009-04-08,-0.002702137327180898,0.8169715689096918,-0.004157134349509073
2009-04-09,0.014364681083160708,0.828707104951089,0.02209950935870878
2009-04-13,-0.00010179511785918805,0.8286227466136697,-0.00015660787362952006
2009-04-14,0.0005445778420792413,0.8290739962009184,0.0008378120647372944
2009-04-15,0.00015903075227591268,0.8292058444622266,0.0002446626958090964
2009-04-16,0.012476347827333506,0.8395513049981951,0.01919438127282078
2009-04-17,0.002004736237716004,0.8412343839227467,0.0030842095964861596
2009-04-20,-0.011367940829788103,0.8316712812223297,-0.017489139738135543
2009-04-21,0.006346335252628349,0.8369493459929495,0.009763592696351306
2009-04-22,-0.00198333379837326,0.8352893960675153,-0.0033055563306221003
2009-04-23,0.002499221960696724,0.8373769696697043,0.004165369934494539
2009-04-24,0.008581063923229987,0.8445625549742807,0.014301773205383311
2009-04-27,0.0020095348685199134,0.8462597328771477,0.0036536997609452966
2009-04-28,0.003303924409910708,0.849055711065725,0.006007135290746742
2009-04-29,0.0026085328104407833,0.851270500745932,0.004742786928074152
2009-04-30,0.00021069727008248828,0.8514498611165409,0.0003830859456045242
2009-05-01,-0.005272147553175194,0.846960891814604,-0.009585722823954897
2009-05-04,0.003122046247057897,0.8496051428882985,0.005676447721923449
2009-05-05,-6.832458554842936e-05,0.8495470939690308,-0.00012422651917896245
2009-05-06,0.00532009542982152,0.8540667655810736,0.009672900781493672
2009-05-07,-0.00626443106443737,0.848716523203664,-0.011389874662613401
2009-05-08,0.0003238069158927881,0.8489913434835098,0.0005887398470777965
2009-05-11,-0.009200396356236384,0.8411802866204479,-0.016727993374975245
2009-05-12,0.0004322490567602366,0.8415438860059049,0.0007859073759277029
2009-05-13,0.0017357812712302189,0.8430046221221522,0.003155965947691307
2009-05-14,0.0050952399161582505,0.847299932922295,0.009264072574833183
2009-05-15,0.0007598910791546843,0.8479437885826909,0.0013816201439176077
2009-05-18,0.004589816354140214,0.8518356948509194,0.008345120643891297
2009-05-19,0.007373821807073871,0.858116979473655,0.01638627068238638
2009-05-20,0.0046917594684348415,0.8621430579371252,0.010426132152077426
2009-05-21,-0.001436626592441681,0.8609044802936037,-0.0035915664811042025
2009-05-22,0.00013346215069514055,0.8610193784570868,0.0003336553767378514
2009-05-26,0.0011242610040943734,0.8619873889680557,0.0022485220081887467
2009-05-27,-0.003458912880431403,0.8590058496855847,-0.006917825760862806
2009-05-28,0.004358818132613634,0.8627500999592155,0.008717636265227268
2009-05-29,-0.00862050345150368,0.855312759744732,-0.01724100690300736
2009-06-01,-0.00024976455218050366,0.85509913293632,-0.0004995291043610073
2009-06-02,0.003887785100074487,0.8584235746044364,0.007068700181953613
2009-06-03,-0.0018304500057079397,0.8568522731674019,-0.0033280909194689815
2009-06-04,-0.0029821945897664072,0.854296972954133,-0.005422171981393467
2009-06-05,0.0031314577234033024,0.8569721678081703,0.005693559497096914
2009-06-08,-0.003715928729526452,0.8537877203094074,-0.006756234053684459
2009-06-09,0.0002517277867888079,0.8540026424026284,0.0004576868850705599
2009-06-10,0.0011701002979176533,0.8550019111489261,0.002127455087123006
2009-06-11,-0.002849835971797282,0.8525652959465784,-0.0051815199487223315
2009-06-12,0.00035167816571782804,0.8528651245460115,0.0006394148467596874
2009-06-15,-0.0018126548500799588,0.8513191744415392,-0.0030210914167999314
2009-06-16,-0.0014404052354866526,0.8500929298456035,-0.0024006753924777544
2009-06-17,-0.0021996370800647534,0.8482230339156142,-0.0036660618001079226
2009-06-18,-0.002309560988010784,0.8462640110873505,-0.003553170750785821
2009-06-19,-3.7883829345974894e-05,0.8462319513659728,-5.8282814378422915e-05
2009-06-22,-0.0009439673657460623,0.8454331360200318,-0.0014522574857631727
2009-06-23,0.0012433308981656898,0.8464842891603785,0.0019128167664087536
2009-06-24,0.0015162908745490033,0.8477678055634815,0.0023327551916138512
2009-06-25,0.004086540128775473,0.8512322427208007,0.006286984813500728
2009-06-26,-0.0008045378545893933,0.8505473941584848,-0.0012377505455221437
2009-06-29,0.00430636656952787,0.8542101630224879,0.006625179337735184
2009-06-30,0.0008850733360974472,0.8549662016612025,0.001361651286303765
2009-07-01,-0.0014250138352658371,0.8537478629951506,-0.0021923289773320568
2009-07-02,-0.002717929144401371,0.8514274367963457,-0.004181429452925186
2009-07-06,-0.0009235576916192867,0.8506410944382367,-0.001420857987106595
2009-07-07,0.0,0.8506410944382367,0.0
2009-07-08,-0.0001,0.8505560303287928,-0.001
2009-07-09,7.468852686359773e-05,0.850619557105713,0.0007468852686359773
2009-07-10,0.0009550173727596367,0.8514319135603582,0.0063667824850642445
2009-07-13,-0.0003045055959794762,0.8511726477780835,-0.0020300373065298416
2009-07-14,-0.0010158624082645229,0.8503079734822627,-0.006772416055096819
2009-07-15,0.0014252393967659372,0.8515198659054539,0.009501595978439581
2009-07-16,-0.0010821125812569888,0.8505984255453674,-0.007214083875046591
2009-07-17,0.00029505400671409054,0.8508493980189292,0.00196702671142727
2009-07-20,0.0007763123603135358,0.8515099229233766,0.005175415735423572
2009-07-21,-0.0004281775678639632,0.8511453254755672,-0.0028545171190930882
2009-07-22,0.0006403487111666939,0.8516903552877512,0.00426899140777796
2009-07-23,-0.00033519260607440816,0.8514048749779939,-0.0022346173738293875
2009-07-24,-8.321003503621855e-05,0.851334029548517,-0.0003328401401448742
2009-07-27,0.0008860605148047929,0.8520883630170096,0.0035442420592191716
2009-07-28,-0.0008073100009055367,0.8514004635598909,-0.002691033336351789
2009-07-29,0.0010685021084119507,0.8523101867503076,0.003561673694706502
2009-07-30,0.0007120912831483084,0.8529171094048309,0.0023736376104943613
2009-07-31,-0.0012488798090318277,0.8518519184481174,-0.004162932696772759
2009-08-03,0.0005571213257982488,0.852326503318307,0.001591775216566425
2009-08-04,-0.004174311531286723,0.8487686269670841,-0.011926604375104923
2009-08-05,-0.0004408993903392944,0.8483944053969151,-0.0012597125438265553
2009-08-06,-0.00318967369843724,0.8456883040761193,-0.009113353424106399
2009-08-07,7.924564794186129e-05,0.8457553211937328,0.00019811411985465321
2009-08-10,0.0021344273133981407,0.8475605244517405,0.0053360682834953516
2009-08-11,0.00041279793759254056,0.847910395688219,0.0010319948439813514
2009-08-12,-0.002592105225386343,0.8457125227208961,-0.0064802630634658576
2009-08-13,0.0015477494260458468,0.8470214737925372,0.003869373565114617
2009-08-14,0.0010457019280094792,0.8479072057807475,0.002614254820023698
2009-08-17,0.001341408302294772,0.8490445955461573,0.00335352075573693
2009-08-18,-0.00055058757106487,0.8485771221445698,-0.001376468927662175
2009-08-19,-0.00036409057542099446,0.8482681632118791,-0.0009102264385524861
2009-08-20,-3.744244155475252e-05,0.8482364019807553,-9.360610388688129e-05
2009-08-21,-0.0023497167541452037,0.8462432866955453,-0.005874291885363009
2009-08-24,0.0010907606601773256,0.8471663355816119,0.002726901650443314
2009-08-25,-0.0009811986365851344,0.8463350971281784,-0.002452996591462836
2009-08-26,0.0022867814327238445,0.8482704805141538,0.005716953581809611
2009-08-27,0.0012361633573728047,0.8493190813993063,0.003090408393432012
2009-08-28,0.0010146175342351238,0.8501808154314545,0.0025365438355878095
2009-08-31,0.001996762515388023,0.8518784246150101,0.004991906288470058
2009-09-01,0.00021170708409528615,0.852058773312289,0.0005292677102382154
2009-09-02,3.181298235254149e-05,0.8520858798430075,7.953245588135371e-05
2009-09-03,-0.0005244900231002936,0.8516389693002052,-0.001311225057750734
2009-09-04,-0.0008295749932519747,0.8509324709079948,-0.0020739374831299368
2009-09-08,0.0029776676412535895,0.8534662649915096,0.007444169103133974
2009-09-09,-0.0035248893102463818,0.8504578908773851,-0.008812223275615955
2009-09-10,0.004145118393510389,0.853983139523767,0.010362795983775971
2009-09-11,-0.0018262932392731801,0.8524235158896015,-0.00456573309818295
2009-09-14,-0.00015713528323952342,0.8522895700789921,-0.00039283820809880854
2009-09-15,-0.002237982492915386,0.8503821609422609,-0.005594956232288464
2009-09-16,0.00015866038983819442,0.8505170829074276,0.00039665097459548604
2009-09-17,0.00020700937082000493,0.8506931479136318,0.0004600208240444554
2009-09-18,0.0034428654813081715,0.853621969987769,0.006885730962616343
2009-09-21,0.0009116726951941212,0.8544001938298246,0.0020259393226536027
2009-09-22,-0.00026347543499293246,0.8541750803670972,-0.0005855009666509611
2009-09-23,-0.00027929586151599904,0.8539365128021406,-0.0006206574700355535
2009-09-24,0.002670982547046219,0.8562173623241205,0.00593551677121382
2009-09-25,0.0003731079827675898,0.8565368238569878,0.000829128850594644
2009-09-28,0.00024188129664138303,0.8567440040945634,0.0005375139925364067
2009-09-29,-0.0014287665044956765,0.8555199169585856,-0.003175036676657059
2009-09-30,0.0014060720483888677,0.8567228396006611,0.003124604551975262
2009-10-01,0.0012832259249308197,0.8578222085589171,0.002851613166512933
2009-10-02,0.002186898327996589,0.859698178512533,0.004859774062214643
2009-10-05,-0.0012612135954282843,0.8586139154818281,-0.0025224271908565687
2009-10-06,-0.0014293759173077624,0.8573866334287731,-0.0031763909273505833
2009-10-07,0.001789192781706872,0.8589206634044357,0.003975983959348605
2009-10-08,0.0020694164717971974,0.8606981279732518,0.0045987032706604385
2009-10-09,-0.00151061026814297,0.859397948543364,-0.003356911706984378
2009-10-12,-0.0003732639698163509,0.8590771662534387,-0.0008294754884807798
2009-10-13,0.001813603701646921,0.8606351917821563,0.004030230448104268
2009-10-14,-0.0027599974829347063,0.8582598408191126,-0.006133327739854903
2009-10-15,0.0009144760560516662,0.8590446988934124,0.0018289521121033325
2009-10-16,0.0012585741145377139,0.8601258703146705,0.0022883165718867522
2009-10-19,-0.0006188665451423326,0.8595935671889213,-0.0011252119002587864
2009-10-20,-0.0015929656047999619,0.858224264202282,-0.0028963010996362944
2009-10-21,0.005106265490279677,0.8626065851454987,0.009284119073235775
2009-10-22,0.0005277588107557741,0.8630618333710252,0.0009595614741014073
2009-10-23,0.00302565310342246,0.8656731590856097,0.005501187460768109
2009-10-26,-0.0006674892032725865,0.8650953315983573,-0.0012136167332228846
2009-10-27,-0.00024972814046670956,0.8648792929498708,-0.00045405116448492646
2009-10-28,0.00020181875175038222,0.8650538418091885,0.00040363750350076445
2009-10-29,-0.0023010719495496325,0.8630632906789513,-0.005113493221221405
2009-10-30,0.0024264906567179113,0.86515750568994,0.005392201459373136
2009-11-02,0.002151275606175501,0.8670186979274304,0.004780612458167781
2009-11-03,-0.00013628544253898033,0.8669005359004938,-0.00030285653897551185
2009-11-04,0.00040399718967544794,0.8672507612807256,0.0008977715326121066
2009-11-05,0.00029833656188406056,0.8675094938911375,0.0006629701375201345
2009-11-06,0.0017692149699344128,0.86904430467429,0.003931588822076473
2009-11-09,-0.004517369670133298,0.8651185102903522,-0.010038599266962885
2009-11-10,-0.0004885780632122195,0.8646958323641455,-0.0010857290293604877
2009-11-11,-0.0008088519688877471,0.8639964214376487,-0.0017974488197505492
2009-11-12,0.00039976405422613713,0.8643418161499195,0.0008883645649469715
2009-11-13,0.0011920765403731436,0.8653721777518154,0.0023841530807462872
2009-11-16,-0.0031508784490978823,0.8626454952064883,-0.006301756898195765
2009-11-17,-0.0009659334340340831,0.8618122370809495,-0.0019318668680681661
2009-11-18,-0.0033207190479155714,0.8589504007695481,-0.006641438095831143
2009-11-19,0.0013611412322870886,0.8601195535765251,0.0027222824645741772
2009-11-20,-0.002939741648986122,0.8575910243017688,-0.005879483297972244
2009-11-23,-0.0006381996973704896,0.8570437099695918,-0.0012763993947409792
2009-11-24,0.0028228576282284144,0.8594630223440045,0.005645715256456829
2009-11-25,-0.0027301417125124294,0.8571165664963412,-0.005460283425024859
2009-11-27,0.0026819842013723894,0.8594153395864188,0.005363968402744779
2009-11-30,-0.000574308642292165,0.8589217699295759,-0.00114861728458433
2009-12-01,-0.0041194501164611985,0.8553834845444085,-0.008238900232922397
2009-12-02,0.0010267585872298147,0.8562617568825391,0.0018668337949632992
2009-12-03,0.0011189954293757188,0.85721990987484,0.0020345371443194885
2009-12-04,0.0011011959513563484,0.8581638769690162,0.0020021744570115426
2009-12-07,0.005806570974785791,0.8631468664286343,0.0105574017723378
2009-12-08,0.0013922470097085583,0.8643485800723588,0.002320411682847597
2009-12-09,-0.0034794758627890885,0.861341100050961,-0.0053530397889062905
2009-12-10,-0.0013498665271075127,0.8601784045315802,-0.002076717734011558
2009-12-11,-0.0008877779500733263,0.8594147571109079,-0.0013658122308820404
2009-12-14,-0.000145513970840222,0.859289700257002,-0.00022386764744649539
2009-12-15,-0.002013834624046218,0.8575592329065381,-0.002876906605780311
2009-12-16,-0.0027368428454147276,0.8552122280554385,-0.003909775493449611
2009-12-17,0.001527174199232434,0.8565182861049928,0.0021816774274749057
2009-12-18,-0.0016648336992475643,0.8550923255982635,-0.002378333856067949
2009-12-21,-0.0019314030362991453,0.8534407976842869,-0.0027591471947130647
2009-12-22,0.0002446362543954028,0.8536495802443805,0.00037636346830061975
2009-12-23,-0.0012322870255934537,0.8525976389422422,-0.0017604100365620767
2009-12-24,0.0010224427292066407,0.8534693711991175,0.001460632470295201
2009-12-28,0.0006534763322670611,0.8540270932335109,0.000933537617524373
2009-12-29,0.000766017556830162,0.8546812929809364,0.00109431079547166
2009-12-30,0.0014323507062833085,0.8559054963345847,0.0020462152946904406
2009-12-31,0.0025090924704426697,0.8580530423708483,0.0035844178149181
2010-01-04,-0.004197943759443684,0.854450983956356,-0.005997062513490977
2010-01-05,0.0,0.854450983956356,0.0
2010-01-06,0.0,0.854450983956356,0.0
2010-01-07,0.0,0.854450983956356,0.0
2010-01-08,0.0,0.854450983956356,0.0
2010-01-11,-5e-05,0.8544082614071582,-0.001
2010-01-12,0.0006824447706858417,0.8549913478571863,0.006824447706858416
2010-01-13,-0.0003813089028423366,0.8546653320443952,-0.002542059352282244
2010-01-14,-0.0007715726813546264,0.8540058956224889,-0.0030862907254185054
2010-01-15,-0.0016341139060190135,0.85261035271263,-0.005447046353396712
2010-01-19,-0.0006732223931996461,0.85203635633051,-0.0022440746439988204
2010-01-20,-0.0009611331233710275,0.8512174359661244,-0.0027460946382029355
2010-01-21,0.004378207333177814,0.8549442423864001,0.012509163809079469
2010-01-22,0.00450835709817674,0.8587986363301082,0.012881020280504973
2010-01-25,0.0010712139167897206,0.859718593381065,0.003570713055965735
2010-01-26,0.0002628964364182418,0.8599446103355873,0.0008763214547274726
2010-01-27,-0.0009654265178972776,0.8591143970048465,-0.0032180883929909254
2010-01-28,0.0027162684618894707,0.861447982346586,0.007760767033969916
2010-01-29,-0.003889572748329906,0.8580973177503469,-0.011113064995228303
2010-02-01,0.003281692752343196,0.8609133294988133,0.009376265006694846
2010-02-02,-0.004971013800730983,0.8566337174566414,-0.014202896573517096
2010-02-03,0.001632759575518311,0.8580323943615306,0.0036283546122629134
2010-02-04,0.0012064829048290594,0.8590675957771173,0.002681073121842354
2010-02-05,0.0007670313888953839,0.8597265275882613,0.0015340627777907679
2010-02-08,-0.00010519023019509022,0.8596360927569194,-0.00021038046039018043
2010-02-09,-0.0008424929474181386,0.8589118554114257,-0.0016849858948362773
2010-02-10,0.0014951375329708915,0.8601960467639649,0.002990275065941783
2010-02-11,-0.0015398670715144835,0.8588714591965062,-0.003079734143028967
2010-02-12,-0.001427442719339822,0.8576454693852273,-0.002854885438679644
2010-02-16,0.00433463731140461,0.8613630514367817,0.00866927462280922
2010-02-17,-0.0032601975312055165,0.8585548377430159,-0.0072448834026789255
2010-02-18,-0.002839891989971988,0.8561166347363578,-0.00631087108882664
2010-02-19,-0.0005479842381482858,0.8556474963145058,-0.0012177427514406351
2010-02-22,0.0006377344118854211,0.8561931721673492,0.0014171875819676025
2010-02-23,0.0018430898249406635,0.8577712130911546,0.004095755166534808
2010-02-24,-0.0013781716390054376,0.856589057132517,-0.003062603642234306
2010-02-25,0.0015581706467820977,0.8579237690576957,0.0038954266169552443
2010-02-26,0.0006988206007809361,0.858523303861413,0.0017470515019523403
2010-03-01,0.0025096441153115824,0.8606778918188066,0.006274110288278956
2010-03-02,-0.002284405732976086,0.85871175430849,-0.005711014332440215
2010-03-03,0.0009660897812218405,0.8595413469593425,0.002146866180492979
2010-03-04,0.0007290715604454156,0.8601680141104374,0.0016201590232120349
2010-03-05,-0.0016233353666952055,0.858771672951832,-0.003246670733390411
2010-03-08,0.0018204229647021287,0.8603350006267091,0.0036408459294042573
2010-03-09,0.0006195058590056923,0.860867983200305,0.0012390117180113847
2010-03-10,-0.0012830103387886816,0.8597634806775268,-0.002566020677577363
2010-03-11,-0.0012570012966240495,0.8586827568675252,-0.002514002593248099
2010-03-12,-0.001656367335270814,0.8572604627976894,-0.003312734670541628
2010-03-15,-0.001159893980718496,0.8562661315469824,-0.002319787961436992
2010-03-16,0.0014711793731362111,0.8575258526176294,0.0029423587462724223
2010-03-17,0.0005797013194059564,0.8580229614858166,0.0011594026388119128
2010-03-18,0.0004682364173761555,0.8584247190833293,0.000936472834752311
2010-03-19,-6.777970955404444e-05,0.8583665353051958,-0.00013555941910808889
2010-03-22,-0.0030154197683814276,0.8557781998861195,-0.006030839536762855
2010-03-23,-0.0023421930272128854,0.8537738021535054,-0.003903655045354809
2010-03-24,0.000130432980572337,0.8538851624152548,0.00021738830095389497
2010-03-25,-0.001561556230282718,0.8525517727199393,-0.0024023942004349507
2010-03-26,0.0021559454048533876,0.8543898277967346,0.0033168390843898274
2010-03-29,0.0023008307052592492,0.8563556341467904,0.003539739546552691
2010-03-30,-0.004891182461204046,0.8521670424884984,-0.007524896094160072
2010-03-31,0.0035785322382004604,0.8552165497223755,0.005505434212616093
2010-04-01,-0.0011600072464275969,0.8542244923274327,-0.0017846265329655336
2010-04-05,0.0032370035030969803,0.8569896200015279,0.004980005389379969
2010-04-06,0.005482778209449385,0.8616883040157965,0.0084350433991529
2010-04-07,-0.0023144642389153315,0.8596939572510603,-0.0035607142137158944
2010-04-08,0.0002864688801167192,0.8599402328162372,0.00044072135402572186
2010-04-09,0.00462134521333446,0.8639143134949163,0.006601921733334943
2010-04-12,2.767071831796253e-05,0.8639382186245359,3.952959759708933e-05
2010-04-13,-0.0009034884859204617,0.863157660391462,-0.001290697837029231
2010-04-14,0.0006136716202978732,0.8636873557514869,0.0008766737432826759
2010-04-15,0.0016435847348099386,0.8651068991050485,0.0023479781925856264
2010-04-16,-0.0031021215793203215,0.8624232323249158,-0.004136162105760429
2010-04-19,0.0001136232530317749,0.8625212236580628,0.00015149767070903318
2010-04-20,0.0072102611949998565,0.8687402269668683,0.009613681593333142
2010-04-21,0.006560107078079086,0.8744392558788058,0.00874680943743878
2010-04-22,0.0027274260426404127,0.8768242242779968,0.0036365680568538838
2010-04-23,0.001829362818021696,0.8784282539118317,0.002439150424028928
2010-04-26,0.0013948476841496027,0.8796535275274922,0.0016409972754701208
2010-04-27,0.0008680863412369455,0.8804171427397597,0.0010851079265461819
2010-04-28,0.0008358296883131333,0.8811530215257614,0.0010447871103914166
2010-04-29,-0.004149439977460173,0.8774967299519825,-0.005186799971825216
2010-04-30,0.0010017747613152495,0.8783757840291851,0.0012522184516440618
2010-05-03,0.0006981223641223444,0.8789889978081193,0.0008726529551529305
2010-05-04,0.004439615399485991,0.8828913708987669,0.005549519249357489
2010-05-05,0.004764137115150935,0.8870975864475122,0.006352182820201247
2010-05-06,-0.005199428451734167,0.8824851860170724,-0.00693257126897889
2010-05-07,0.0015012067446050603,0.8838099787303352,0.002001608992806747
2010-05-10,-0.004128873781319836,0.8801608388814867,-0.005505165041759782
2010-05-11,0.00018299859481425983,0.8803219070782126,0.0002614265640203712
2010-05-12,-0.0012160085491565386,0.8792514281131957,-0.0017371550702236266
2010-05-13,-0.0012188292260441492,0.8781797707755703,-0.0017411846086344987
2010-05-14,0.0012545234981667097,0.8792814679336228,0.0017921764259524425
2010-05-17,-0.0010528397236747532,0.8783557254758912,-0.0015040567481067904
2010-05-18,-0.0009991051448017484,0.8774781557516023,-0.001332140193068998
2010-05-19,0.001865532370456302,0.8791151196555252,0.0023319154630703776
2010-05-20,-0.001072569524079131,0.8781722075700256,-0.0013407119050989139
2010-05-21,0.002835045764824218,0.8806618659678833,0.003543807206030272
2010-05-24,-0.0015942449815427085,0.879257875207628,-0.0019928062269283855
2010-05-25,-0.002944994896114067,0.8766684652527734,-0.003681243620142584
2010-05-26,0.0034684428768702647,0.8797091397464563,0.004335553596087831
2010-05-27,-0.0023006622507432462,0.8776852261370078,-0.0028758278134290577
2010-05-28,-0.0018664021569056,0.8760471125378616,-0.002333002696132
2010-06-01,0.0024361130292489875,0.878181262322951,0.0030451412865612343
2010-06-02,-0.0016458077530872028,0.876735944792804,-0.002194410337449604
2010-06-03,-0.00011445172809546045,0.8766356008488391,-0.0001526023041272806
2010-06-04,-0.0002019512103651977,0.8764585632281985,-0.00026926828048693026
2010-06-07,0.0009258561486038986,0.8772700377779599,0.001234474864805198
2010-06-08,-0.0012362385208032956,0.8761855227641121,-0.0016483180277377274
2010-06-09,0.0009501499726278173,0.8770180304145834,0.0011876874657847716
2010-06-10,-0.002139330230752451,0.8751417992292025,-0.0026741627884405636
2010-06-11,0.0010461313629807011,0.8760573125124315,0.0013076642037258765
2010-06-14,-0.001680277167912736,0.8745852934124339,-0.00210034645989092
2010-06-15,-8.462117944075808e-05,0.8745112849733837,-0.00010577647430094761
2010-06-16,-0.001149780199645023,0.8735057892135552,-0.0014372252495562787
2010-06-17,7.434546969842248e-06,0.8735122833333735,9.29318371230281e-06
2010-06-18,0.0019351741110470388,0.8752026816897618,0.0024189676388087986
2010-06-21,0.0010257878446257862,0.876100453962223,0.0012822348057822328
2010-06-22,0.0018269595092373636,0.8777010540176364,0.0022836993865467045
2010-06-23,0.000557914085815997,0.8781907357988085,0.0006973926072699962
2010-06-24,-0.0012851699491749247,0.877062111455516,-0.0016064624364686558
2010-06-25,-0.0011920787777662811,0.8760165843256671,-0.0014900984722078514
2010-06-28,-0.0008006713726586234,0.8753151829246234,-0.0010008392158232793
2010-06-29,-0.00020084994363553377,0.8751393759194697,-0.0002510624295444172
2010-06-30,-0.002928434674435304,0.8725765874260635,-0.00366054334304413
2010-07-01,-0.0013163555299807283,0.8714279664098734,-0.0016454444124759104
2010-07-02,0.002342379019121038,0.8734691809950672,0.0029279737739012976
2010-07-06,-0.0036605456110126388,0.870271807218221,-0.004575682013765799
2010-07-07,0.0,0.870271807218221,0.0
2010-07-08,-0.00025,0.8700542392664165,-0.001
2010-07-09,0.001858946075398832,0.8716716231798849,0.007435784301595328
2010-07-12,0.0027536892112506373,0.8740719359243888,0.009178964037502124
2010-07-13,0.0016485202625362405,0.8755128612216745,0.005495067541787468
2010-07-14,-0.0011283928828875634,0.8745249387401954,-0.003761309609625211
2010-07-15,0.0012020100349704964,0.8755761264923931,0.004006700116568322
2010-07-16,-0.0016739988775912984,0.8741104130393991,-0.005579996258637661
2010-07-19,-0.0018128807938105785,0.8725257550599301,-0.006042935979368595
2010-07-20,0.002964790146729357,0.8751126108212994,0.00988263382243119
2010-07-21,-0.0003738164456556947,0.8747854793355737,-0.0010680469875876991
2010-07-22,-0.00046670357917437676,0.874377213821358,-0.0010371190648319484
2010-07-23,0.0027250247176124564,0.8767599133415384,0.006055610483583236
2010-07-26,-0.004986267257399551,0.8723881540930429,-0.009972534514799103
2010-07-27,-0.0026799155183505783,0.8700502275408638,-0.005359831036701157
2010-07-28,0.001805788283767601,0.8716213540480465,0.003611576567535202
2010-07-29,0.008860334467815261,0.8793442107742023,0.017720668935630523
2010-07-30,0.0003666275024812538,0.8796666025460198,0.0006110458374687563
2010-08-02,-0.0024436451681967564,0.8775170095030842,-0.0037594541049180866
2010-08-03,0.00043135861762843566,0.8778955340272488,0.0005391982720355445
2010-08-04,0.0007007609868546205,0.878510728968029,0.0008244246904172007
2010-08-05,-0.00043875866409358587,0.878125274774195,-0.0005484483301169824
2010-08-06,-0.00017206771802475985,0.8779741777620247,-0.00022942362403301312
2010-08-09,-0.004916027164289594,0.8736580328546018,-0.006554702885719458
2010-08-10,-6.167438755209642e-05,0.8736041505304954,-8.223251673612856e-05
2010-08-11,0.0009037157135973084,0.8743936403287937,0.0012049542847964111
2010-08-12,0.0013356738307611637,0.8755615450319648,0.001780898441014885
2010-08-13,-0.005078864972938102,0.8711146861692505,-0.006771819963917469
2010-08-16,-0.0002546852623093843,0.8708928260969019,-0.0003395803497458457
2010-08-17,0.0019383374856717817,0.8725809103077282,0.002584449980895709
2010-08-18,-0.0011334442210435003,0.871591888517547,-0.0015112589613913336
2010-08-19,0.0006951874033478134,0.8721978082193046,0.0009269165377970845
2010-08-20,0.000978783134317418,0.8730515007237781,0.0013982616204534543
2010-08-23,-0.00047543197028262487,0.8726364241286307,-0.0006791885289751784
2010-08-24,-0.004266314939865429,0.8689134823153001,-0.006094735628379184
2010-08-25,0.0020096555681409943,0.8706596991332678,0.0028709365259157065
2010-08-26,-0.004703840846384833,0.8665642544771835,-0.006719772637692618
2010-08-27,-0.005305851774915415,0.8619663929894875,-0.007579788249879165
2010-08-30,0.0012569980487386278,0.8630498830635537,0.0016759973983181706
2010-08-31,-0.0073102171121002205,0.8567408010397863,-0.00974695614946696
2010-09-01,0.0014360862562348697,0.8579711547293152,0.0019147816749798263
2010-09-02,0.002201878383746614,0.8598603028687917,0.002935837844995485
2010-09-03,-0.0003481574680981314,0.8595609360828268,-0.0004642099574641752
2010-09-07,-0.0006956687867885836,0.8589629663692512,-0.0009275583823847781
2010-09-08,-0.0025876546287429193,0.8567402668734071,-0.0034502061716572257
2010-09-09,-0.002436126860701421,0.8546531388966323,-0.0032481691476018942
2010-09-10,0.0023962613617521944,0.8567011111910706,0.0031950151490029257
2010-09-13,0.0023711938852546467,0.8587325156274177,0.0031615918470061953
2010-09-14,0.00546431905958405,0.8634249040796451,0.007285758746112066
2010-09-15,0.0044108855187356575,0.8672333724855658,0.005881180691647544
2010-09-16,0.0031846360508455186,0.8699951951480798,0.004246181401127358
2010-09-17,0.0027203445884811162,0.8723618818692055,0.0036271261179748214
2010-09-20,-0.00047270370268385207,0.8719495131775656,-0.0006302716035784695
2010-09-21,0.0019664883687597447,0.8736641917533751,0.002621984491679659
2010-09-22,-0.0014485886608967935,0.8723986117117696,-0.0019314515478623913
2010-09-23,0.003838709881521951,0.8757474968831737,0.005118279842029268
2010-09-24,-0.0012014684004347021,0.8746953139389088,-0.0016019578672462694
2010-09-27,-0.00464367782710381,0.870633510704099,-0.006191570436138412
2010-09-28,-0.00040338272102505843,0.8702823121895356,-0.0005378436280334113
2010-09-29,-0.0016023293004762574,0.868887833341028,-0.0021364390673016763
2010-09-30,-0.0005542055067755125,0.8684062909190202,-0.0007389406757006833
2010-10-01,-0.004434069223089937,0.8645557173113184,-0.005912092297453249
2010-10-04,-0.0007126802153968103,0.8639395655564824,-0.0009502402871957472
2010-10-05,-0.006476737575614494,0.8583440557091827,-0.008095921969518118
2010-10-06,0.00019215110461786588,0.8585089874676294,0.00024018888077233236
2010-10-07,0.00490665974948688,0.8627213989610095,0.0061333246868586
2010-10-08,0.006947595544423491,0.8687152383085099,0.008684494430529363
2010-10-11,0.0010964197974819233,0.8696677148941656,0.0013705247468524043
2010-10-12,-0.002041543699339421,0.8678922502503046,-0.002551929624174276
2010-10-13,-0.0003476319351363555,0.8675905431878602,-0.00043453991892044436
2010-10-14,-0.001757777012666184,0.866065512474638,-0.00219722126583273
2010-10-15,0.00045761247122028115,0.8664618348540403,0.0005720155890253514
2010-10-18,0.002265096294093488,0.8684244543451417,0.0028313703676168603
2010-10-19,-0.00033473384817569454,0.8681337632856888,-0.00041841731021961814
2010-10-20,0.0012019886058857066,0.8691772501775428,0.0015024857573571332
2010-10-21,0.0025381799918620883,0.871383378483325,0.002986094108073045
2010-10-22,-0.0005368984030766688,0.8709155341389497,-0.0006316451800901986
2010-10-25,0.0026732623850557356,0.8732437198769242,0.003145014570653807
2010-10-26,-0.0009060660988002012,0.8724525033463535,-0.0010659601162355309
2010-10-27,-0.0048101126943816295,0.8682559084847622,-0.005658956111037211
2010-10-28,-0.00304473397211904,0.8656123002237056,-0.003582039967198871
2010-10-29,0.006901929566490816,0.8715866953517376,0.00811991713704802
2010-11-01,0.00036965101914465117,0.8719088782619473,0.0004348835519348837
2010-11-02,-0.00021186191853162507,0.871724153974214,-0.0002492493159195589
2010-11-03,0.0034907614444428248,0.8747671350410967,0.004106778169932735
2010-11-04,-0.0035206320272824056,0.871687401849057,-0.004141920032096948
2010-11-05,-0.002657541678233277,0.8693708562482523,-0.0031265196214509145
2010-11-08,-0.00038591287162009216,0.8690353548446147,-0.00045401514308246135
2010-11-09,-0.0020850678562571666,0.8672233571602771,-0.0024530210073613725
2010-11-10,0.00035469235306745395,0.8675309546534634,0.0004172851212558282
2010-11-11,-0.0018017736606481538,0.8659678602295718,-0.0021197337184095926
2010-11-12,0.0008413257959755616,0.8666964213288688,0.000989795054088896
2010-11-15,0.00480355244275939,0.870859643040674,0.005651238167952224
2010-11-16,-0.0013920719419963147,0.8696473437661801,-0.0016377316964662524
2010-11-17,0.00208297688948868,0.8714587990852504,0.0024505610464572707
2010-11-18,-0.0042207132668729665,0.867780621370418,-0.004965545019850548
2010-11-19,0.0010455539510450806,0.8686879328277322,0.001230063471817742
2010-11-22,-0.001383084004558649,0.867486464442885,-0.00162715765242194
2010-11-23,-0.0005642142457336907,0.8669970162216651,-0.000663781465569048
2010-11-24,-0.0027498649042310475,0.8646128915546841,-0.003235135181448291
2010-11-26,0.0004328826852677492,0.8649871675048975,0.0005092737473738226
2010-11-29,0.001068291114987352,0.8659112256105209,0.0012568130764557082
2010-11-30,-0.005364512874144256,0.8612660336928672,-0.006311191616640301
2010-12-01,-0.005465331546286279,0.8565589292691808,-0.006429801819160328
2010-12-02,0.002708959859719917,0.8588793130260556,0.0030099553996887967
2010-12-03,0.0016106511869175388,0.8602626680109999,0.0017896124299083766
2010-12-06,0.0014528960784409406,0.8615125402677823,0.0016143289760454896
2010-12-07,0.0032373972096439276,0.8643015985617186,0.003597108010715475
2010-12-08,0.002131676073165556,0.8661440095993713,0.002368528970183951
2010-12-09,-0.0070492628602389805,0.860038332800884,-0.007832514289154423
2010-12-10,0.001133578867127577,0.8610132540798668,0.0012595320745861967
2010-12-13,0.0013812817659303368,0.8622025559879518,0.0015347575177003742
2010-12-14,0.009914946064705898,0.870751247827424,0.011016606738562109
2010-12-15,-0.0012942566423589708,0.869624272241081,-0.001438062935954412
2010-12-16,-0.002440000310634982,0.8675023887466771,-0.0027111114562610914
2010-12-17,-0.0024258579908521816,0.8653979511448526,-0.0026953977676135352
2010-12-20,-0.004479486346580958,0.8615214128383402,-0.00497720705175662
2010-12-21,-0.0028063599761824877,0.8591036736267265,-0.003118177751313875
2010-12-22,0.001180127016725191,0.8601175250821411,0.0013112522408057676
2010-12-23,-0.0004217654726898057,0.8597547572076061,-0.000468628302988673
2010-12-27,3.4729815710332626e-05,0.8597846163318801,3.8588684122591805e-05
2010-12-28,0.0006773620664859981,0.8603670018163314,0.0007526245183177757
2010-12-29,-0.0007344543158188666,0.8597351015586593,-0.0008160603509098517
2010-12-30,-5.9309786269928774e-05,0.8596841108535371,-6.589976252214308e-05
2010-12-31,-0.0010607034468216813,0.858772240953977,-0.0011785593853574237
2011-01-03,-0.0006044454015125209,0.8582531600219857,-0.0006716060016805788
2011-01-04,0.0,0.8582531600219857,0.0
2011-01-05,-5e-05,0.8582102473639847,-0.001
2011-01-06,0.0008370303144947134,0.8589285953572383,0.016740606289894266
2011-01-07,-0.00010054525688187876,0.8588422341609749,-0.0020109051376375753
2011-01-10,-0.000869970213010246,0.8580950669995797,-0.01739940426020492
2011-01-11,-2.9141122846226787e-05,0.8580700611458185,-0.00029141122846226787
2011-01-12,-7.738112959937977e-05,0.8580036627152116,-0.0005158741973291985
2011-01-13,-0.00039067938584445014,0.8576684583712096,-0.0026045292389630013
2011-01-14,0.0022048627008618817,0.8595594995647781,0.014699084672412543
2011-01-18,0.00031617438166984814,0.8598312702580613,0.0010539146055661603
2011-01-19,0.0006863534845542418,0.8604214184465316,0.0017158837113856046
2011-01-20,-0.0012370508224511245,0.8593570334231878,-0.0030926270561278113
2011-01-21,-0.0003396486019965339,0.8590651540081697,-0.0008491215049913348
2011-01-24,-0.000973731604922995,0.858228655117024,-0.002163848010939989
2011-01-25,-0.0031160015145211216,0.855554413327874,-0.006232003029042243
2011-01-26,-0.003153892445430595,0.8528560867270244,-0.0057343499007829
2011-01-27,-0.004541739913525989,0.8489826361974426,-0.008257708933683616
2011-01-28,-5.976586110553184e-05,0.8489318960191267,-0.00010866520201005788
2011-01-31,-0.00098267762032061,0.8480976696437323,-0.0017866865824011091
2011-02-01,0.00011835815746175093,0.8481980489212589,0.00021519664993045623
2011-02-02,0.001474251767025403,0.8494485063936686,0.0026804577582280054
2011-02-03,-0.003209920911651565,0.8467218438696243,-0.005836219839366482
2011-02-04,0.0004334338427504192,0.8470888417721536,0.0007880615322734894
2011-02-07,-0.0011326373630256015,0.8461293973001603,-0.002059340660046548
2011-02-08,-0.0017274750376550685,0.8446677298876982,-0.003140863704827397
2011-02-09,0.0009739130159615306,0.8454903627839986,0.0017707509381118737
2011-02-10,0.004683164249781541,0.8494499330245234,0.008514844090511892
2011-02-11,0.0003564697397200944,0.8497527362210539,0.000594116232866824
2011-02-14,0.0021703808235733813,0.851597023264527,0.003339047420882125
2011-02-15,-0.00025975787799653594,0.8513758142288557,-0.0003996275046100553
2011-02-16,0.00017017532452932028,0.8515206973843384,0.00026180819158356963
2011-02-17,0.0013875806276454961,0.8527022510080682,0.002134739427146917
2011-02-18,-0.005267962355715328,0.8482102476491239,-0.007525660508164754
2011-02-22,0.0017980631817203162,0.8497353832657796,0.0025686616881718805
2011-02-23,5.821869143558533e-05,0.8497848537478597,8.956721759320821e-05
2011-02-24,0.0031417166732563397,0.8524546369915601,0.004188955564341786
2011-02-25,0.005957510952236217,0.8575331448277219,0.007943347936314956
2011-02-28,-0.008314815800598558,0.8504029146855714,-0.011086421067464743
2011-03-01,0.006776779243245534,0.8561659075062081,0.008470974054056918
2011-03-02,-0.0036619397558779023,0.8530306795318838,-0.004577424694847378
2011-03-03,0.004391363996723313,0.8567766477460805,0.005489204995904141
2011-03-04,0.0007960811549006852,0.8574587114893101,0.0009951014436258565
2011-03-07,-0.0011501966434668554,0.8564724653574437,-0.0014377458043335692
2011-03-08,0.00042199591664943137,0.8568338932405472,0.0005274948958117892
2011-03-09,0.003829833725861437,0.860115424582341,0.004787292157326796
2011-03-10,0.006767927583008626,0.865936623488943,0.008459909478760783
2011-03-11,0.002396578390372778,0.868011908488229,0.002995722987965972
2011-03-14,-0.0013780340579011008,0.8668157585156685,-0.001722542572376376
2011-03-15,-0.0048506063038363245,0.8626111765331478,-0.006063257879795406
2011-03-16,-0.00020865766073581703,0.8624311861029278,-0.0002454796008656671
2011-03-17,0.0017010039427208135,0.8638981849508143,0.00200118110908331
2011-03-18,-0.0002787770953052826,0.8636573499241741,-0.0003279730533003325
2011-03-21,-0.003190950109058266,0.8609014624092446,-0.003754058951833254
2011-03-22,-0.001697036010688452,0.8594404816258817,-0.00199651295375112
2011-03-23,-0.00016563639655936546,0.8592981270014479,-0.00019486634889337114
2011-03-24,-0.00019735027077359414,0.8591285442834089,-0.00023217678914540485
2011-03-25,0.004294586017117352,0.8628181457165948,0.005052454137785121
2011-03-28,0.00026579308174632944,0.8630474768105314,0.0003126977432309758
2011-03-29,0.0027870356660759767,0.8654528209099193,0.003278865489501149
2011-03-30,0.005396164938408448,0.87012294707796,0.006348429339304057
2011-03-31,-0.003172400793595942,0.8673625683501238,-0.003732236227759932
2011-04-01,-0.00048552251866079146,0.8669414442913465,-0.0005712029631303429
2011-04-04,0.002628850034930913,0.8692205033374548,0.0030927647469775445
2011-04-05,-0.0016520968923718848,0.8677844668451051,-0.0019436434027904528
2011-04-06,0.002626134805928532,0.8700633858375311,0.00308957035991592
2011-04-07,-0.0007252319223687465,0.8694323880956375,-0.0008532140263161723
2011-04-08,0.003995269871075929,0.8729060051207336,0.004700317495383446
2011-04-11,0.001866128444242765,0.8745349598460397,0.0021954452285209
2011-04-12,0.005359534150109762,0.8792220598287994,0.00630533429424678
2011-04-13,0.00024094120630718252,0.8794339006525064,0.00032125494174291004
2011-04-14,0.0016342565847545453,0.880871121295504,0.002179008779672727
2011-04-15,0.00313991869194708,0.8836369849944563,0.00418655825592944
2011-04-18,0.0004595529698690648,0.8840430629951966,0.000612737293158753
2011-04-19,-0.004901217300616478,0.8797101758403546,-0.006534956400821971
2011-04-20,-0.006600100416973348,0.873904000341975,-0.009428714881390497
2011-04-21,-0.003081892876884512,0.8712107218282402,-0.004402704109835017
2011-04-25,0.004192341472668254,0.8748631346687941,0.005989059246668934
2011-04-26,-0.00018458249865378474,0.8747016502454168,-0.00026368928379112103
2011-04-27,0.0016112279880604653,0.8761109940254949,0.0023017542686578074
2011-04-28,0.0014888051862461393,0.8774153526171272,0.002290469517301753
2011-04-29,-0.002968811212404354,0.8748104720803418,-0.004567401865237468
2011-05-02,0.005038226137871554,0.8792179650664608,0.007751117135187007
2011-05-03,0.005594814074044602,0.8841370261115674,0.008607406267760926
2011-05-04,0.004133835608223646,0.8877919032326564,0.00635974708957484
2011-05-05,0.0011609863504673079,0.888822617514365,0.0017861328468727815
2011-05-06,-0.0007675491765462894,0.8881404024461961,-0.0011808448869942913
2011-05-09,-0.0023638952478433673,0.8860409315694358,-0.0036367619197590264
2011-05-10,0.002631544677130904,0.8883725878666275,0.004048530272509083
2011-05-11,0.003096798463729511,0.8911236987319524,0.004764305328814633
2011-05-12,0.0014963315818282419,0.8924571152656805,0.0023020485874280646
2011-05-13,0.003944276662441198,0.8959772130376524,0.006573794437401997
2011-05-16,-0.00027475863312037,0.8957310355632913,-0.0004579310552006166
2011-05-17,0.005542280353586143,0.900695428083791,0.009237133922643572
2011-05-18,-0.0001881939338087335,0.9005259226680163,-0.00034217078874315183
2011-05-19,-0.0017798895298054562,0.8989230860069412,-0.003955310066234347
2011-05-20,0.002340274531105463,0.9010268128105459,0.005200610069123251
2011-05-23,-1.3897383456035195e-05,0.9010142908954241,-3.0883074346744875e-05
2011-05-24,-0.0006270110112515936,0.9004493450137375,-0.0013933578027813193
2011-05-25,-0.003045428280055085,0.8977070911136756,-0.0067676184001224104
2011-05-26,-0.0012371115832168044,0.896596527272923,-0.0027491368515928987
2011-05-27,-0.003746692316922112,0.8932372559528106,-0.008325982926493582
2011-05-31,-0.0004880553368541818,0.8928013067429659,-0.0009761106737083636
2011-06-01,0.004298708321020822,0.8966391991492801,0.008597416642041644
2011-06-02,-0.0009536372616223588,0.8957841305987402,-0.0019072745232447176
2011-06-03,9.826684895852255e-05,0.8958721564826011,0.0001965336979170451
2011-06-06,0.00044133785582279315,0.8962675387792345,0.0008826757116455863
2011-06-07,0.0007684501653886678,0.8969562757176418,0.0015369003307773355
2011-06-08,-0.0026881896935737224,0.8945450871016714,-0.005376379387147445
2011-06-09,-0.002409608125788487,0.892389583990907,-0.004819216251576974
2011-06-10,0.001174575721781712,0.8934377631306336,0.002349151443563424
2011-06-13,0.00037180685813533734,0.8937699494182827,0.0007436137162706747
2011-06-14,-0.002145433147601794,0.8918524257424703,-0.004290866295203588
2011-06-15,0.0016493124724493934,0.8933233690718316,0.003298624944898787
2011-06-16,9.586749397040295e-05,0.8934090097445297,0.0001917349879408059
2011-06-17,-0.00048526635382801776,0.8929754684118939,-0.0009705327076560355
2011-06-20,-0.0008208692730140354,0.8922424522883192,-0.0016417385460280709
2011-06-21,-0.002387747351267416,0.8901120027361794,-0.004775494702534832
2011-06-22,0.0020673571456666096,0.8919521821454797,0.004134714291333219
2011-06-23,-0.0016227501849343019,0.8905047665769505,-0.0032455003698686037
2011-06-24,0.0005331564063897398,0.8909795448981717,0.0009693752843449814
2011-06-27,0.0004330205643898521,0.8913653573635633,0.0007217009406497535
2011-06-28,-0.00022085070403291552,0.891168498696839,-0.00036808450672152587
2011-06-29,-0.0023440071015536136,0.8890795934072128,-0.003906678502589356
2011-06-30,-0.0006714549110851675,0.888482616547874,-0.0011190915184752792
2011-07-01,-0.0022782674915035384,0.8864584154858269,-0.0037971124858392304
2011-07-05,-0.0024921719610756345,0.8842492086780936,-0.004153619935126057
2011-07-06,0.0,0.8842492086780936,0.0
2011-07-07,-0.00015000000000000001,0.884116571296792,-0.001
2011-07-08,-0.0001589124350619919,0.8839760741795686,-0.0007945621753099594
2011-07-11,0.0006663703221661321,0.8845651296009067,0.0033318516108306606
2011-07-12,0.00046943129027002815,0.8849803721510231,0.002347156451350141
2011-07-13,6.752885439412219e-05,0.8850401338617158,0.00027011541757648877
2011-07-14,-0.0006518074090797355,0.8844632581451317,-0.0021726913635991183
2011-07-15,0.0002435153670123147,0.8846786385400479,0.0006957581914637563
2011-07-18,0.0006460936742594015,0.885250223812161,0.0018459819264554328
2011-07-19,0.0007918235054843237,0.8859511857476107,0.0026394116849477456
2011-07-20,-0.0005163930277285844,0.8854936867323827,-0.0014754086506530983
2011-07-21,-0.003325748391876876,0.8825487575277154,-0.00950213826250536
2011-07-22,-0.0020279720264697264,0.8807589733354536,-0.004506604503266059
2011-07-25,-0.0018609848039981502,0.8791198942700914,-0.0037219696079963003
2011-07-26,0.0003088307171682514,0.8793913934975158,0.0006176614343365028
2011-07-27,0.0015737020676777958,0.880775293551761,0.0028612764866869016
2011-07-28,-0.0023053426250354836,0.878744804724458,-0.003842237708392473
2011-07-29,0.003909102739427456,0.882179908447864,0.0055844324848963655
2011-08-01,-0.0006362949839593234,0.8816185817971689,-0.000908992834227605
2011-08-02,-0.00031263650945628774,0.881342955641084,-0.0004466235849375539
2011-08-03,0.002254697937910799,0.8833301177857601,0.0032209970541582844
2011-08-04,-0.0002375714456334832,0.8831202637727061,-0.00033938777947640456
2011-08-05,-0.0006614847369222077,0.8825360931973538,-0.0009449781956031538
2011-08-08,-0.000536577119388737,0.8820625445227094,-0.00076653874198391
2011-08-09,0.0007534917420118469,0.8827271713659451,0.001004655656015796
2011-08-10,-0.008356012338467816,0.8753510922305104,-0.011141349784623755
2011-08-11,-0.004516003511453126,0.8713980036242431,-0.006021338015270835
2011-08-12,0.001847762173333528,0.8730081398932583,0.00230970271666691
2011-08-15,0.0022183244683764538,0.8749447552110753,0.002772905585470567
2011-08-16,-2.4524342084242258e-05,0.8749232977665937,-3.065542760530282e-05
2011-08-17,-0.00030117661445472343,0.8746597913298648,-0.0003764707680684043
2011-08-18,0.0015059991873265343,0.8759770282647947,0.0017717637497959228
2011-08-19,-0.0007123088538998513,0.8753530620717489,-0.0007914542821109457
2011-08-22,-0.0024848622305360555,0.8731779303094228,-0.0029233673300424184
2011-08-23,0.0010417291321110577,0.8740875451969425,0.0012255636848365386
2011-08-24,-0.0004945973259481318,0.8736552238344436,-0.0005818792069978021
2011-08-25,0.0002699909735706829,0.8738911028588917,0.0003176364394949211
2011-08-26,0.001049077473993576,0.8748078823296244,0.0012342087929336188
2011-08-29,0.0010991525550490323,0.875769429648664,0.0012931206529988614
2011-08-30,0.002254990149951519,0.8777442810861504,0.002652929588178258
2011-08-31,-0.004313140137946053,0.8739584469965451,-0.005074282515230651
2011-09-01,-0.002480785617031289,0.8717903434513531,-0.0029185713141544577
2011-09-02,-0.002151550926693191,0.8699146421300181,-0.0025312363843449305
2011-09-06,-0.0040654105081082805,0.8663780820027455,-0.004782835891892094
2011-09-07,-0.003343831115827661,0.8634810600140735,-0.003933918959797248
2011-09-08,-0.004506496558857526,0.8595897855884815,-0.0053017606574794415
2011-09-09,-0.00021781154293737393,0.8594025570109892,-0.0002562488740439693
2011-09-12,-0.0002196753316186961,0.8592137674692839,-0.00024408370179855124
2011-09-13,0.0004476588249190394,0.8595984020947833,0.0004973986943544882
2011-09-14,0.004241382831065277,0.8632442879990393,0.004712647590072529
2011-09-15,0.004289688397004177,0.866947337005049,0.004766320441115752
2011-09-16,-0.012004750220705884,0.8565398507697972,-0.013338611356339871
2011-09-19,-0.009271530561652159,0.848598415366112,-0.010301700624057953
2011-09-20,-0.00679341287469577,0.8428335359657174,-0.0075482365274397445
2011-09-21,0.0032376892811763146,0.8455623690709295,0.0035974325346403496
2011-09-22,-0.0024626081316911517,0.8434800803050034,-0.002736231257434613
2011-09-23,-0.002926529605810657,0.8410116108780793,-0.0032516995620118414
2011-09-26,0.0077283132493184085,0.847511212053259,0.008587014721464899
2011-09-27,0.0017051936853761385,0.8489563828203376,0.0018946596504179317
2011-09-28,-0.0015113118559715144,0.8476733449737786,-0.001679235395523905
2011-09-29,-0.0031910059764706953,0.8449684142638723,-0.0035455621960785505
2011-09-30,-0.006232028631554892,0.8397025469134203,-0.0069244762572832136
2011-10-03,-0.006535738497653376,0.8342144706509806,-0.007261931664059307
2011-10-04,0.0013235189295821848,0.8353185692942185,0.0014705765884246496
2011-10-05,-0.0008767474758318627,0.8345862058470743,-0.000974163862035403
2011-10-06,0.004282354899618257,0.8381602001748374,0.004758172110686952
2011-10-07,-0.0011177144190602562,0.8372233764336195,-0.0012419049100669513
2011-10-10,0.004384697912767144,0.8408943480247878,0.00487188656974127
2011-10-11,-0.003901232819627137,0.8376138233964345,-0.004334703132919042
2011-10-12,0.012146022909170023,0.8477875000844451,0.013495581010188915
2011-10-13,-0.002578321266319572,0.8456016315436575,-0.0028648014070217468
2011-10-14,0.0029015139015080736,0.8480551564327193,0.0032239043350089707
2011-10-17,-0.007322005582833369,0.8418456918427684,-0.008135561758703743
2011-10-18,0.00520116619934814,0.8462242712002478,0.005779073554831266
2011-10-19,-0.002076676238753422,0.8444669373635898,-0.002307418043059358
2011-10-20,-0.0004840989230140036,0.8440581318286912,-0.0005378876922377818
2011-10-21,0.0005276609657568432,0.8445035083576867,0.000586289961952048
2011-10-24,0.004575085055196909,0.8483671837378353,0.005083427839107677
2011-10-25,-0.0050273455068733765,0.8441021487884921,-0.005585939452081529
2011-10-26,-0.0026513482851104886,0.8418641400038437,-0.002945942539011654
2011-10-27,0.006260557528592314,0.8471346788835966,0.0069561750317692385
2011-10-28,0.005444337779499003,0.8517467662201663,0.006049264199443337
2011-10-31,-0.0008330108359077326,0.8510372519344556,-0.0009255675954530362
2011-11-01,-0.0027659583710227475,0.8486833183234153,-0.003073287078914164
2011-11-02,0.0013669843510361157,0.8498434551385489,0.0015188715011512396
2011-11-03,-0.0009629274299233992,0.8490251175644551,-0.0010699193665815547
2011-11-04,-0.001098022081691702,0.8480928692374584,-0.001220024535213002
2011-11-07,0.002604881303868073,0.850302050496479,0.0028943125598534145
2011-11-08,0.0058348002031203385,0.8552633930734295,0.0064831113368003755
2011-11-09,-0.0014942586414707804,0.8539854083575958,-0.0016602873794119783
2011-11-10,-0.0006214856094693188,0.8534546687156048,-0.000690539566077021
2011-11-11,-0.0004081368342123581,0.8531063424289714,-0.0004534853713470646
2011-11-14,0.0004238554554863272,0.8534679362063199,0.0004709505060959191
2011-11-15,0.009010706877017011,0.8611582856084078,0.010011896530018901
2011-11-16,0.004638463652099712,0.8651527370149069,0.005153848502333013
2011-11-17,-0.002821053266319579,0.8627120950602857,-0.0031345036292439762
2011-11-18,-0.0023260163102849065,0.8607054126560953,-0.002584462566983229
2011-11-21,0.00010111312899725444,0.8607924412735138,0.00011234792110806049
2011-11-22,-0.0017567884864552851,0.8592802110234568,-0.0019519872071725392
2011-11-23,-0.0015767037892140123,0.8579253806587395,-0.0017518930991266804
2011-11-25,0.0007069543518836763,0.8585318947401875,0.0007855048354263069
2011-11-28,-0.004491664623220426,0.8546756574006766,-0.004990738470244917
2011-11-29,-0.0023593209993617416,0.8526592031745279,-0.0026214677770686015
2011-11-30,-0.0018629949518713328,0.8510707033833471,-0.0020699943909681475
2011-12-01,-0.0005789934230085447,0.8505779390435729,-0.0006433260255650497
2011-12-02,0.002889877179795858,0.8530360048192527,0.00321097464421762
2011-12-05,0.0012689015857242137,0.8541184235584476,0.0014098906508046819
2011-12-06,-0.0016922887548182163,0.8526730085549766,-0.001880320838686907
2011-12-07,-0.0006632520462747926,0.8521074714372492,-0.0007369467180831029
2011-12-08,-0.0029393654948298544,0.8496028161378198,-0.00326596166092206
2011-12-09,0.0014370533503594962,0.8508237407112257,0.0015967259448438848
2011-12-12,-0.0029264152573434733,0.8483338771350983,-0.0032515725081594146
2011-12-13,-0.007956466062286938,0.8415841374321846,-0.008840517846985486
2011-12-14,-0.0029696656261439247,0.8390849139477442,-0.0032996284734932496
2011-12-15,0.002001319908930971,0.8407641912913115,0.0022236887877010785
2011-12-16,0.0019530378479297671,0.8424062355780875,0.002170042053255297
2011-12-19,-0.004242894445336454,0.8388319948404365,-0.004714327161484949
2011-12-20,0.0015133077671683926,0.8401014058135777,0.0016814530746315473
2011-12-21,-0.0005097773758033775,0.8396731411235133,-0.0005366077640035552
2011-12-22,0.0032027158134433132,0.8423623755707133,0.0035585731260481257
2011-12-23,0.0026540899233715607,0.8445980810635428,0.0029489888037461786
2011-12-27,-0.002814843755347518,0.8422206694292826,-0.0031276041726083534
2011-12-28,-0.001633715738238417,0.8408447202665663,-0.0018152397091537968
2011-12-29,0.0013886709081263548,0.8420123768678521,0.0015429676756959498
2011-12-30,0.0005107905499361464,0.8424424688328855,0.0005675450554846072
2012-01-03,0.006335451466243413,0.8477797222072786,0.0070393905180482375
2012-01-04,0.0,0.8477797222072786,0.0
2012-01-05,-0.0002,0.8476101662628371,-0.001
2012-01-06,-0.0024214221900479673,0.8455577441977381,-0.009685688760191869
2012-01-09,-0.0004565645473975699,0.84517169250896,-0.0015218818246585664
2012-01-10,-0.001800607104759744,0.8436498703546865,-0.00600202368253248
2012-01-11,-0.00035753429871718256,0.8433482365899264,-0.0011917809957239418
2012-01-12,0.00011134382600422335,0.8434421382092423,0.0002226876520084467
2012-01-13,-0.00020906548596557605,0.8432658035687337,-0.00046458996881239127
2012-01-17,0.0020825239448579503,0.8450219247965454,0.004165047889715901
2012-01-18,0.0011590341014189709,0.8460013340238313,0.0023180682028379417
2012-01-19,-0.0006925954605780549,0.8454153973402434,-0.0013851909211561098
2012-01-20,-0.0013541114596887893,0.8442706106625076,-0.0027082229193775786
2012-01-23,-0.001257658698859121,0.8432088063848169,-0.002515317397718242
2012-01-24,0.0003885354941244201,0.8435364229350557,0.0007770709882488402
2012-01-25,0.0017133983896452487,0.8449817368837198,0.0028556639827420813
2012-01-26,0.004523645748618921,0.8488041349254344,0.006959454997875263
2012-01-27,-0.0003079703043036841,0.8485427284577072,-0.000473800468159514
2012-01-30,-0.005058778810905234,0.8442501384828376,-0.007782736632161899
2012-01-31,0.003076631088108339,0.8468475847050336,0.004733278597089752
2012-02-01,-0.000584507519642058,0.8463525959237829,-0.0008992423379108583
2012-02-02,0.004780409716660166,0.8503985080970575,0.0073544764871694875
2012-02-03,-0.0004884254164009116,0.8499831518516335,-0.000814042360668186
2012-02-06,0.003327714237683743,0.8528116528878416,0.005546190396139572
2012-02-07,-0.0011734007679164715,0.8518109630394548,-0.0019556679465274527
2012-02-08,0.002398606582802887,0.853854122422705,0.003997677638004811
2012-02-09,-0.0016386754634698409,0.8524549326229083,-0.002731125772449735
2012-02-10,-0.0005536085132925084,0.85198300631501,-0.000922680855487514
2012-02-13,0.00012008148490698089,0.8520853136995238,0.00020013580817830148
2012-02-14,0.00017994771807484656,0.8522386445073291,0.0002999128634580776
2012-02-15,0.0047971885485278195,0.8563269939733725,0.007995314247546367
2012-02-16,-0.0012590840351577703,0.855248806326386,-0.0020984733919296172
2012-02-17,0.0016626006764162093,0.8566707435702884,0.0027710011273603488
2012-02-21,0.0031444136578889837,0.8593644707566848,0.0052406894298149724
2012-02-22,0.001641091567412284,0.8607747665429774,0.0027351526123538064
2012-02-23,0.006500947531395668,0.8663706181366226,0.010834912552326112
2012-02-24,-0.0004305281245800041,0.8659976212192051,-0.0007175468743000069
2012-02-27,0.00045985122872461704,0.8663958512893953,0.0007664187145410284
2012-02-28,0.0021894879751327367,0.8682928145874984,0.003649146625221228
2012-02-29,0.0013458500333448698,0.8694614065009642,0.002243083388908116
2012-03-01,-0.001487501208751235,0.8681680816078314,-0.0024791686812520586
2012-03-02,-0.0008701125466049342,0.8674126776674626,-0.0017402250932098684
2012-03-05,0.000560669375403533,0.8678990093916674,0.00101939886437006
2012-03-06,0.0005735335968453048,0.8683967786322223,0.0010427883579005543
2012-03-07,-0.002408066552130306,0.8663056213956203,-0.004378302822055102
2012-03-08,0.00048644380807268963,0.8667270304010468,0.0008844432874048902
2012-03-09,-0.000576854518628106,0.8662270549971428,-0.0010488263975056472
2012-03-12,-0.00047040360079088074,0.8658195786713697,-0.0008552792741652377
2012-03-13,-0.00013081476973245132,0.865706316682556,-0.0002378450358771842
2012-03-14,0.0027912323646421045,0.8681227041719556,0.005582464729284209
2012-03-15,-0.000599257898029576,0.8676024747850217,-0.00149814474507394
2012-03-16,0.0002447803771335799,0.8678148468460015,0.0006119509428339498
2012-03-19,0.0005473426179375629,0.8682898388961594,0.0013683565448439072
2012-03-20,0.0004146001554424684,0.8686498319983348,0.0008292003108849368
2012-03-21,0.00016761257189488177,0.868795428630752,0.00037247238198862616
2012-03-22,0.002140995744281715,0.8706555159461018,0.004757768320626033
2012-03-23,-8.741788931404538e-06,0.8706479048593494,-1.9426197625343417e-05
2012-03-26,-0.0006075419745936395,0.8701189497120553,-0.0013500932768747544
2012-03-27,0.0004464367025335092,0.8705074027467765,0.0008928734050670184
2012-03-28,0.0010199771483534847,0.8713953004050508,0.0020399542967069694
2012-03-29,0.0019745906263866795,0.8731159493971079,0.003949181252773359
2012-03-30,4.589916383700987e-05,0.873156024689118,8.345302515819977e-05
2012-04-02,0.001407930499933968,0.8743853676874789,0.0025598736362435785
2012-04-03,-0.0007101281635150559,0.8737644420121186,-0.0012911421154819197
2012-04-04,-0.0024707695548165987,0.8716055714307137,-0.004492308281484725
2012-04-05,0.0002477512358871004,0.8718215127882418,0.0004504567925220006
2012-04-09,0.00028131292104763284,0.8720667674446365,0.0005626258420952657
2012-04-10,0.0019526481362467708,0.8737696069927701,0.0039052962724935416
2012-04-11,-0.0012869324536416982,0.8726451245285253,-0.0025738649072833963
2012-04-12,-0.0023422283237936104,0.8706011904012342,-0.004684456647587221
2012-04-13,0.0016896937732477635,0.8720722398116373,0.003379387546495527
2012-04-16,0.0025208639728861336,0.8742706153027326,0.005041727945772267
2012-04-17,-0.0025337601541358,0.8720554232537469,-0.0050675203082716
2012-04-18,-6.890350043488591e-05,0.8719953355825114,-0.00011483916739147652
2012-04-19,0.0034540479725469696,0.8750072493034505,0.0057567466209116165
2012-04-20,0.0009917284076935318,0.8758750188495225,0.0016528806794892197
2012-04-23,0.0009225051311209876,0.8766830180486319,0.0015375085518683125
2012-04-24,-0.0015260276757640245,0.8753451755002174,-0.0023477348857908068
2012-04-25,-0.002734185116157939,0.872951819749864,-0.004206438640242983
2012-04-26,-0.003305811494260008,0.8700660055901998,-0.00508586383732309
2012-04-27,-0.007346069484232165,0.8636744402572658,-0.011301645360357177
2012-04-30,-0.0021465462785181634,0.8618205231016803,-0.0033023788900279436
2012-05-01,-0.0008083991831906223,0.861123828094748,-0.001243691051062496
2012-05-02,-0.0020553493042168693,0.8593539178338289,-0.003162075852641337
2012-05-03,-0.005090556755292746,0.8549793279422125,-0.007831625777373456
2012-05-04,0.001920715604316381,0.8566215000787591,0.002560954139088508
2012-05-07,-0.0004301436169096173,0.8562530298083927,-0.0005735248225461565
2012-05-08,-0.0012376740719642232,0.8551932676343581,-0.0016502320959522975
2012-05-09,0.004424275262582355,0.8589768780530797,0.005899033683443141
2012-05-10,0.00018927631466801874,0.8591394620309426,0.00025236841955735836
2012-05-11,-0.004003454072809209,0.8556999366525637,-0.005337938763745612
2012-05-14,0.0011813156874522835,0.8567107884114833,0.0015750875832697111
2012-05-15,-0.00011231781864704527,0.8566145645245175,-0.0001497570915293937
2012-05-16,0.0004076463058104607,0.8569637602872493,0.0005435284077472809
2012-05-17,-0.0035313791705065267,0.8539374963142919,-0.004708505560675369
2012-05-18,-0.0007197741707968719,0.85332285416097,-0.0008997177134960899
2012-05-21,0.0007049861014726655,0.8539244349132226,0.0008812326268408319
2012-05-22,-0.0027608724137515306,0.8515668584974423,-0.0034510905171894132
2012-05-23,0.00035970673944196176,0.8518731728355291,0.00047960898592261565
2012-05-24,-0.0022689046816593396,0.8499403538055026,-0.0030252062422124527
2012-05-25,-0.0005315369418258886,0.8494885791091065,-0.0007087159224345182
2012-05-29,0.006036031989943724,0.8546161193477009,0.008048042653258298
2012-05-30,-0.0016907422434314368,0.8531711837728022,-0.002254322991241916
2012-05-31,-0.0010233273986617274,0.8522981103246988,-0.00136443653154897
2012-06-01,-0.00026484655212306586,0.8520723821087983,-0.0003531287361640878
2012-06-04,0.0001771262505900262,0.8522233064950726,0.00022140781323753278
2012-06-05,0.00023898914279639748,0.8524269786125629,0.00029873642849549686
2012-06-06,0.002616655423413039,0.854657486289213,0.003270819279266299
2012-06-07,0.0029671941070703255,0.857193420946094,0.003708992633837907
2012-06-08,-0.004452131213533916,0.8533770833606639,-0.0055651640169173955
2012-06-11,0.0010054440346110472,0.8542351062584026,0.001256805043263809
2012-06-12,-0.0010315753987143628,0.8533538983380683,-0.0012894692483929535
2012-06-13,0.000348308300723138,0.8536511285843139,0.0004353853759039225
2012-06-14,1.0575379839672383e-05,0.8536601562692492,1.3219224799590479e-05
2012-06-15,0.0012702717839811416,0.854744536678867,0.0015878397299764271
2012-06-18,-0.0017334249482982955,0.8532629011745662,-0.0021667811853728694
2012-06-19,-0.0013836360519459523,0.8520822958627131,-0.0017295450649324404
2012-06-20,-0.007651185806550903,0.845562855894595,-0.009563982258188629
2012-06-21,0.00016919889289597755,0.8457059241936864,0.00021149861611997195
2012-06-22,0.0011468247832105316,0.8466758007068597,0.0014335309790131645
2012-06-25,-0.002221321166296136,0.8447950618297588,-0.0027766514578701704
2012-06-26,0.0018055648015851856,0.8463203940579516,0.002256956001981482
2012-06-27,0.00035729896033480645,0.8466227834548586,0.0004466237004185081
2012-06-28,0.005020121690012413,0.850872932853339,0.006275152112515517
2012-06-29,0.0025138014402360854,0.8530118584574037,0.0031422518002951066
2012-07-02,-0.003883966371384989,0.8496987890847625,-0.004569372201629399
2012-07-03,0.0009322797341971502,0.850490946045998,0.001096799687290765
2012-07-05,0.0,0.850490946045998,0.0
2012-07-06,-0.0002,0.8503208478567887,-0.001
2012-07-09,-0.0006574043328685886,0.8497618432470793,-0.003287021664342943
2012-07-10,0.001055104640352894,0.8506584309110841,0.00703403093568596
2012-07-11,-0.000483648792455843,0.8502470109881815,-0.0032243252830389535
2012-07-12,-0.0014769346352700775,0.8489912517291182,-0.007384673176350387
2012-07-13,-0.0015267818768801567,0.8476950272723484,-0.005089272922933856
2012-07-16,-0.0008425422217552492,0.8469808084206994,-0.0028084740725174973
2012-07-17,-0.00012474540839724213,0.8468751514538484,-0.0004158180279908071
2012-07-18,0.0007299943658944874,0.8474933655430258,0.002085698188269964
2012-07-19,0.002628947329458209,0.8497213809631038,0.006572368323645522
2012-07-20,-0.0004923575794676116,0.8493030142007509,-0.001230893948669029
2012-07-23,-0.00016946519324681497,0.8491590869013244,-0.00042366298311703743
2012-07-24,-0.001020014256080798,0.8482929325270044,-0.0025500356402019947
2012-07-25,-0.0006016781269120696,0.8477825332242889,-0.0015041953172801742
2012-07-26,0.0009024654941090782,0.8485476277070321,0.0020054788757979513
2012-07-27,-0.0024894908433639616,0.8464351761576973,-0.005532201874142138
2012-07-30,0.0033547917710139486,0.8492747899213678,0.007455092824475441
2012-07-31,-0.0021468092349114843,0.8474515589593872,-0.004770687188692187
2012-08-01,0.000608562520820427,0.8479672862163808,0.0013523611573787269
2012-08-02,0.0031410177071227396,0.8506307664774473,0.0069800393491616436
2012-08-03,0.0023630508693448403,0.8526408502496633,0.0047261017386896805
2012-08-06,-0.0015384510577463207,0.851329104031719,-0.0030769021154926413
2012-08-07,0.0032820694472089074,0.8541232252735812,0.006564138894417815
2012-08-08,-0.0012768636303285119,0.8530326263914104,-0.0025537272606570237
2012-08-09,-0.0018817122637036054,0.8514274644369905,-0.0034212950249156463
2012-08-10,-0.0013359794021543582,0.8502899748820741,-0.0024290534584624694
2012-08-13,-2.021403008870548e-05,0.8502727870949378,-3.675278197946451e-05
2012-08-14,0.0006431036732137962,0.8508196006475522,0.001071839455356327
2012-08-15,0.003616975536172062,0.8538969943287902,0.00602829256028677
2012-08-16,0.002705903948062438,0.8562075575769831,0.004509839913437397
2012-08-17,-0.0004900570982066255,0.8557879669858544,-0.0008167618303443758
2012-08-20,0.0006303277047526368,0.8563273938508394,0.001050546174587728
2012-08-21,0.0031084547165477704,0.8589892487771642,0.0051807578609129505
2012-08-22,-0.00032340499622537374,0.8587114473624058,-0.0004975461480390365
2012-08-23,0.00033971271076596035,0.8590031625559551,0.000522634939639939
2012-08-24,-0.00044523035266246235,0.8586207082749522,-0.0006849697733268651
2012-08-27,-0.0007881906210491785,0.8579439514856513,-0.0012126009554602746
2012-08-28,-0.0008074887820512744,0.8572511713691978,-0.0012422904339250375
2012-08-29,-0.0020590378862136993,0.8554860587293475,-0.003167750594174922
2012-08-30,-0.0003246589503619335,0.8552083175234712,-0.0004994753082491285
2012-08-31,-0.0002139487588115496,0.8550253467654118,-0.00032915193663315327
2012-09-04,5.79916718483342e-05,0.8550749311147434,8.921795668974493e-05
2012-09-05,-0.004616637711557442,0.8511273599415518,-0.007102519556242219
2012-09-06,-0.0023759997744731364,0.8491050815262827,-0.00365538426842021
2012-09-07,-0.0007386824383336987,0.8484778625142593,-0.0011364345205133826
2012-09-10,-0.0003217553965586373,0.8482048601831348,-0.00045965056651233897
2012-09-11,0.00014875061941631572,0.8483310311814789,0.00021250088488045105
2012-09-12,-0.0007154004852167161,0.8477241347501473,-0.0011006161311026403
2012-09-13,0.00041035577915833344,0.848072003247974,0.0006839262985972224
2012-09-14,-0.0010202569652820181,0.8472067518795997,-0.0017004282754700302
2012-09-17,5.3594721676569756e-05,0.8472521576896693,8.932453612761626e-05
2012-09-18,-0.0020466554972483784,0.8455181244035782,-0.0034110924954139643
2012-09-19,-7.804770361091173e-05,0.8454521336556071,-0.00013007950601818621
2012-09-20,-0.004239517852955593,0.8418678242411548,-0.007065863088259322
2012-09-21,-0.0012598715986871455,0.8408071788795448,-0.0020997859978119093
2012-09-24,0.0006596331456490522,0.8413618031638334,0.0010993885760817539
2012-09-25,-6.6044493277706e-05,0.8413062358498802,-0.00011007415546284334
2012-09-26,0.000514150129898816,0.8417387935603271,0.0008569168831646934
2012-09-27,-1.773066392067868e-05,0.8417238689726695,-2.9551106534464466e-05
2012-09-28,-0.0006653128859754442,0.8411638592362088,-0.0011088548099590738
2012-10-01,0.0005844228851080768,0.8416554546456724,0.0009740381418467947
2012-10-02,-0.00021201264478691307,0.8414770130467336,-0.00035335440797818846
2012-10-03,0.0005390818528836327,0.8419306380340859,0.0008293566967440504
2012-10-04,-0.0014889790841597418,0.8406770209237397,-0.0022907370525534487
2012-10-05,-0.001223147600381097,0.8396487488429013,-0.0020385793339684952
2012-10-08,0.0022406784631765985,0.8415301317110667,0.003734464105294331
2012-10-09,0.00040318292697164027,0.8418694222927049,0.0006719715449527338
2012-10-10,0.003571872358381045,0.8448764724115585,0.005953120597301742
2012-10-11,0.0013530937286529653,0.846019669467865,0.002255156214421609
2012-10-12,0.0003070267344818467,0.8462794201242891,0.0005117112241364111
2012-10-15,-0.00200454879003647,0.8445830117366463,-0.0033409146500607834
2012-10-16,-0.0002507993725636926,0.8443711908472248,-0.0004179989542728209
2012-10-17,0.0007221473010785406,0.8449809512238036,0.0012035788351309011
2012-10-18,0.004116222362849381,0.8484590807114128,0.006860370604748968
2012-10-19,0.0008017185803222027,0.8491393061210623,0.0013361976338703379
2012-10-22,6.57016367716201e-05,0.8491950959633214,0.00010950272795270018
2012-10-23,0.009838416347529749,0.8575498308776891,0.016397360579216248
2012-10-24,-0.00092803022487431,0.8567539987152988,-0.00185606044974862
2012-10-25,-0.0001253491091725234,0.8566466053647799,-0.0002506982183450468
2012-10-26,0.00096096335728999,0.8574698113626823,0.00192192671457998
2012-10-31,0.0006371779750276474,0.8580161722407337,0.0012743559500552949
2012-11-01,0.001126565194466317,0.8589827833966693,0.0020483003535751217
2012-11-02,-0.0007422764210135935,0.8583451807304974,-0.0013495934927519881
2012-11-05,-0.0009731314132905011,0.857509898071682,-0.0017693298423463657
2012-11-06,0.0005237753214725527,0.8579590405942105,0.0009523187663137322
2012-11-07,0.0024945667280865114,0.8600992766709378,0.004535575869248202
2012-11-08,0.0018449086136823611,0.8616860812350898,0.003354379297604293
2012-11-09,-0.0027567058762680897,0.8593106661514507,-0.005012192502305618
2012-11-12,-0.000733602089037677,0.8586802740516296,-0.0013338219800685038
2012-11-13,0.0017779740552120115,0.8602069853006157,0.003555948110424023
2012-11-14,-0.0007454230197084688,0.8595657672120586,-0.0014908460394169377
2012-11-15,0.004336781402385886,0.8632935160454314,0.008673562804771773
2012-11-16,0.0012694264567658597,0.8643894036746539,0.0025388529135317193
2012-11-19,0.0002897764833587113,0.8646398833963033,0.0005795529667174226
2012-11-20,0.0005220532007645384,0.865091271414939,0.0011601182239211966
2012-11-21,-0.0009147319156675882,0.8642999448190103,-0.0018294638313351764
2012-11-23,-0.0017230824108036224,0.8628106847864341,-0.0034461648216072447
2012-11-26,0.0011310623381991236,0.8637865774569917,0.002056476978543861
2012-11-27,0.0011807841833041898,0.8648065229854035,0.002146880333280345
2012-11-28,1.1860474090585883e-05,0.8648167800007628,2.1564498346519784e-05
2012-11-29,0.0041935415146004355,0.868443425070219,0.006989235857667392
2012-11-30,-0.0008633650739758803,0.8676936413482894,-0.0014389417899598005
2012-12-03,-0.0019258453220222516,0.8660225976081504,-0.00296283895695731
2012-12-04,-0.0005100558530195087,0.8655808777133931,-0.0007847013123377058
2012-12-05,0.0014776085981525965,0.8668598674606988,0.002273243997157841
2012-12-06,-0.0011357785820454325,0.8658753065896022,-0.0017473516646852806
2012-12-07,-0.0005811488106594431,0.8653721041849983,-0.0008940750933222202
2012-12-10,0.002312250338178129,0.8673730611255499,0.003557308212581737
2012-12-11,0.0003808524406988034,0.8677034022728759,0.0005859268318443129
2012-12-12,-0.00042350598398363526,0.8673359246896903,-0.0006515476676671312
2012-12-13,0.0022027588812682576,0.8692464566008437,0.003388859817335781
2012-12-14,0.001062442290292409,0.8701699807970233,0.0016345266004498603
2012-12-17,0.001336553984431077,0.8713330099519898,0.0020562368991247338
2012-12-18,0.0025718919381824247,0.8735739842957576,0.003956756827972961
2012-12-19,0.0035905529905160606,0.8767105979775077,0.005523927677717016
2012-12-20,0.001271860064107133,0.8778256511748548,0.001956707790934051
2012-12-21,0.0015386903607476576,0.8791763530427347,0.0025644839345794293
2012-12-24,-0.0011858412069711056,0.878133789495102,-0.001976402011618509
2012-12-26,-0.0015425541555420808,0.8767792205689945,-0.0025709235925701346
2012-12-27,-0.0005059350411830976,0.8763356272379274,-0.0007783616018201502
2012-12-28,-0.00013473315022951015,0.8762175557782113,-0.00020728176958386178
2012-12-31,-0.0009855468049041027,0.8753540023657131,-0.0015162258536986196
2013-01-02,0.0018701383891903567,0.8769910354896687,0.0028771359833697796
2013-01-03,-0.0002031854335575012,0.8768128436858967,-0.00031259297470384795
2013-01-04,-0.0008799051444587974,0.87604133155401,-0.0012570073492268535
2013-01-07,0.0,0.87604133155401,0.0
2013-01-08,-0.0002,0.8758661232876992,-0.001
2013-01-09,-0.0015915099570225134,0.8744721736314681,-0.0063660398280900535
2013-01-10,-0.0001380561256185241,0.8743514473912153,-0.0003944460731957832
2013-01-11,0.0014099125212257368,0.8755842064448439,0.004028321489216391
2013-01-14,-0.0004731280440247898,0.8751699430018697,-0.0013517944114993994
2013-01-15,-0.0003109938960275671,0.8748977704916093,-0.0008885539886501917
2013-01-16,-0.000281328754362542,0.8746516365916424,-0.0008037964410358343
2013-01-17,-0.0003635141691608279,0.8743336883286617,-0.0010386119118880796
2013-01-18,0.004136312484138427,0.8779502056789983,0.011818035668966933
2013-01-22,0.0004070302889781441,0.8783075580049241,0.0011629436827946974
2013-01-23,8.86354959770852e-05,0.8783854072309483,0.0002532442742202434
2013-01-24,0.0006182758881570827,0.8789284917487481,0.0017665025375916649
2013-01-25,0.0004060885496487532,0.8792854145452074,0.0011602529989964377
2013-01-28,-0.0003237941074474615,0.8790007071092132,-0.0008094852686186538
2013-01-29,-0.003027116353912923,0.8763398696936219,-0.006726925230917607
2013-01-30,-0.0022566832525565796,0.8743622481861367,-0.004513366505113159
2013-01-31,-0.004399252984790841,0.8705157074560155,-0.008798505969581682
2013-02-01,-0.004687768817894183,0.866434931067116,-0.007812948029823638
2013-02-04,-0.0018876673201761729,0.8647993901626815,-0.0031461122002936215
2013-02-05,-0.002398715295363463,0.8627249826380772,-0.003997858825605771
2013-02-06,-0.0013125581387418372,0.8615926059406196,-0.0021875968979030622
2013-02-07,-0.000758777651262782,0.8609388487267386,-0.0011673502327119722
2013-02-08,0.0018797419083873667,0.8625571915612491,0.0028919106282882566
2013-02-11,0.000629081257211106,0.863099810123733,0.0009678173187863168
2013-02-12,0.0007971443200279982,0.8637878252349905,0.001226375876966151
2013-02-13,-0.0022872813545425142,0.8618120994480497,-0.003518894391603868
2013-02-14,-0.001277925652179257,0.8607107676588066,-0.0021298760869654285
2013-02-15,-0.0003628496202907505,0.8603984590835815,-0.0006047493671512508
2013-02-19,0.002734592267910241,0.8627512980571134,0.004557653779850401
2013-02-20,0.0024627053007165445,0.8648760002520386,0.004104508834527574
2013-02-21,0.00042602216356297796,0.8652444565968797,0.0007100369392716299
2013-02-22,0.0018766039419250203,0.8668681777548582,0.0031276732365417004
2013-02-25,0.000818228512621999,0.8675774740145819,0.0013637141877033316
2013-02-26,0.001889175818474087,0.869216480399143,0.003148626364123478
2013-02-27,-0.0003162836764470156,0.868941561415094,-0.000527139460745026
2013-02-28,0.0031511838044561867,0.8716797559904442,0.005251973007426978
2013-03-01,-0.0014653818722001888,0.870402412277652,-0.002664330676727616
2013-03-04,-0.0016383361190316192,0.8689764005675252,-0.002978792943693853
2013-03-05,-0.003097122461644619,0.8662850742386885,-0.005161870769407699
2013-03-06,0.0020937487775095076,0.8680988575538504,0.003489581295849179
2013-03-07,-0.0019321133003110224,0.8664215922051858,-0.002972482000478496
2013-03-08,-0.0017235268276049598,0.8649282913470039,-0.002651579734776861
2013-03-11,0.0009736122777581513,0.8657703961508397,0.0013908746825116447
2013-03-12,0.00512146134962706,0.8702044057723776,0.007316373356610085
2013-03-13,-0.0005810770064474446,0.869698750001274,-0.0008301100092106352
2013-03-14,-0.0019802199502223228,0.8679765551858379,-0.0028288856431747467
2013-03-15,0.001818964117073396,0.869555373394182,0.0025985201672477087
2013-03-18,0.0003384272269835897,0.8698496546079084,0.0004834674671194139
2013-03-19,-0.002237616963482736,0.8679032642650781,-0.002983489284643648
2013-03-20,0.002392055460956194,0.8699793370079452,0.0031894072812749252
2013-03-21,-0.0015400603445147932,0.868639516330472,-0.002053413792686391
2013-03-22,0.0013152597791844522,0.8697820029489116,0.0017536797055792697
2013-03-25,0.000654320959153698,0.8703511195433357,0.0008724279455382641
2013-03-26,0.0018577616145637743,0.8719680244444159,0.0024770154860850324
2013-03-27,0.00067347210885072,0.872555270588689,0.0008418401360634001
2013-03-28,-0.0008296845737372383,0.8718313249409484,-0.000976099498514398
2013-04-01,0.00016033534730359179,0.871971110319223,0.0001886298203571668
2013-04-02,-0.004668363326413455,0.8679004323661168,-0.005492192148721712
2013-04-03,0.0018203955525113614,0.8694803544532188,0.0021416418264839543
2013-04-04,-0.00225253993540655,0.8675218152317615,-0.0026500469828312353
2013-04-05,-0.00012976687121218355,0.8674092396400906,-0.00014418541245798174
2013-04-08,-0.0001437010369918168,0.8672845920328581,-0.00015966781887979644
2013-04-09,0.0009895411736542347,0.8681428058459506,0.0010994901929491498
2013-04-10,-0.0009881370772376274,0.8672849617511571,-0.001097930085819586
2013-04-11,-0.002660917553805997,0.8649771879722814,-0.002956575059784441
2013-04-12,-0.0015583417454133053,0.8636292579114341,-0.001731490828237006
2013-04-15,-0.0028193993514505577,0.8611943421417848,-0.0031326659460561754
2013-04-16,-0.0044743936309505124,0.857341019662295,-0.004971548478833903
2013-04-17,-0.0045308831811448295,0.8534565076558016,-0.005034314645716477
2013-04-18,0.0009036530188602177,0.8542277362054107,0.0010631211986590796
2013-04-19,-0.009078812359277055,0.8464723628763117,-0.010087569288085617
2013-04-22,0.002146992809323134,0.8482897329526979,0.002259992430866457
2013-04-23,0.0019081683873000631,0.8499084126043895,0.0019081683873000631
2013-04-24,0.016236205088638933,0.8637076998979939,0.016236205088638933
2013-04-25,-0.0033934957268839604,0.8607767115091133,-0.0033934957268839604
2013-04-26,-8.577208184630814e-05,0.8607028808985623,-8.577208184630814e-05
2013-04-29,-0.0017341390758435216,0.859210302400105,-0.0017341390758435216
2013-04-30,0.009224424234170896,0.8671360227358137,0.009224424234170896
2013-05-01,-0.003929099853488788,0.8637289587159276,-0.003929099853488788
2013-05-02,-0.003377891228042845,0.8608113762428744,-0.003377891228042845
2013-05-03,0.004697534102523071,0.8648550670386151,0.00494477273949797
2013-05-06,0.005401575246552692,0.8695266467605866,0.005685868680581781
2013-05-07,-0.00019925023307287292,0.8693533933735564,-0.00020973708744512939
2013-05-08,0.0008956960511830425,0.8701320697750837,0.000942837948613729
2013-05-09,0.00021707488984211155,0.8703209535982782,0.00022849988404432793
2013-05-10,-0.0023145480991588587,0.8683065538894692,-0.0024363664201672193
2013-05-13,-0.00397901801345058,0.8648515464703458,-0.004188440014158506
2013-05-14,-0.0011108842772638017,0.8638907964852046,-0.0011693518708040017
2013-05-15,-0.003477184368490516,0.8608868889115834,-0.0036601940720952797
2013-05-16,0.003016116701949301,0.8634834242357188,0.003174859686262422
2013-05-17,0.002379442681858085,0.8655380335504224,0.002643825202064539
2013-05-20,0.003901045590757013,0.8689145368798368,0.004334495100841125
2013-05-21,0.0034927986755830974,0.8719494804234456,0.003676630184824313
2013-05-22,-0.006841483737536985,0.8659840522331747,-0.0072015618289863
2013-05-23,0.0021195464658401554,0.8678195456705594,0.0022311015429896373
2013-05-24,-0.008133803196098516,0.8607608722763475,-0.008561898101156332
2013-05-28,0.001517366217412741,0.8620669617452104,0.0015972275972765697
2013-05-29,0.008009464970015468,0.8689716568771163,0.008009464970015468
2013-05-30,-7.85324237709939e-05,0.8689034144267135,-7.85324237709939e-05
2013-05-31,0.0062804946530557295,0.8743605576750423,0.0062804946530557295
2013-06-03,0.0011378743201021335,0.8753554701001308,0.0011378743201021335
2013-06-04,0.00505826403041289,0.8797832491883635,0.00505826403041289
2013-06-05,-0.0012129212753597795,0.8787161413677178,-0.0013476903059553107
2013-06-06,-0.0014447911854278627,0.8774465800321766,-0.001605323539364292
2013-06-07,3.654589974557698e-05,0.8774786471069225,4.060655527286331e-05
2013-06-10,-0.0038464054839538963,0.874103508426638,-0.0042737838710598846
2013-06-11,3.567045475389441e-05,0.8741346880962856,3.963383861543823e-05
2013-06-12,0.0010118321499399674,0.8750191656770792,0.0011242579443777416
2013-06-13,0.002326703936585217,0.8770550762144476,0.002449162038510755
2013-06-14,-0.0014890996606313877,0.8757490537981016,-0.0015674733269804082
2013-06-17,-0.0012974587561735084,0.8746128055200406,-0.001365746059130009
2013-06-18,-0.0014957409470643447,0.8733046113339974,-0.0015744641548045733
2013-06-19,0.0043225513114802435,0.8770795153270409,0.0045500540120844675
2013-06-20,0.000536680894378383,0.8775502271457675,0.0005649272572404031
2013-06-21,-0.0006629654377637517,0.8769684416752681,-0.0006978583555407912
2013-06-24,-0.0004212131187301349,0.8765990510629221,-0.0004433822302422473
2013-06-25,0.0013957666103058708,0.8778225787490216,0.001469228010848285
2013-06-26,-0.002828360537286856,0.8753397800085485,-0.0029772216181966904
2013-06-27,0.0013618561843862509,0.8765318669013924,0.0014335328256697378
2013-06-28,0.0038184341880019455,0.8798788461488418,0.004242704653335495
2013-07-01,-0.003975473226621534,0.8763809113533064,-0.004417192474023927
2013-07-02,0.002571211405609941,0.878634271948237,0.0028569015617888236
2013-07-03,0.0008644204041664938,0.879393781340709,0.0009604671157405487
2013-07-05,-0.0005279935683281777,0.8789294670801333,-0.0006211689039155033
2013-07-08,-0.0016803648904352483,0.8774525448624829,-0.001976899871100292
2013-07-09,0.0,0.8774525448624829,0.0
2013-07-10,-0.0002,0.8772770543535104,-0.001
2013-07-11,0.00028722596043641025,0.877529031098016,0.0014361298021820512
2013-07-12,0.00011409214724811271,0.8776291502694467,0.00045636858899245086
2013-07-15,-0.0011383711656263785,0.8766300825506667,-0.003794570552087928
2013-07-16,0.0022451158202708987,0.8785982186175266,0.006414616629345425
2013-07-17,-0.0027978318359721923,0.8761400485504501,-0.007993805245634835
2013-07-18,-0.0043456085810788915,0.8723326868372424,-0.01241602451736826
2013-07-19,-0.0018011278029188393,0.8707615041815849,-0.00514607943691097
2013-07-22,-0.0014020301901472465,0.8695406702643043,-0.0035050754753681163
2013-07-23,-0.0003565656961534491,0.8692306218898777,-0.0008914142403836228
2013-07-24,0.00037534310131815963,0.8695568816072586,0.0009383577532953991
2013-07-25,0.004824559197956585,0.8737521102585634,0.012061397994891462
2013-07-26,0.00366924940222893,0.876958124666826,0.009173123505572325
2013-07-29,0.0006325086899332477,0.8775128083013853,0.0015812717248331193
2013-07-30,-0.00031941455718011434,0.8772325179363019,-0.0007098101270669207
2013-07-31,0.0021415026081027686,0.8791111136613751,0.00475889468467282
2013-08-01,-0.0022263795742325787,0.8771538786344385,-0.004452759148465157
2013-08-02,0.0013948544342180346,0.8783773806115432,0.0027897088684360693
2013-08-05,-2.2078478114401224e-05,0.8783579873757692,-4.01426874807295e-05
2013-08-06,-0.0026522959932271605,0.8760283220052334,-0.00482235635132211
2013-08-07,0.0026324284982689574,0.8783344039253708,0.004387380830448262
2013-08-08,-0.00020042159691209814,0.8781583667415132,-0.00033403599485349694
2013-08-09,0.00039824342963581396,0.8785080875412478,0.0006637390493930232
2013-08-12,0.001089301065744952,0.8794650473372719,0.0016758477934537724
2013-08-13,-0.002218039479841549,0.8775143591411372,-0.0034123684305254606
2013-08-14,0.000649588168021481,0.8780843820861043,0.00099936641234074
2013-08-15,0.0002471532430498746,0.8783014034888084,0.0003530760614998209
2013-08-16,-0.0003828835902595695,0.8779651162941106,-0.0005469765575136708
2013-08-19,0.0006336902366033071,0.8785214742163844,0.000905271766576153
2013-08-20,0.0006506972938447819,0.8790931257622414,0.0009295675626354027
2013-08-21,0.0024357992909496418,0.8812344201746518,0.0034797132727852026
2013-08-22,-0.0008743298496060481,0.8804639306165929,-0.0012490426422943543
2013-08-23,-0.00045382466301137624,0.8800643543699872,-0.0006483209471591089
2013-08-26,-0.0007160071728417927,0.8794342219796959,-0.0010228673897739896
2013-08-27,0.0014634154566223855,0.8807211996132237,0.002090593509460551
2013-08-28,0.0021662196971386273,0.8826290352235134,0.003094599567340896
2013-08-29,0.0012768357846923318,0.8837560075602954,0.0018240511209890453
2013-08-30,-0.0018170918814454594,0.8821501416937789,-0.002595845544922085
2013-09-03,-0.005230974678371086,0.8775356366400573,-0.007472820969101552
2013-09-04,0.001695233142578828,0.8790232641350835,0.0024217616322554686
2013-09-05,-0.0010254145741491639,0.8781219008690232,-0.001464877963070234
2013-09-06,-0.0004488154030492408,0.8777277862341584,-0.0006411648614989154
2013-09-09,-9.079794948105291e-05,0.8776480903509657,-0.00012971135640150417
2013-09-10,0.0017509771231477844,0.8791848320793446,0.002334636164197046
2013-09-11,-0.0004377336606197657,0.8787999832844372,-0.0005836448808263543
2013-09-12,0.0019537215694234887,0.8805169137669889,0.002604962092564652
2013-09-13,-0.00016784526575731596,0.8803691231715939,-0.00022379368767642128
2013-09-16,-0.0013910555415641234,0.8791444808241841,-0.001987222202234462
2013-09-17,0.0003608045392132331,0.8794616801434896,0.0005154350560189044
2013-09-18,-0.0025582201743075015,0.8772118235308162,-0.0036546002490107166
2013-09-19,-0.0008131687355003136,0.8764985023015097,-0.0011616696221433051
2013-09-20,-0.0014073998008413912,0.8752649184839328,-0.0020105711440591306
2013-09-23,0.003232382513836035,0.8780941095014144,0.004972896175132362
2013-09-24,-0.0008906907348870064,0.8773119992137226,-0.001370293438287702
2013-09-25,-0.0008444361978039827,0.8765711652048188,-0.0012991326120061274
2013-09-26,0.0004537359621960391,0.8769688970658964,0.0006980553264554448
2013-09-27,-0.004173226106284933,0.8733091075702611,-0.006420347855822974
2013-09-30,0.0014679511677857416,0.8745910826945569,0.002258386411978064
2013-10-01,2.181537584708959e-05,0.8746101622277384,3.356211668783014e-05
2013-10-02,0.00010376572680746432,0.8747009167868951,0.00017294287801244054
2013-10-03,-0.0015497086739802934,0.873345385189012,-0.0025828477899671556
2013-10-04,0.0006005440639078374,0.8738698675758285,0.0009239139444735961
2013-10-07,0.0020450771645199317,0.87565699888677,0.003146272560799895
2013-10-08,-0.001996183625218134,0.8739090267242845,-0.0030710517311048216
2013-10-09,-0.0003011206878604844,0.8736458746370298,-0.00046326259670843753
2013-10-10,-0.005863998760990907,0.8685228163106135,-0.009021536555370626
2013-10-11,0.0004843900947644142,0.8689435201599112,0.0007452155304067911
2013-10-14,-0.0016518693807904493,0.8675081389653228,-0.0025413375089083836
2013-10-15,-0.0010097669397346964,0.8666321579266448,-0.0015534875995918407
2013-10-16,0.002341072416723394,0.8686610065670124,0.003601649871882145
2013-10-17,0.0014937510235287499,0.8699585698346713,0.0024895850392145833
2013-10-18,-0.002057286726945523,0.868168815615958,-0.0034288112115758718
2013-10-21,0.0021880798935447086,0.8700684383456099,0.003366276759299552
2013-10-22,-0.0012519187380105434,0.8689791833642935,-0.001788455340015062
2013-10-23,-0.0017806035124592946,0.867431875978141,-0.0025437193035132777
2013-10-24,-0.0005533075128308085,0.8669519194042934,-0.000737743350441078
2013-10-25,-0.0010514817983137414,0.8660403352410266,-0.0014019757310849885
2013-10-28,-0.00020925420875338995,0.8658591126559273,-0.0002790056116711866
2013-10-29,0.0020359558938986997,0.8676219636196251,0.0027146078585316
2013-10-30,0.0007970905688663155,0.8683135369041676,0.001138700812666165
2013-10-31,0.0030748069085902775,0.8709834333662629,0.00439258129798611
2013-11-01,-0.000657742515872306,0.8704105505315176,-0.0009396321655318658
2013-11-04,0.0010513024564735851,0.8713256152814319,0.0014017366086314469
2013-11-05,0.0006920249966416492,0.8719285943874208,0.0009226999955221989
2013-11-06,0.0003923935539482115,0.8722707335473615,0.000523191405264282
2013-11-07,0.0006761754648602847,0.8728605416161019,0.0009015672864803796
2013-11-08,-0.004200198086475315,0.8691943544394461,-0.00560026411530042
2013-11-11,0.0016322115322954633,0.8706130634885684,0.002176282043060618
2013-11-12,0.0033025262101673168,0.8734882859496534,0.004128157762709146
2013-11-13,-0.0009332131563948021,0.8726731351892485,-0.0011665164454935026
2013-11-14,-0.0004573452988731519,0.8722740222334168,-0.0005716816235914399
2013-11-15,0.0017341773589282794,0.8737867000935553,0.0021677216986603492
2013-11-18,0.004259467007803186,0.8775085657144609,0.0053243337597539825
2013-11-19,0.0020778849311498095,0.8793319275401138,0.0025973561639372617
2013-11-20,-0.0013828447261214738,0.8781159480216048,-0.0017285559076518422
2013-11-21,-0.0007837999040215815,0.8774276808258257,-0.0009797498800269769
2013-11-22,-0.001254188340711193,0.8763272212587166,-0.0015677354258889914
2013-11-25,0.0043693355553686974,0.8801561889446998,0.005461669444210872
2013-11-26,-0.0013098681473952267,0.8790033003880684,-0.0016373351842440334
2013-11-27,-0.002063673590065762,0.8771893244914769,-0.0024278512824303083
2013-11-29,-0.0001348574225206844,0.8770710290001132,-0.0001498415805785382
2013-12-02,0.0036254345159953292,0.8802507925816299,0.004028260573328144
2013-12-03,0.004333979039239139,0.8840657810659523,0.004815532265821265
2013-12-04,-0.0005005577925569604,0.8836232550501069,-0.0005561753250632893
2013-12-05,0.00033908639235896156,0.8839228796718662,0.00037676265817662393
2013-12-06,-0.0008430138529925468,0.8831777204393257,-0.0009366820588806076
2013-12-09,-0.0005329958974909399,0.8827069903375763,-0.0005922176638788221
2013-12-10,0.002173118472926683,0.8846252172044604,0.0024145760810296477
2013-12-11,-0.00010953930485609886,0.8845283159731097,-0.00012171033872899873
2013-12-12,-0.0013588285478830509,0.8833263936459544,-0.0016985356848538136
2013-12-13,-0.0006087321823976977,0.8827886844425809,-0.0007609152279971221
2013-12-16,0.001770785398870467,0.8843519137552798,0.0022134817485880837
2013-12-17,-0.005238314012446776,0.8797194007335214,-0.0065478925155584705
2013-12-18,-0.00046944276271125297,0.8793064228276304,-0.0005522856031897094
2013-12-19,0.0003346001804766741,0.8796006389154029,0.0003936472711490283
2013-12-20,-0.0007565924023387738,0.8789351397549072,-0.0008901087086338515
2013-12-23,-0.000587870982866312,0.8784184392904238,-0.0006916129210191906
2013-12-24,0.0012514076129063524,0.8795176988126693,0.0014722442504780614
2013-12-26,0.0003812657491495508,0.8798530287869973,0.00044854794017594213
2013-12-27,-0.0014800263026286896,0.8785508231619451,-0.001741207414857282
2013-12-30,-0.0018750304358825908,0.8769035136290468,-0.0022059181598618714
2013-12-31,-0.0009282169610357216,0.8760895569145045,-0.0010920199541596726
2014-01-02,0.0014409022942663886,0.8773519163670453,0.001695179169725163
2014-01-03,-0.0008408821982172354,0.8766141667590005,-0.000989273174373218
2014-01-06,-0.001802296750148441,0.8750342478951166,-0.002120349117821695
2014-01-07,0.0,0.8750342478951166,0.0
2014-01-08,-0.00030000000000000003,0.8747717376207481,-0.001
2014-01-09,0.00193075712855863,0.8764607093890211,0.005516448938738943
2014-01-10,0.0013676972575613234,0.8776594422976127,0.003907706450175209
2014-01-13,-0.0017895314800404239,0.8760888430968664,-0.005112947085829782
2014-01-14,-0.0006216488278291687,0.875544223494481,-0.0015541220695729219
2014-01-15,-0.002545691153753693,0.873315358310011,-0.006364227884384233
2014-01-16,-0.0005759988183153709,0.8728123296956077,-0.001439997045788427
2014-01-17,0.0006664867932146435,0.8733940475863048,0.0016662169830366086
2014-01-21,0.0031083710817240485,0.876108880386772,0.007770927704310121
2014-01-22,0.003600376505326619,0.8792632022158245,0.009000941263316548
2014-01-23,-0.00043435130490513394,0.878881293096587,-0.0009652251220114088
2014-01-24,0.0037101879048959062,0.8821421078400733,0.008244862010879792
2014-01-27,0.003196352680919784,0.8849617451314201,0.0071030059575995196
2014-01-28,-0.0012317422068413742,0.8838717003985017,-0.0027372049040919424
2014-01-29,-0.0010193019752830657,0.8829707682283887,-0.0022651155006290346
2014-01-30,-0.0011019722651286479,0.8819977589308817,-0.0022039445302572958
2014-01-31,-0.0006367209313557943,0.8814361724963615,-0.001414935403012876
2014-02-03,0.0035439388785350077,0.8845599284170185,0.0064435252337000145
2014-02-04,-7.733285910994093e-05,0.8844915228686999,-0.00014060519838171077
2014-02-05,0.0010942648100532137,0.8854593908169655,0.001989572381914934
2014-02-06,0.0030041133449292545,0.8881194111893116,0.005462024263507736
2014-02-07,-0.0025647724524769044,0.8858415869889833,-0.004663222640867099
2014-02-10,0.0005002268131447107,0.8862847087029938,0.0008337113552411846
2014-02-11,-0.0001160627598032482,0.8861818440537303,-0.00017855809200499723
2014-02-12,-0.0037591567544398574,0.8828505475889938,-0.005783318083753626
2014-02-13,3.24374068180644e-05,0.8828791849713656,4.990370279702215e-05
2014-02-14,0.0009482678028718772,0.8837163908762997,0.001458873542879811
2014-02-18,-0.004407825635195617,0.8798211231143527,-0.006781270207993257
2014-02-19,0.002251858484418534,0.8818023557752083,0.003002477979224712
2014-02-20,0.0016074575207595642,0.8832198156038227,0.0022963678867993775
2014-02-21,-0.0022855324173791268,0.8812011880835885,-0.00326504631054161
2014-02-24,0.0022236641316894013,0.8831606835583321,0.003176663045270573
2014-02-25,0.0019835531778979953,0.8849124797387988,0.0030516202736892237
2014-02-26,-0.0007476285404717953,0.8842508939131264,-0.0011501977545719927
2014-02-27,0.0012710211947714821,0.8853747955407857,0.0019554172227253573
2014-02-28,0.0020025543783084134,0.8871478067140398,0.003080852889705251
2014-03-03,0.0035760256751146413,0.8903202700484709,0.0055015779617148325
2014-03-04,-0.0032661073635738003,0.8874123884585265,-0.005024780559344308
2014-03-05,-0.0003205027603310595,0.8871279703384737,-0.0004930811697400916
2014-03-06,-0.001628545757595612,0.8856832418459345,-0.002505455011685557
2014-03-07,0.0009300926848462065,0.8865070093502662,0.0014309118228403178
2014-03-10,0.002176944752582005,0.8884368861323984,0.003349145773203085
2014-03-11,0.001949750860709687,0.8901691167158211,0.002999616708784134
2014-03-12,0.0006230853164446604,0.8907237680215992,0.0009585927945302467
2014-03-13,0.0012087142105280946,0.8918003984976621,0.0017267345864687064
2014-03-14,0.002479383278864744,0.8940115134937822,0.003305844371819659
2014-03-17,-0.0022676718598240277,0.8919841887422736,-0.0032395312283200394
2014-03-18,-0.0007371724912772937,0.8913266425356785,-0.0010531035589675625
2014-03-19,-0.0004351811553193252,0.8909387539776129,-0.0006216873647418932
2014-03-20,-0.0026167408480314847,0.8886073981469854,-0.0037382012114735496
2014-03-21,0.0032444258214409994,0.891490418934657,0.004325901095254666
2014-03-24,-0.0034896996666737845,0.8883793851168579,-0.00465293288889838
2014-03-25,0.0010044635625254983,0.8892717298389066,0.0013392847500339976
2014-03-26,-0.0005195946522146943,0.8888096690037165,-0.0006927928696195925
2014-03-27,0.000282062635532232,0.8890603690014421,0.00040294662218890283
2014-03-28,0.000518620313089685,0.8895214537683692,0.0007408861615566928
2014-03-31,-0.003765346624581184,0.88617209716493,-0.005379066606544548
2014-04-01,-0.00046939544780574827,0.8857561320165482,-0.0006705649254367832
2014-04-02,0.0005534725115862061,0.8862463736875882,0.0007906750165517229
2014-04-03,-0.0011654906746895732,0.8852134618035779,-0.0016649866781279618
2014-04-04,0.0028369060437681117,0.8877247292233933,0.004052722919668731
2014-04-07,0.002069440473743317,0.8895618227075911,0.002956343533919024
2014-04-08,-0.00028051320010460956,0.8893122888740125,-0.000431558769391707
2014-04-09,0.001627577574932454,0.8907597136124956,0.0027126292915540897
2014-04-10,0.006263787450860064,0.8963392431283532,0.01043964575143344
2014-04-11,0.0008696344671784761,0.8971187306284624,0.0013378991802745787
2014-04-14,-0.0016898447646095716,0.8956027392382767,-0.002599761176322418
2014-04-15,0.0030333558229464486,0.8983194210223919,0.00466670126607146
2014-04-16,0.007221424454116126,0.9048065668569706,0.01110988377556327
2014-04-17,0.001508988088231722,0.9061719091885116,0.00251498014705287
2014-04-21,0.0007854413572531804,0.9068836540827694,0.0014280751950057826
2014-04-22,-0.0015364600070411406,0.905490263617232,-0.00279356364916571
2014-04-23,0.002948016964547229,0.9081596642756079,0.005360030844631325
2014-04-24,-0.002978377468007648,0.905454821994176,-0.0054152317600139055
2014-04-25,0.0036575065999538913,0.9087665289815797,0.005626933230698294
2014-04-28,0.0004905029733586974,0.909212281666134,0.0007546199590133806
2014-04-29,-0.0029975615399809364,0.9064868618989332,-0.00461163313843221
2014-04-30,0.0011261984190068964,0.9075077459696544,0.001732612952318302
2014-05-01,0.00167476976712429,0.9090276125060355,0.00279128294520715
2014-05-02,0.00031802934123572045,0.9093167099588059,0.0004892759095934161
2014-05-05,-0.00297569534377467,0.906610860458965,-0.004250993348249529
2014-05-06,-0.0023604754064106004,0.9044708278196668,-0.0033721077234437147
2014-05-07,-9.659423328104433e-05,0.9043834611535285,-0.00013799176183006332
2014-05-08,0.004515329415907149,0.9084670503989348,0.0064504705941530694
2014-05-09,0.00048132356146728393,0.9089043169951085,0.0006876050878104056
2014-05-12,-0.0005209240985303732,0.9084308468331276,-0.000801421690046728
2014-05-13,0.0015002841427007862,0.9097937512273715,0.0021432630610011233
2014-05-14,-0.003245686373764073,0.9068408460460771,-0.004636694819662961
2014-05-15,-0.0012037564461437056,0.9057492305320227,-0.0017196520659195794
2014-05-16,0.0018667719422134188,0.9074400577822613,0.002666817060304884
2014-05-19,-0.001781509946182741,0.9058234442937576,-0.0025450142088324873
2014-05-20,-0.0019822197389340436,0.9040279031824893,-0.0028317424841914907
2014-05-21,0.0016282460385445175,0.90549988303458,0.002326065769349311
2014-05-22,-0.0003804429386048136,0.905155391998172,-0.0005434899122925908
2014-05-23,-0.0005269681818078298,0.904678403906997,-0.0007528116882968997
2014-05-27,-0.0009551540107515244,0.903814296701065,-0.001364505729645035
2014-05-28,-0.0003818878664003045,0.9034691409876757,-0.0005455540948575778
2014-05-29,-0.0028304031019057317,0.900911959128548,-0.004043433002722474
2014-05-30,0.00021045490505507413,0.9011015604693694,0.00030064986436439164
2014-06-02,0.0013560708657696762,0.9023235180426215,0.0019372440939566804
2014-06-03,-5.1087505793445674e-05,0.9022774205846659,-7.298215113349382e-05
2014-06-04,0.0006522674169999743,0.902865946747208,0.0009318105957142489
2014-06-05,0.0005015818539196526,0.9033188079226183,0.0007165455055995037
2014-06-06,-0.0005916681837548788,0.9027843429241831,-0.0008452402625069696
2014-06-09,-0.003946497695178403,0.8992215065955896,-0.00563785385025486
2014-06-10,-0.0025706851183582846,0.8969098912504767,-0.0036724073119404066
2014-06-11,-0.0007496714703915053,0.8962375034934943,-0.0010709592434164361
2014-06-12,-0.0020768448841889165,0.8943761572193456,-0.0029669212631270236
2014-06-13,-0.002571211950948932,0.8920765265552595,-0.003673159929927045
2014-06-16,0.001318423053282558,0.8932526608131621,0.0017578974043767441
2014-06-17,0.0021127671703963513,0.8951398957097975,0.0028170228938618016
2014-06-18,0.001815500252059421,0.896765022416087,0.0024206670027458947
2014-06-19,-0.0023478365594853225,0.8946595647111908,-0.00313044874598043
2014-06-20,0.002171317727115041,0.8966021548837811,0.0028950903028200545
2014-06-23,-0.0026330261850181337,0.8942413779324284,-0.003291282731272667
2014-06-24,0.0027126041868393625,0.8966671008382529,0.003390755233549203
2014-06-25,-0.003385556437027132,0.8936313837631394,-0.004514075249369509
2014-06-26,-0.0021748284266826733,0.8916878888267555,-0.002899771235576898
2014-06-27,-0.0004152676227658525,0.8913175997169133,-0.000593239461094075
2014-06-30,-0.0027669541931430452,0.8888513647469544,-0.003952791704490065
2014-07-01,0.0007414917100191099,0.8895104406653533,0.0010592738714558711
2014-07-02,0.0014638744826636796,0.8908125723015062,0.0020912492609481137
2014-07-03,0.002115626861193509,0.8926971993077562,0.0030223240874192986
2014-07-07,0.000661566732044827,0.8932877780766078,0.001017794972376657
2014-07-08,0.001899816335462412,0.8949848607896667,0.0029227943622498645
2014-07-09,0.0,0.8949848607896667,0.0
2014-07-10,-0.00030000000000000003,0.8947163653314298,-0.001
2014-07-11,0.002885796106462424,0.8972983343348914,0.009619320354874747
2014-07-14,-0.0012124808572378798,0.8962103772812788,-0.0034642310206796567
2014-07-15,0.0015745807953265357,0.8976215329299182,0.003936451988316339
2014-07-16,-0.0010668172594013093,0.8966639347861783,-0.002370705020891798
2014-07-17,-0.00024808477458610476,0.8964414861160374,-0.0005512994990802329
2014-07-18,0.0006399050906701675,0.897015123586491,0.0014220113126003724
2014-07-21,-0.0029746554866394437,0.8943468126275159,-0.005949310973278887
2014-07-22,-0.0005157889085707467,0.893885518461147,-0.0008596481809512446
2014-07-23,-0.00414020606313521,0.8901846482178654,-0.007527647387518563
2014-07-24,-0.0019634468099590185,0.8884368180100476,-0.0032724113499316976
2014-07-25,0.0015411206472194573,0.889806006334033,0.0022016009245992246
2014-07-28,-0.0007747426761637366,0.8891166356474192,-0.001106775251662481
2014-07-29,0.0018929560019330326,0.8907996943192864,0.0027042228599043323
2014-07-30,0.0012942739773148637,0.891952633182644,0.0018489628247355197
2014-07-31,0.0023178925075343472,0.8940200835081736,0.0030905233433791294
2014-08-01,0.0022129902583553794,0.8959985412437513,0.002950653677807173
2014-08-04,-0.0029074493591741968,0.8933934708591912,-0.0038765991455655957
2014-08-05,0.0031792815983643754,0.8962338202811928,0.0042390421311525005
2014-08-06,0.005027126439729962,0.9007393010153085,0.007181609199614232
2014-08-07,0.0006657851050420827,0.9013389998254505,0.0010242847769878194
2014-08-08,-0.001812717539161879,0.8997051268117363,-0.0027887962140951982
2014-08-11,-0.0010706819806540868,0.8987418287445569,-0.0015295456866486954
2014-08-12,0.001097530410357489,0.8997282252326644,0.0015679005862249842
2014-08-13,0.00036472219460270683,0.9000563760855171,0.0005210317065752955
2014-08-14,-0.0009415592282938312,0.899208919698629,-0.0014485526589135865
2014-08-15,0.0016850147280759453,0.9007240999719386,0.0024071638972513504
2014-08-18,0.0032377650253335665,0.9036404329603027,0.0046253786076193805
2014-08-19,-0.006160203046474494,0.8980738244122631,-0.008800290066392134
2014-08-20,-0.002413500140864916,0.895906323110537,-0.0037130771397921782
2014-08-21,0.0007637897587298937,0.8965906071849101,0.0011750611672767595
2014-08-22,0.0015940903863650379,0.8980198536523287,0.0024524467482539046
2014-08-25,-0.002662117214262916,0.895629219541171,-0.00409556494501987
2014-08-26,-0.0012255377020672475,0.8945315921655502,-0.0018854426185649963
2014-08-27,0.0013434249002783117,0.8957333281805511,0.00206680753888971
2014-08-28,-0.0007931320136060182,0.8950228934023172,-0.0012202030978554128
2014-08-29,-0.0037152326099242293,0.8916976751621202,-0.005715742476806507
2014-09-02,0.002884520045536526,0.8942697949806836,0.004437723146979271
2014-09-03,0.0010538587167265134,0.8952122289992293,0.0016213211026561746
2014-09-04,0.0012000515930199907,0.8962865298607308,0.0018462332200307548
2014-09-05,-0.0008754157036647559,0.8955019065575075,-0.0013467933902534706
2014-09-08,-0.001854462191809908,0.8938412321291028,-0.0028530187566306276
2014-09-09,0.001614767504677861,0.8952845779050861,0.0024842576995044016
2014-09-10,0.0037951429273861913,0.8986823108389205,0.005421632753408845
2014-09-11,0.00021888690050900773,0.8988790206244823,0.00033674907770616573
2014-09-12,0.0030919035726910847,0.9016582678797682,0.004756774727217054
2014-09-15,-0.0015910664276723829,0.9002236696805115,-0.0024477945041113582
2014-09-16,-0.0021220196204419727,0.8983133773906631,-0.003264645569910727
2014-09-17,-0.0015549512652799856,0.8969165438678716,-0.0023922327158153625
2014-09-18,-0.0014283245593659012,0.8956354559405635,-0.0021974223990244633
2014-09-19,0.0014047080579375926,0.8968935622824978,0.0021610893199039884
2014-09-22,-0.0012212058919895464,0.8957982705797509,-0.0018787782953685328
2014-09-23,-0.00012638125032964908,0.8956850584742719,-0.00019443269281484474
2014-09-24,0.003724485989141607,0.8990210249252429,0.005729978444833242
2014-09-25,-1.2388451240608056e-05,0.8990098874471113,-1.9059155754781626e-05
2014-09-26,-9.232068093179002e-05,0.8989268902421378,-0.0001420318168181385
2014-09-29,0.0029170868605354282,0.9015491380622451,0.00416726694362204
2014-09-30,-0.0018214994333864364,0.8999069668180948,-0.002602142047694909
2014-10-01,-0.0010612114222783686,0.8989519752659196,-0.0015160163175405267
2014-10-02,-0.0014106376818167122,0.8976838797354659,-0.002015196688309589
2014-10-03,-9.717141614103974e-05,0.8975966505216251,-0.00013881630877291391
2014-10-06,-0.0033996168436921824,0.89454516582967,-0.0045328224582562434
2014-10-07,-0.0020121596324499612,0.8927451981575844,-0.002682879509933282
2014-10-08,-0.0012043214091380038,0.8916700460025381,-0.0015054017614225049
2014-10-09,-0.00028307040236542067,0.891417640603839,-0.00033302400278284786
2014-10-10,-0.0029941703845968947,0.8887485843040357,-0.0035225533936434055
2014-10-13,-0.0026445447816986155,0.8863982488731724,-0.0029383830907762395
2014-10-14,0.00391554405843173,0.8898689802699521,0.004606522421684389
2014-10-15,0.0006858787308391123,0.8904793224767527,0.0008573484135488904
2014-10-16,0.0029538874422974093,0.8931096981650423,0.0036923593028717616
2014-10-17,0.0012156430619958303,0.8941954007732178,0.0015195538274947878
2014-10-20,-0.005158199541692604,0.8895829624667657,-0.006447749427115755
2014-10-21,0.01003557621229278,0.8985104400837581,0.012544470265365974
2014-10-22,-0.0021468946512842703,0.8965814328258193,-0.00286252620171236
2014-10-23,0.0015357758094129536,0.897958380901522,0.0020477010792172715
2014-10-24,0.00146428756157429,0.8992732501894874,0.0019523834154323869
2014-10-27,-0.00013998411943121902,0.8991473662154317,-0.0001866454925749587
2014-10-28,0.0023435871214143754,0.9012545964031478,0.0029294839017679694
2014-10-29,-0.0002647419125964723,0.9010159965375596,-0.0003529892167952964
2014-10-30,-0.004031325522284346,0.8973837077547313,-0.005375100696379128
2014-10-31,0.0007970034157080364,0.8980989256350126,0.0010626712209440485
2014-11-03,-0.0021556292884920723,0.8961629572869505,-0.002874172384656097
2014-11-04,-0.001382725386973055,0.894923810015045,-0.0018436338492974066
2014-11-05,0.0015279022429868449,0.8962911661116693,0.0020372029906491266
2014-11-06,0.002592964584656049,0.8986152173629369,0.003457286112874732
2014-11-07,0.0022055111171951245,0.9005971232149115,0.0029406814895934995
2014-11-10,-0.0022204575940191875,0.8985973854935171,-0.002960610125358916
2014-11-11,-8.029924569156743e-05,0.8985252288012816,-0.00010706566092208992
2014-11-12,-0.0005917041884993424,0.8979935676599275,-0.0007889389179991231
2014-11-13,-0.00020444494603862328,0.8978099774134443,-0.00027259326138483105
2014-11-14,0.005123729329355653,0.9024101127269056,0.006831639105807538
2014-11-17,-0.0007550037168953527,0.9017287897376329,-0.001006671622527137
2014-11-18,0.00422614553205608,0.9055396268335089,0.005634860709408107
2014-11-19,0.0015933359765096188,0.9069824556990979,0.0022761942521565986
2014-11-20,-0.0007018469023085117,0.9063458928721172,-0.0009357958697446822
2014-11-21,-0.00040466623011725655,0.9059791252964664,-0.0005395549734896754
2014-11-24,0.0014173891452448685,0.9072632502744801,0.0017717364315560855
2014-11-25,3.345689933991758e-05,0.9072936044897193,3.9361058046961855e-05
2014-11-26,-0.0018514631183740803,0.9056137838434699,-0.0021781919039695063
2014-11-28,-0.009250757873465076,0.8972361700022614,-0.010883244557017738
2014-12-01,-0.0007996992513209844,0.8965186509088525,-0.0008885547236899827
2014-12-02,-0.0009789598696086476,0.8956409951272571,-0.0010304840732722608
2014-12-03,0.0036866272663863887,0.8989428896407868,0.003880660280406725
2014-12-04,-0.0015394796710036574,0.8975589853367916,-0.0015394796710036574
2014-12-05,-0.003205955066404265,0.8946814515603544,-0.003205955066404265
2014-12-08,-0.009961948047025165,0.8857686814212731,-0.009961948047025165
2014-12-09,0.00042381320905188755,0.8861440818886239,0.00042381320905188755
2014-12-10,-0.0026554093773014154,0.8837910065839367,-0.0026554093773014154
2014-12-11,0.0005086503063164161,0.8842405471501552,0.0005086503063164161
2014-12-12,-0.0011670631973788148,0.8832085825499462,-0.0011670631973788148
2014-12-15,-0.0050815928588547775,0.8787204761239811,-0.0050815928588547775
2014-12-16,0.007706514617253102,0.8854923483177101,0.007706514617253102
2014-12-17,0.0058546062419738585,0.8906765573473909,0.006162743412604062
2014-12-18,0.002048474022043156,0.89250108513716,0.002156288444255954
2014-12-19,0.007402452008699889,0.8991077815876004,0.007792054745999883
2014-12-22,-0.004493084748459863,0.8950680141269276,-0.004729562893115646
2014-12-23,0.0035224826481056017,0.898220875675564,0.003707876471690107
2014-12-24,-0.0015698413178232174,0.8968108114323972,-0.001744268130914686
2014-12-26,0.0006945856776938486,0.8974337233776192,0.0007717618641042762
2014-12-29,-0.0012916425872759262,0.896274559761247,-0.0014351584303065848
2014-12-30,-5.87284531821719e-05,0.8962219229427257,-6.525383686907989e-05
2014-12-31,-0.000391498456573397,0.8958710534431464,-0.0004349982850815522
2015-01-02,0.0024534474708001407,0.8980690260133797,0.00272605274533349
2015-01-05,-0.005675600123947039,0.8929719453380252,-0.006306222359941154
2015-01-06,-0.0025828821764530053,0.890665504016339,-0.0028698690849477838
2015-01-07,0.0,0.890665504016339,0.0
2015-01-08,-0.0001,0.8905764374659374,-0.001
2015-01-09,-0.0005973301425950317,0.8900444693155541,-0.005973301425950317
2015-01-12,-0.0005568804119912563,0.8895488209847912,-0.0037125360799417084
2015-01-13,0.00025593136610277953,0.889776484429761,0.0017062091073518637
2015-01-14,-0.00044301806452394786,0.88938229737377,-0.001265765898639851
2015-01-15,-0.001758414884417836,0.8878183943041301,-0.00439603721104459
2015-01-16,-0.0012854788768317804,0.8866771225117895,-0.002570957753663561
2015-01-20,-0.0008322962621250928,0.8859391444570112,-0.0016645925242501857
2015-01-21,0.00422956644930565,0.8896862829385331,0.0084591328986113
2015-01-22,0.0036808539452331092,0.8929610882031072,0.0073617078904662184
2015-01-23,-0.005521681139190443,0.8880304418043451,-0.011043362278380885
2015-01-26,0.0008726147069508916,0.8888053502280836,0.0014543578449181527
2015-01-27,-0.0016465789377335394,0.8873418620586532,-0.002744298229555899
2015-01-28,-0.0018792583886921843,0.8856743174207417,-0.0031320973144869737
2015-01-29,0.003517347270411386,0.8887895415635949,0.005862245450685644
2015-01-30,0.00546232128179075,0.8936443955915109,0.008403571202754999
2015-02-02,0.003776101886222444,0.897018887879316,0.005394431266032063
2015-02-03,0.001980290345496244,0.8987952457227112,0.002828986207851777
2015-02-04,-0.004353496439172172,0.8948823438209125,-0.006219280627388817
2015-02-05,-0.0007349182596087245,0.8942246784462371,-0.0011306434763211147
2015-02-06,0.00414546497621141,0.8979316555315998,0.0059220928231591575
2015-02-09,0.001230318584508333,0.8990363975350187,0.0017575979778690473
2015-02-10,-0.00011344837836608778,0.8989344033136263,-0.000162069111951554
2015-02-11,-0.0004981102199102139,0.8984866349003069,-0.0007115860284431627
2015-02-12,-0.004647716054702289,0.8943107241423454,-0.006639594363860413
2015-02-13,-0.0012963006081961824,0.8931514286067233,-0.0016203757602452282
2015-02-17,0.0029506997198998964,0.8957868502769413,0.0036883746498748704
2015-02-18,-0.0019044909441451817,0.8940808323327045,-0.0023806136801814773
2015-02-19,0.0008508031356293022,0.8948415191083593,0.0010635039195366278
2015-02-20,-0.0014976405701083218,0.8935013681455252,-0.0018720507126354022
2015-02-23,0.0022612918308014705,0.8955218354901225,0.0028266147885018383
2015-02-24,-0.0020316512197415815,0.8937024474607438,-0.002539564024676977
2015-02-25,-0.0022137870746626264,0.8917239805339608,-0.002767233843328283
2015-02-26,0.002326328328384436,0.8937984232909768,0.0027368568569228658
2015-02-27,0.0013871696807300216,0.8950382733644503,0.0016319643302706137
2015-03-02,-0.0022471392558628565,0.8930269977248734,-0.002643693242191596
2015-03-03,0.0027658952719838313,0.8954970168756344,0.003253994437628037
2015-03-04,0.0014834730542821807,0.8968254625703594,0.0017452624168025654
2015-03-05,1.630268012792202e-06,0.8968269246362242,2.0378350159902525e-06
2015-03-06,0.0005680965057795695,0.8973364088783989,0.0007101206322244619
2015-03-09,-0.002351408863986754,0.8952264040925842,-0.002939261079983442
2015-03-10,-0.0007607018500959018,0.8945454037107363,-0.0009508773126198772
2015-03-11,0.003952503099142329,0.8980810971912265,0.004650003646049799
2015-03-12,0.001815264544584022,0.8997113519651188,0.0022690806807300276
2015-03-13,-0.0012804096008342592,0.898559352912083,-0.001600512001042824
2015-03-16,5.205968064254107e-05,0.898606131625034,6.507460080317634e-05
2015-03-17,0.0008223617637359293,0.8993451109483411,0.0010279522046699116
2015-03-18,-0.0004383960694527178,0.8989508415866199,-0.0005479950868158973
2015-03-19,-0.0005456929606108163,0.8984602904404309,-0.0006821162007635204
2015-03-20,-0.0029623954163411513,0.8957986957942656,-0.0037029942704264393
2015-03-23,0.0002688549338722701,0.8960395356933862,0.00033606866734033763
2015-03-24,-0.0008507226984713956,0.8952772545216441,-0.0010634033730892445
2015-03-25,0.0025288324734728694,0.8975412607156401,0.003161040591841087
2015-03-26,-0.0019194665361686957,0.8958184603008658,-0.0023993331702108697
2015-03-27,-0.0031288334615217793,0.8930155935268275,-0.003911041826902224
2015-03-30,-0.0021577397903296603,0.8910886982472898,-0.0026971747379120753
2015-03-31,0.0037014774150037123,0.8943870429386171,0.00462684676875464
2015-04-01,0.002239939711660627,0.8963904159936901,0.0027999246395757835
2015-04-02,-5.0621582708409996e-06,0.8963858783235319,-6.3276978385512495e-06
2015-04-06,-0.0006049000365193569,0.8958436544729985,-0.0007561250456491961
2015-04-07,0.0009106734593847643,0.8966594755128853,0.0011383418242309554
2015-04-08,-0.00015166683807918969,0.8965234820054004,-0.0001895835475989871
2015-04-09,-0.0007623442397537261,0.8958400224930897,-0.0009529302996921576
2015-04-10,-0.005678755906067773,0.8907527656744652,-0.007098444882584716
2015-04-13,0.008214961120369024,0.8980702650123421,0.01026870140046128
2015-04-14,-0.0014377597332158542,0.8967790557477089,-0.001917012977621139
2015-04-15,0.004106096512422702,0.9004613171009282,0.005474795349896936
2015-04-16,0.0014056613583841582,0.9017270607790967,0.0017570766979801977
2015-04-17,-0.003110530462946537,0.8989222112872801,-0.004147373950595382
2015-04-20,0.0016429564278925002,0.90039910131249,0.0020536955348656252
2015-04-21,0.000939603531548544,0.9012451194878863,0.00117450441443568
2015-04-22,-0.002724751540036696,0.8987894504606111,-0.0034059394250458702
2015-04-23,0.005277573164003185,0.9035328775444511,0.006596966455003982
2015-04-24,-0.0020544086996510448,0.9016766517404031,-0.002568010874563806
2015-04-27,0.0027802223288285245,0.904183513300955,0.0034752779110356555
2015-04-28,0.003689498636627203,0.9075194971405397,0.004611873295784004
2015-04-29,0.005239321066414259,0.9122742831600898,0.00698576142188568
2015-04-30,0.0007795699884718399,0.9129854648124961,0.0011136714121026284
2015-05-01,-0.0033426036448989784,0.909933716270074,-0.004775148064141398
2015-05-04,0.0025794891411351772,0.9122808804103455,0.003968444832515657
2015-05-05,0.0014855044616412405,0.9136360777284651,0.0022853914794480623
2015-05-06,-0.00020366840970611477,0.9134499989214641,-0.0003133360149324843
2015-05-07,-0.0013777715965222538,0.9121914734581067,-0.0021196486100342363
2015-05-08,-0.0002024327524112135,0.9120068160274086,-0.00031143500370955923
2015-05-11,0.00035452070622797317,0.9123301413279113,0.0005454164711199588
2015-05-12,0.00018516497743803484,0.9124990729179464,0.0002848691960585151
2015-05-13,-0.0005816148765713514,0.9119683498822797,-0.000894792117802079
2015-05-14,-0.002000606848914377,0.9101438597555122,-0.003077856690637503
2015-05-15,-0.00161687805691767,0.9086722681200351,-0.0024875047029502616
2015-05-18,0.0010445178125141452,0.9096213924898242,0.0016069504807909927
2015-05-19,0.002252159900546413,0.911670005314669,0.0034648613854560205
2015-05-20,-0.003669862345643127,0.9083243018905124,-0.005645942070220195
2015-05-21,0.00024112245415213173,0.9085433192753503,0.00037095762177251037
2015-05-22,0.0002816622227713228,0.9087992216061413,0.00043332649657126587
2015-05-26,-0.0007497466481566073,0.9081178524358948,-0.0011534563817793958
2015-05-27,-0.00044153014784167335,0.9077168910262512,-0.0006792771505256512
2015-05-28,-0.0018231853253599883,0.9060619549109508,-0.0028049005005538283
2015-05-29,0.003787429451725727,0.9094936006440687,0.005826814541116503
2015-06-01,-0.0011851470986027346,0.9084157169420676,-0.0018233032286195917
2015-06-02,0.0006774712376219072,0.9090311424620995,0.001042263442495242
2015-06-03,0.002554382630059154,0.9113531558225875,0.0039298194308602374
2015-06-04,-0.0009417043170128758,0.9104949306214261,-0.0013452918814469655
2015-06-05,0.002132588597617635,0.9124366417286579,0.0032809055347963615
2015-06-08,0.0005937344737935391,0.9129783868180047,0.0008481921054193416
2015-06-09,0.0017453339944751233,0.9145718390327392,0.0026851292222694204
2015-06-10,0.0007641764623202652,0.915270733305229,0.001175656095877331
2015-06-11,-0.0011510648020298497,0.9142171973797933,-0.0017708689261997689
2015-06-12,9.002482437931448e-05,0.9142994996224321,0.00013849972981432994
2015-06-15,-0.002043013151755052,0.9124315737200603,-0.0029185902167929317
2015-06-16,0.0012853755282831668,0.913604390936153,0.0018362507546902385
2015-06-17,-0.0004989939038349045,0.913148507914559,-0.0007128484340498635
2015-06-18,-0.0021246127502356437,0.9112084209517851,-0.0030351610717652055
2015-06-19,-0.0017825644984254597,0.9095841331699301,-0.002546520712036371
2015-06-22,-0.00016426428368614409,0.9094347209838427,-0.00023466326240877727
2015-06-23,-0.001166155834290511,0.9083741783780611,-0.0016659369061293014
2015-06-24,0.00013491296577067824,0.9084967298324955,0.00019273280824382604
2015-06-25,-0.0006029117114004945,0.9079489865143104,-0.0008038822818673259
2015-06-26,-0.0013361221415261581,0.9067358557700524,-0.0017814961887015442
2015-06-29,-0.0008769608328473121,0.9059406839388039,-0.0010962010410591402
2015-06-30,-0.0012155956145470214,0.9048394264163682,-0.001620794152729362
2015-07-01,0.0010829700765906058,0.9058193404392966,0.001443960102120808
2015-07-02,0.0007343082876061057,0.9064844910880551,0.0009790777168081411
2015-07-06,-0.00024362228394917418,0.9062636512659717,-0.00032482971193223225
2015-07-07,0.0015888970838412008,0.9077036109386595,0.001986121354801501
2015-07-08,-0.0006093107097662528,0.9071505374072211,-0.000761638387207816
2015-07-09,0.0,0.9071505374072211,0.0
2015-07-10,-0.00030000000000000003,0.906878392245999,-0.001
2015-07-13,-4.5061872022567065e-05,0.9068375266079476,-0.00015020624007522354
2015-07-14,-7.004737467459222e-05,0.9067740050199522,-0.00023349124891530737
2015-07-15,0.0021163704340404544,0.908693074714533,0.007054568113468181
2015-07-16,0.0015824820258813154,0.9101310651723117,0.004521377216803758
2015-07-17,-0.0017249988777578774,0.9085610901062768,-0.004928568222165364
2015-07-20,0.00017847643586222373,0.9087232468514022,0.0005099326738920677
2015-07-21,0.0012992530018469505,0.9099039082577219,0.00371215143384843
2015-07-22,-0.0004180181978421127,0.9095235518657825,-0.0011943377081203219
2015-07-23,0.00463104919316068,0.9137356001768112,0.013231569123316229
2015-07-24,0.00019232122955767372,0.9139113309309278,0.0006410707651922457
2015-07-27,7.407628563282364e-05,0.913979030087721,0.00024692095210941217
2015-07-28,-0.0005068924601539793,0.9135157410086306,-0.0014482641718685121
2015-07-29,-0.00011366947967059727,0.9134119021496793,-0.0003247699419159922
2015-07-30,-0.001791064426463529,0.9117759225850306,-0.00511732693275294
2015-07-31,-0.0007398075891494882,0.9111013838378984,-0.0021137359689985375
2015-08-03,-0.00048757923008680424,0.9106571497266357,-0.0012189480752170107
2015-08-04,0.00032048154622396077,0.9109489985380599,0.0008012038655599019
2015-08-05,0.0009254831065198699,0.9117920664471081,0.0020566291255997107
2015-08-06,-0.0018737113198226186,0.9100836313308817,-0.003747422639645237
2015-08-07,-0.0007048041828855323,0.909442200580744,-0.0014096083657710646
2015-08-10,0.00047150497345589405,0.9098710071013885,0.0008572817699198074
2015-08-11,-0.0034523021735167136,0.9067298574459526,-0.006276913042757661
2015-08-12,0.0002688801898250659,0.9069736591421426,0.0004888730724092107
2015-08-13,-0.0009008300803757752,0.9061566299878788,-0.0016378728734105002
2015-08-14,-0.0007232525333968675,0.9055012499095857,-0.0013150046061761228
2015-08-17,-0.0009528103972462565,0.9046384789039523,-0.001732382540447739
2015-08-18,-0.003834412620495642,0.901169721703457,-0.006971659309992076
2015-08-19,-0.0031346825592835914,0.8983448406938787,-0.005699422835061075
2015-08-20,0.00043338178971273346,0.8987341669887177,0.000787966890386788
2015-08-21,-0.0014213129632133891,0.8974567844666939,-0.002584205387660708
2015-08-24,0.00027348188633687933,0.8977022226410156,0.0004972397933397806
2015-08-25,-0.0010752862793068807,0.8967369357581064,-0.001955065962376147
2015-08-26,0.0019042534778375918,0.8984445501867292,0.002929620735134757
2015-08-27,0.0024634736439649585,0.9006578446566782,0.0037899594522537825
2015-08-28,0.004097813137267509,0.9043485722046954,0.006304327903488475
2015-08-31,0.0025756208309741626,0.9066778312257276,0.003962493586114096
2015-09-01,0.0010137781109495758,0.9075970013647076,0.0015596586322301166
2015-09-02,-0.00023348384309949678,0.9073850921288433,-0.00035920591246076425
2015-09-03,-0.0012541245502635857,0.9062471182082613,-0.0019294223850209009
2015-09-04,-0.0018179494451143418,0.9045996067625781,-0.0027968453001759107
2015-09-08,0.0032594656726197767,0.9075481181282861,0.005014562573261195
2015-09-09,-0.00267054184811098,0.9051244728996501,-0.004108525920170738
2015-09-10,-0.0014904701117110619,0.903775411925415,-0.002293030941093941
2015-09-11,-0.0025292963530936796,0.9014894960720163,-0.003891225158605661
2015-09-14,-0.00013381912512096527,0.9013688595363462,-0.00020587557710917734
2015-09-15,-0.0004577603690782084,0.9009562485945292,-0.0007042467216587822
2015-09-16,0.0012105307714395774,0.9020468838571737,0.0018623550329839654
2015-09-17,-0.0017253368574494832,0.9004905491213074,-0.0024647669392135474
2015-09-18,-0.0008443588376200073,0.8997302119679635,-0.0011258117834933431
2015-09-21,-0.0001623628919498299,0.8995841291687738,-0.00023194698849975697
2015-09-22,0.0020862040712313567,0.9014608452414608,0.002781605428308476
2015-09-23,-0.0005765324842972042,0.900941123780857,-0.0007687099790629389
2015-09-24,-0.0004000370187964841,0.9005807139795886,-0.0005000462734956052
2015-09-25,-0.003004752407310124,0.8978746919112813,-0.003755940509137655
2015-09-28,0.00028456275275413054,0.8981301936052398,0.0003794170036721741
2015-09-29,0.0021775639013531965,0.90008592949355,0.0029034185351375958
2015-09-30,-0.00021798780178185483,0.899889721740365,-0.00029065040237580644
2015-10-01,-0.0036311278750334906,0.8966221070872974,-0.004841503833377988
2015-10-02,0.0036260620993045943,0.8998733145272052,0.004532577624130743
2015-10-05,0.003691958635639603,0.9031956095817556,0.0046149482945495035
2015-10-06,0.0010977756856296538,0.9041871157613219,0.0013722196070370674
2015-10-07,-0.000830664123718966,0.90343603996313,-0.000977251910257607
2015-10-08,0.0038635959678790634,0.9069265518043682,0.004545407021034192
2015-10-09,0.0008784285614031439,0.9077232219905681,0.0009760317348923822
2015-10-12,-0.004023373151410025,0.9040711127502998,-0.004470414612677807
2015-10-13,-0.00023340764072250498,0.9038600956448274,-0.0002593418230250055
2015-10-14,-0.0012484302895201915,0.9027316893239358,-0.0013871447661335462
2015-10-15,0.00047280000801120937,0.90315850087388,0.0005562353035425992
2015-10-16,-0.004690687256869141,0.8989220668028979,-0.005518455596316637
2015-10-19,0.0004673106516757897,0.8993421426597412,0.0005192340574175441
2015-10-20,-0.00030751697920310405,0.8990655796807605,-0.0003416855324478934
2015-10-21,0.0017593288231017245,0.9006473316689515,0.0019548098034463607
2015-10-22,0.00908991587781977,0.9088341401494051,0.010099906530910856
2015-10-23,0.003995048025843678,0.9124649761868283,0.004700056500992563
2015-10-26,0.0004718433050898807,0.9128955166769711,0.0005551097706939773
2015-10-27,-0.004304366060479648,0.9089660801982227,-0.005063960071152527
2015-10-28,0.005018372101787355,0.9135276102165605,0.005903967178573359
2015-10-29,0.0023317229043742006,0.9156577034690807,0.002743203416910824
2015-10-30,-0.00015262608945019185,0.9155179502145253,-0.0001795601052355198
2015-11-02,0.005448992651558271,0.9205066007976138,0.006410579590068554
2015-11-03,0.0031035522461028697,0.9233634411260718,0.0036512379365916114
2015-11-04,0.0009682696939339209,0.9242575059626007,0.0010758552154821342
2015-11-05,-0.0024054366056613097,0.922034263124701,-0.0026727073396236776
2015-11-06,0.006143139705365047,0.9276984484162094,0.006825710783738941
2015-11-09,-0.0008022719206498441,0.9269541820002146,-0.0008444967585787833
2015-11-10,-0.0022057188305902808,0.9249095817058823,-0.0023218092953581904
2015-11-11,-0.004329409307375587,0.920905269554364,-0.004810454785972874
2015-11-12,0.001965290664316016,0.9227151160833386,0.0021836562936844626
2015-11-13,0.0005506106247252285,0.9232231728298487,0.0006117895830280316
2015-11-16,-0.0005254605778776845,0.9227380554479434,-0.0005531163977659835
2015-11-17,0.0067272908133420625,0.9289455826914794,0.007081358750886382
2015-11-18,-0.010389956706017172,0.919293878305069,-0.010936796532649656
2015-11-19,0.0012364564917213938,0.920430545188699,0.0013738405463571042
2015-11-20,0.00321260385186522,0.9233875239035466,0.0035695598354058
2015-11-23,-0.0002032604079687139,0.9231998357787248,-0.00022584489774301545
2015-11-24,-0.002400637121890048,0.9209835679820315,-0.0028242789669294683
2015-11-25,0.00424513868004695,0.9248932709501598,0.004994280800055236
2015-11-27,-0.0018677212537842214,0.9231658281305242,-0.002197319122099084
2015-11-30,-0.0026167592717849407,0.9207501253903686,-0.003078540319746989
2015-12-01,0.0021472264748196856,0.9227271844363003,0.0025261487939055127
2015-12-02,0.01167275719547325,0.933497954817888,0.013732655524086175
2015-12-03,-0.0028063610250879055,0.9308782225404878,-0.0033016012059857713
2015-12-04,0.0023328347859706946,0.9330498076395329,0.002744511512906699
2015-12-07,0.006140309016165318,0.9387790217859133,0.0072238929601944925
2015-12-08,-0.002154762889778494,0.9367561755880666,-0.0025350151644452875
2015-12-09,-0.004111658355035514,0.9329045542320789,-0.004837245123571192
2015-12-10,0.0037435865107044884,0.9363969631370769,0.004404219424358222
2015-12-11,0.0002997215661657837,0.9366776215014212,0.0003526136072538632
2015-12-14,-0.001809168356018903,0.9349830139888098,-0.002128433360022239
2015-12-15,-0.00990116794061685,0.9257255901456825,-0.011648432871313941
2015-12-16,-0.001356650161895062,0.9244697043739409,-0.0015960590139941907
2015-12-17,-0.0059056469652180475,0.919010112669869,-0.006947819959080056
2015-12-18,-7.444309913888225e-05,0.9189416987089419,-8.758011663397913e-05
2015-12-21,0.002871340515159354,0.9215802932395142,0.0033780476648933577
2015-12-22,0.004779684337599033,0.9259851561329511,0.005623158044234156
2015-12-23,-0.004923094711596759,0.9214264435077758,-0.00547010523510751
2015-12-24,0.0022844772225770415,0.9235314212302494,0.0025383080250856015
2015-12-28,0.0010330488576565488,0.9244854743099614,0.001147832064062832
2015-12-29,0.002781358445610016,0.9270567997917772,0.003090398272900018
2015-12-30,0.0012771960884148004,0.9282408331102097,0.0014191067649053338
2015-12-31,-0.0006074417130441823,0.9276769809084277,-0.0006749352367157581
2016-01-04,-0.0008826232620461449,0.9268581916254132,-0.0009806925133846055
2016-01-05,-0.0030049762859847675,0.9240730047391081,-0.003338862539983075
2016-01-06,-0.002851289567316545,0.9214382050212567,-0.0031680995192406055
2016-01-07,0.0,0.9214382050212567,0.0
2016-01-08,-0.00025,0.9212078454700015,-0.001
2016-01-11,0.0011954121798415762,0.9223090685486419,0.003984707266138587
2016-01-12,0.0015100097971548654,0.9237017642781551,0.004314313706156758
2016-01-13,-0.004264655894801445,0.9197624941040878,-0.012184731128004127
2016-01-14,-0.0010727549006149973,0.9187758143811359,-0.002681887251537493
2016-01-15,-0.008788422905316206,0.9107012239691781,-0.017576845810632413
2016-01-19,-0.0004686690473844457,0.9102744064940886,-0.0007811150789740762
2016-01-20,-0.006916890653499402,0.90397813795969,-0.010641370236152926
2016-01-21,-0.005343976880083007,0.8991472996903329,-0.007634252685832866
2016-01-22,0.0023773237861303255,0.9012848639531217,0.0033961768373290363
2016-01-25,-0.006574350736256646,0.8953595011442145,-0.00939192962322378
2016-01-26,0.008542056763155642,0.903007712826419,0.010677570953944553
2016-01-27,0.0006637286180889212,0.9036070648877769,0.0008296607726111516
2016-01-28,0.008254915640921085,0.9110662649809658,0.010318644551151356
2016-01-29,0.003610067372326148,0.9143552755782005,0.004512584215407685
2016-02-01,-0.002902765008175834,0.9117011170792111,-0.0036284562602197923
2016-02-02,-0.005361233404168403,0.9068132745957084,-0.006701541755210504
2016-02-03,-0.0031067000431590996,0.9039960777563847,-0.0038833750539488746
2016-02-04,0.009381635899182538,0.9124770398121842,0.011727044873978174
2016-02-05,-0.007524515353010819,0.9056110923168476,-0.009405644191263524
2016-02-08,-0.00835309919855115,0.8980464330274166,-0.0111374655980682
2016-02-09,0.0005839099792148472,0.8985708113014597,0.0007785466389531296
2016-02-10,-0.0006246610052825785,0.8980095091551545,-0.0008923728646893979
2016-02-11,0.0022641058804248604,0.9000426977655103,0.003234436972035515
2016-02-12,0.01012237657671391,0.9091532688874143,0.012652970720892387
2016-02-16,0.010830735304102324,0.9190000672935933,0.013538419130127904
2016-02-17,0.003071260329248149,0.9218225557428485,0.003839075411560186
2016-02-18,-0.005953912437692643,0.9163341049628656,-0.007442390547115804
2016-02-19,0.0019029549221001973,0.9180778474581929,0.0023786936526252467
2016-02-22,0.00342129283114182,0.9212188606161318,0.004276616038927275
2016-02-23,-0.008118595248583221,0.9137398575514284,-0.010148244060729027
2016-02-24,-0.00335749558005089,0.9106719800183831,-0.004196869475063612
2016-02-25,0.0007885413579989842,0.9113900825381983,0.0009856766974987302
2016-02-26,0.009321335126724523,0.91988545492871,0.011651668908405653
2016-02-29,-0.0032575862039380286,0.916888848761531,-0.004343448271917372
2016-03-01,0.011187282970172852,0.9271463437648223,0.014916377293563802
2016-03-02,0.0034632177378818184,0.9303572534281608,0.004617623650509091
2016-03-03,0.003948690568262703,0.9340309463398873,0.0052649207576836035
2016-03-04,7.723402941354762e-05,0.93410308531347,0.00011033432773363947
2016-03-07,0.0002755608345766658,0.9343604875392395,0.00039365833510952256
2016-03-08,-0.008670893909250615,0.9262587468787911,-0.01238699129892945
2016-03-09,0.0009468909266475755,0.9271358128819387,0.0013527013237822508
2016-03-10,-0.0005723640293535725,0.9266051536923195,-0.0008176628990765322
2016-03-11,0.007294099453425773,0.9333639038374083,0.010420142076322534
2016-03-14,-0.0008384426244316013,0.9325813317563252,-0.001289911729894771
2016-03-15,-0.00129550585793341,0.9313731671780355,-0.0019930859352821693
2016-03-16,-0.003923796849379707,0.9277186480790656,-0.006036610537507241
2016-03-17,0.006529346242639627,0.9337760443481273,0.010045148065599427
2016-03-18,0.005861312504511118,0.9392491975532778,0.007815083339348158
2016-03-21,-0.002106804585691535,0.9372703830367655,-0.0028090727809220468
2016-03-22,0.00032943493699624793,0.9375791526463496,0.0004392465826616639
2016-03-23,-0.0021918301715041777,0.935524138371406,-0.002922440228672237
2016-03-24,-0.003964235125532528,0.9318155007212905,-0.005285646834043371
2016-03-28,-0.00011967562539891285,0.9317039851184853,-0.00015956750053188382
2016-03-29,-0.0041400550358662745,0.9278466793429588,-0.005520073381155033
2016-03-30,0.003514598928337803,0.9311076882878394,0.005407075274365851
2016-03-31,-0.001837407377111544,0.929396864152494,-0.002826780580171606
2016-04-01,0.0027312614610176976,0.9319352899895444,0.0042019407092579964
2016-04-04,-0.004217775322418798,0.9280045963213353,-0.006488885111413536
2016-04-05,-0.003942014696174251,0.9243463885645192,-0.006064637994114232
2016-04-06,2.9293802816410253e-05,0.9243734661853599,4.184828973772893e-05
2016-04-07,-0.0055004695322579625,0.9192889780981797,-0.007333959376343949
2016-04-08,0.002730700962934568,0.9217992813958874,0.003640934617246091
2016-04-11,0.0051361395332939095,0.9265337711268267,0.00684818604439188
2016-04-12,0.003461037718819171,0.9297405394564563,0.004614716958425562
2016-04-13,0.014380053046105923,0.9431102577329553,0.019173404061474563
2016-04-14,0.001325467475766401,0.9443603197056419,0.0018935249653805727
2016-04-15,-0.004446225850841312,0.940161480439658,-0.006351751215487589
2016-04-18,-0.0003804073651080542,0.9398038360881079,-0.000543439093011506
2016-04-19,0.0064537741066209246,0.9458691177507563,0.009219677295172748
2016-04-20,0.010524888187355263,0.9558242844549554,0.015035554553364663
2016-04-21,0.0010430585246964496,0.9568212651229681,0.0016047054226099226
2016-04-22,0.003934814513640078,0.9605861793239333,0.0056211635909143975
2016-04-25,-0.0010075130340648163,0.959618376227922,-0.001439304334378309
2016-04-26,0.003830215984722518,0.9632939218717836,0.005471737121032169
2016-04-27,-0.0012612757088563743,0.9620789426476378,-0.0018018224412233916
2016-04-28,0.0024686232311830424,0.9644539530756898,0.003526604615975775
2016-04-29,0.0003795178171666358,0.9648199805347188,0.0005421683102380512
2016-05-02,-0.00021022209092307894,0.9646171540610465,-0.0002802961212307719
2016-05-03,-0.003962580045995456,0.9607947813743393,-0.005660828637136366
2016-05-04,-0.003396139681201177,0.9575317880918228,-0.0048516281160016815
2016-05-05,-0.0023233101288134108,0.9553071447898883,-0.003319014469733444
2016-05-06,0.00014174586052472237,0.9554425556231919,0.0002024940864638891
2016-05-09,-0.001659867087370287,0.95385664797124,-0.002371238696243267
2016-05-10,0.0014676222384537418,0.9552565492000996,0.00209660319779106
2016-05-11,0.0007885374186069993,0.9560098047335133,0.0011264820265814276
2016-05-12,-0.001196926161744033,0.9548655315873439,-0.00170989451677719
2016-05-13,-0.003173650378568443,0.9518351222315398,-0.004533786255097776
2016-05-16,-0.0007020837108523692,0.9511668542968038,-0.0010029767297890988
2016-05-17,-0.0019878336069739043,0.949276092857993,-0.0028397622956770063
2016-05-18,0.007700016201728793,0.9565855341529134,0.011000023145326847
2016-05-19,0.0023792989720867962,0.9588615371310365,0.003398998531552566
2016-05-20,-0.0002797809489152814,0.9585932659402997,-0.00043043222910043287
2016-05-23,0.0018845083978347443,0.960399743000072,0.0028992436889765296
2016-05-24,0.0016916040466004255,0.9620243590916849,0.0026024677640006546
2016-05-25,0.005660035369649203,0.967469450990608,0.008707746722537234
2016-05-26,0.0008840578311510138,0.9683247499351557,0.0013600889710015597
2016-05-27,5.4081120317611695e-05,0.9683771180224634,8.320172356555646e-05
2016-05-31,0.00047177691230743666,0.9688339759891532,0.0007258106343191334
2016-06-01,0.00288297758806792,0.9716271026284886,0.004435350135489107
2016-06-02,-0.0019084480409820414,0.9697728027879122,-0.0029360739092031407
2016-06-03,-0.004319451041397948,0.9655839166449905,-0.0061706443448542115
2016-06-06,0.0018171537459904963,0.9673385310761903,0.0025959339228435662
2016-06-07,-0.004574387673379976,0.96291354962365,-0.0065348395333999654
2016-06-08,-0.0004031352548196865,0.9625253652244531,-0.0005759075068852664
2016-06-09,-0.0038150634281881313,0.9588532699048818,-0.00545009061169733
2016-06-10,-0.0029764736398152415,0.9559992684225593,-0.004252105199736059
2016-06-13,-8.7623741422449e-05,0.955915500189863,-0.00011683165522993199
2016-06-14,-0.004846879667985282,0.9512822927876808,-0.006462506223980377
2016-06-15,-0.0014539327765775213,0.9498991922824189,-0.001938577035436695
2016-06-16,-0.00041194158316010254,0.9495078893053076,-0.0005492554442134701
2016-06-17,0.0013868628614116195,0.9508247265336024,0.0018491504818821595
2016-06-20,-0.0018683413924457215,0.9490482613400588,-0.0024911218565942953
2016-06-21,0.0006419201080426707,0.949657474502516,0.0008558934773902275
2016-06-22,0.0016951666247822295,0.9512673021582676,0.002260222166376306
2016-06-23,0.004205605857931361,0.955267957496683,0.006008008368473372
2016-06-24,-0.013709635959961391,0.9421715815551875,-0.019585194228516272
2016-06-27,-0.007295040638461386,0.935298401579339,-0.009118800798076733
2016-06-28,0.00602009018316021,0.9409289823050122,0.007525112728950262
2016-06-29,0.005528974183325347,0.9461313543565192,0.006911217729156684
2016-06-30,0.0019425310517867,0.9479692438914257,0.0022853306491608235
2016-07-01,-0.003269669355773541,0.9448696979044581,-0.0040870866947169265
2016-07-05,-0.007411790541828306,0.9378665216142696,-0.009264738177285382
2016-07-06,-0.0020787434503509172,0.9359169377251606,-0.0024455805298246084
2016-07-07,0.006208327972932093,0.9417274170299808,0.007760409966165116
2016-07-08,0.0,0.9417274170299808,0.0
2016-07-11,-0.00025,0.9414919851757233,-0.001
2016-07-12,0.0004008915157283521,0.9418694213247064,0.0016035660629134085
2016-07-13,-0.0011493126341289074,0.9407869188990783,-0.0032837503832254494
2016-07-14,0.00024915492605939726,0.9410213205942943,0.0007118712173125637
2016-07-15,-0.0003449995899047154,0.9406966686245977,-0.0009857131140134725
2016-07-18,0.00015439750194600754,0.9408419098403222,0.00044113571984573586
2016-07-19,-0.0016987481640740876,0.939243656373297,-0.0048535661830688215
2016-07-20,0.0008546681698258785,0.94004639803011,0.002441909056645367
2016-07-21,-9.456277381703071e-05,0.9399575046351956,-0.0002701793537629449
2016-07-22,6.836790226494305e-05,0.9400217675580056,0.000195336863614123
2016-07-25,0.0003137911223789924,0.9403167380435082,0.0008965460639399783
2016-07-26,-0.004744795074545083,0.9358551278163271,-0.013556557355843093
2016-07-27,-0.00021393171186748767,0.9356549187267734,-0.0005348292796687192
2016-07-28,-0.0009064822211940049,0.9348067641777749,-0.0022662055529850123
2016-07-29,-0.0002604335889727749,0.934563309097184,-0.0006510839724319373
2016-08-01,-0.0012205561181505564,0.9334226221324664,-0.002441112236301113
2016-08-02,0.0005229322104918554,0.9339107388875812,0.0010458644209837109
2016-08-03,-0.00041446994357909327,0.9335236609563267,-0.0008289398871581865
2016-08-04,0.0010767207811300916,0.9345288052817551,0.002153441562260183
2016-08-05,-0.0016685273143483281,0.9329695184440971,-0.0033370546286966563
2016-08-08,0.0013336886204432241,0.9342138092740664,0.002424888400805862
2016-08-09,0.00023982686228178341,0.934437858840645,0.0004360488405123335
2016-08-10,-0.0020194041244947615,0.9325508511744182,-0.003671643862717748
2016-08-11,-0.000675834687298843,0.9319206009615244,-0.001228790340543351
2016-08-12,0.0007592411763693129,0.9326281534548811,0.00138043850248966
2016-08-15,0.00035935349851527466,0.9329632966446391,0.0006533699973004993
2016-08-16,0.0017217866636186241,0.9345696604064474,0.0031305212065793164
2016-08-17,0.0014168841469855476,0.935893837342531,0.0025761529945191775
2016-08-18,0.0026329870330115412,0.9383580336805293,0.004787249150930075
2016-08-19,-0.0011099746803595102,0.9373164800220319,-0.0020181357824718364
2016-08-22,0.0008365325660434242,0.9381005757822595,0.0015209683018971348
2016-08-23,0.0009131574241517837,0.9389572092876362,0.0016602862257305158
2016-08-24,0.0012833140389306552,0.94016218625627,0.0023332982526011914
2016-08-25,0.0013417718567769132,0.9414236694185946,0.0024395851941398424
2016-08-26,-0.0010922352212381302,0.9403954133287483,-0.0019858822204329644
2016-08-29,-0.0015826746751354149,0.9389070733234595,-0.0026377911252256914
2016-08-30,0.0007051631428286409,0.9395691559861081,0.0011752719047144016
2016-08-31,2.2635590559327846e-05,0.9395904236888252,3.772598426554641e-05
2016-09-01,-0.0019253376954881385,0.9377813948277773,-0.0032088961591468976
2016-09-02,0.0005445460205614372,0.9382920599544875,0.0009075767009357286
2016-09-06,0.00036167895389062067,0.9386314204451758,0.0006027982564843678
2016-09-07,-0.0011942157511529883,0.937510492018353,-0.0019903595852549805
2016-09-08,-0.0009349043184762706,0.9366340094107481,-0.0015581738641271177
2016-09-09,-0.0008458369777128383,0.9358417697310052,-0.001208338539589769
2016-09-12,0.0004497476595107519,0.936262662376614,0.0006424966564439313
2016-09-13,-0.0018111229965686094,0.9345669755379552,-0.0025873185665265847
2016-09-14,-0.0006157377153712728,0.933991527403576,-0.000879625307673247
2016-09-15,-0.0018604299600982865,0.9322539015835165,-0.002657757085854695
2016-09-16,-0.005322215166742616,0.9272922457292537,-0.0076031645239180235
2016-09-19,3.5496027873854795e-05,0.9273251609206554,4.4370034842318494e-05
2016-09-20,0.0004560080374894526,0.9277480286474014,0.0005700100468618158
2016-09-21,-0.003415989304300887,0.9245788513044556,-0.004269986630376109
2016-09-22,-3.275312784165041e-05,0.9245485684551391,-4.094140980206301e-05
2016-09-23,0.001995388062439052,0.9263934016317796,0.002494235078048815
2016-09-26,0.001461876068641782,0.9277476739757728,0.0018273450858022275
2016-09-27,-0.00299097288698994,0.9249728058369434,-0.003738716108737425
2016-09-28,-0.001590330293365444,0.9235017935632817,-0.001987912866706805
2016-09-29,-0.00014732352211787035,0.9233657400263717,-0.00018415440264733796
2016-09-30,-0.0012431357464950832,0.9222178710678561,-0.001553919683118854
2016-10-03,-0.0025793080365972996,0.9198391871015171,-0.0032241350457466247
2016-10-04,0.0004891713187327562,0.9202891460496936,0.0006522284249770083
2016-10-05,-0.000640473977804279,0.919699724799593,-0.0008539653037390386
2016-10-06,-0.0003035462831689928,0.9194205533664986,-0.00040472837755865706
2016-10-07,-0.0001277461537572744,0.9193031009271206,-0.00017032820500969918
2016-10-10,0.0005214412991696338,0.9197824635303987,0.0006952550655595117
2016-10-11,0.0031803435919246005,0.9227076877942523,0.004240458122566134
2016-10-12,0.0016038319698024495,0.9241875558827192,0.002004789962253062
2016-10-13,0.00012564136813785764,0.9243036720716563,0.00015705171017232206
2016-10-14,-0.0008738183200530713,0.9234959985897078,-0.0010922729000663392
2016-10-17,-0.0010450153897943848,0.9225309310587679,-0.001306269237242981
2016-10-18,-0.0010390879717611158,0.9215723402647272,-0.0012988599647013946
2016-10-19,0.00743495766381092,0.9284241915987346,0.00929369707976365
2016-10-20,-0.00217538527453221,0.9264045112838112,-0.0027192315931652625
2016-10-21,0.0024064574527749793,0.9286338643242744,0.003008071815968724
2016-10-24,-0.0003820902201085552,0.9282790424066545,-0.000477612775135694
2016-10-25,0.005699180392277614,0.9335694721237008,0.007123975490347018
2016-10-26,0.003587623400472734,0.9369187678078588,0.004484529250590917
2016-10-27,0.0007061560029711477,0.9375803786200425,0.0008826950037139347
2016-10-28,-1.2120678554383701e-05,0.9375690145096544,-1.5150848192979627e-05
2016-10-31,-0.0014642045118496926,0.9361962217284389,-0.001952272682466257
2016-11-01,0.002426992991970728,0.9384683633976832,0.003467132845672468
2016-11-02,-0.00217337489840303,0.9364287198137293,-0.0031048212834328998
2016-11-03,-0.00014662097869025392,0.9362914197183566,-0.00020945854098607702
2016-11-04,-0.0007749786744340903,0.9355658138350192,-0.0011071123920487005
2016-11-07,0.0025810037728378975,0.9379805127302657,0.003687148246911282
2016-11-08,-0.0033082691050194566,0.9348774207788899,-0.004726098721456367
2016-11-09,-0.005779044058593125,0.9294747229748248,-0.008255777226561607
2016-11-10,0.001085013153211045,0.9304832152748296,0.0014466842042813936
2016-11-11,-0.00040378911205860566,0.9301074962835483,-0.0004486545689540063
2016-11-14,-0.0008199527619778657,0.9293448520730343,-0.0009110586244198507
2016-11-15,-0.00018225811416512915,0.9291754714328864,-0.0002025090157390324
2016-11-16,0.005838234949784099,0.9346002161446879,0.006486927721982332
2016-11-17,-0.0017414470140214079,0.9329726593889789,-0.0019349411266904532
2016-11-18,0.0013007110336145712,0.9341861872211068,0.0014452344817939679
2016-11-21,0.0022287769388709246,0.936268279851797,0.0024764188209676938
2016-11-22,0.002015295925446847,0.9381551375013074,0.0022392176949409415
2016-11-23,-0.003910313776774771,0.934486656542384,-0.0046003691491467895
2016-11-25,5.937212316418083e-05,0.9345421389992515,6.984955666374216e-05
2016-11-28,0.0014152516411590876,0.9358647512952026,0.0016650019307753972
2016-11-29,0.0001978350245362359,0.9360498981212376,0.0002327470876896893
2016-11-30,0.0001280800572842411,0.9361697874458099,0.00015068242033440128
2016-12-01,-0.00011942533986790682,0.9360579850507702,-0.00014928167483488353
2016-12-02,-0.003518341999971697,0.9327646129275572,-0.004397927499964621
2016-12-05,0.0006885407192177117,0.9334068593450031,0.0008606758990221397
2016-12-06,0.00038114213271750463,0.933762620026067,0.0004764276658968808
2016-12-07,0.001308854250188951,0.9349847791999557,0.0016360678127361888
2016-12-08,-0.00021520054755495567,0.9347835699635163,-0.00026900068444369457
2016-12-09,0.002541100260675466,0.9371589487368257,0.003176375325844333
2016-12-12,-0.00035422909978979347,0.9368269797660548,-0.0004427863747372418
2016-12-13,0.0012793784281317278,0.9380255359948593,0.0015992230351646597
2016-12-14,0.0023313382295187314,0.9402123907871889,0.002914172786898414
2016-12-15,-0.0022982209734356664,0.9380515749511976,-0.0028727762167945828
2016-12-16,0.00036158573235215986,0.9383907610169105,0.00042539497923783513
2016-12-19,-0.00419908051201538,0.9344503826596692,-0.004940094720018094
2016-12-20,-0.001775599487393431,0.932791173039224,-0.0020889405734040366
2016-12-21,0.0003490435946322978,0.9331167578233028,0.000410639523096821
2016-12-22,-0.0006689886815143597,0.9324925132737877,-0.0007870455076639526
2016-12-23,-0.0010965954113730525,0.9314699462625919,-0.0012901122486741795
2016-12-27,-0.0016256046352224774,0.9299557444003771,-0.0019124760414382085
2016-12-28,0.0012143066025850635,0.9310849958009144,0.0014285960030412511
2016-12-29,-0.0002241246428747179,0.9308763167087446,-0.0002636760504408446
2016-12-30,-0.0014862101523158866,0.9294928388763016,-0.0017484825321363372
2017-01-03,0.00048705583554677914,0.9299455537875753,0.0005730068653491519
2017-01-04,0.00518180690971552,0.934764352083851,0.006096243423194729
2017-01-05,0.0010232175561874447,0.9357208193798014,0.0012037853602205233
2017-01-06,0.0,0.9357208193798014,0.0
2017-01-09,-0.0001,0.9356272472978635,-0.001
2017-01-10,-0.0007688578802197809,0.9349078829158303,-0.00768857880219781
2017-01-11,0.0011905891856675954,0.9360209741308253,0.011905891856675954
2017-01-12,0.00025171471500991537,0.9362565843835718,0.0012585735750495768
2017-01-13,-0.00030810416428208025,0.9359681198310867,-0.0010270138809402674
2017-01-17,0.0005929193687626954,0.9365230734578789,0.0019763978958756514
2017-01-18,0.000964755086564012,0.9374265888566818,0.0027564431044686056
2017-01-19,-0.00039455388375190804,0.9370567235553162,-0.00098638470937977
2017-01-20,-0.0016740230414498292,0.9354880690089391,-0.0037200512032218424
2017-01-23,0.001960917221240288,0.9373224836737235,0.003921834442480576
2017-01-24,0.003611085055088287,0.940707234886316,0.006565609191069612
2017-01-25,0.0023058530519121435,0.9428763675348345,0.003843088419853572
2017-01-26,0.0006729363653103781,0.9435108633305405,0.0011215606088506302
2017-01-27,-0.004529320921272434,0.9392373998378096,-0.007548868202120723
2017-01-30,-0.00013830796084973173,0.9391074958282843,-0.00025146901972678497
2017-01-31,-0.0020422074905093067,0.9371896434659104,-0.0037131045281987396
2017-02-01,-0.0025350279538259913,0.9348138415216881,-0.004225046589709985
2017-02-02,0.0026250261869594895,0.9372677523356149,0.004375043644932482
2017-02-03,0.0033285935858520465,0.9403875357642651,0.005547655976420078
2017-02-06,-0.0012505719926924007,0.9392115134497613,-0.0019239569118344629
2017-02-07,-0.0010441955330056263,0.9382307929828696,-0.001606454666162502
2017-02-08,0.001041819679553846,0.9392082602869626,0.0016027995070059169
2017-02-09,0.00038106224419524605,0.9395661570943943,0.0005862496064542247
2017-02-10,-0.0009998882242150953,0.9386266959580446,-0.0015382895757155312
2017-02-13,-0.0005905890759069166,0.9380723532850571,-0.0009085985783183332
2017-02-14,0.0007321315121145644,0.9387591456155405,0.0011263561724839453
2017-02-15,-0.006258681203622196,0.9328837513961481,-0.009628740313264918
2017-02-16,0.000804812414662337,0.9336345478207084,0.0011497320209461956
2017-02-17,0.0025022895887481687,0.9359707718294157,0.003574699412497384
2017-02-21,0.00327494837337059,0.9390360277861408,0.0050383821128778305
2017-02-22,-0.0011615866832267896,0.9379452560411943,-0.0017870564357335224
2017-02-23,0.0008649826678340855,0.9387565624310472,0.0013307425658985932
2017-02-24,0.0033961351914204574,0.9419447066288962,0.004851621702029225
2017-02-27,-0.0006788690054281898,0.9413052495627386,-0.000969812864897414
2017-02-28,-0.0012277555458757583,0.940149556822226,-0.0017539364941082261
2017-03-01,-0.00515190163665225,0.9353059987817357,-0.006869202182203001
2017-03-02,0.003580234299958518,0.9386546133995309,0.004773645733278024
2017-03-03,-0.0008238839258042418,0.9378812709516691,-0.0010985119010723224
2017-03-06,-0.0006262814236551284,0.937293893334078,-0.0008350418982068379
2017-03-07,-0.001309755587960626,0.9360662674197223,-0.0017463407839475012
2017-03-08,-0.0009691176425887682,0.9351591090853336,-0.0012921568567850243
2017-03-09,0.00029196683902760754,0.935432144534401,0.00038928911870347676
2017-03-10,0.0007227824452184783,0.9361082584671636,0.0009637099269579711
2017-03-13,-0.0013330583106410832,0.9348603715735542,-0.0017774110808547775
2017-03-14,0.0009617448727773815,0.9357594687426779,0.0012823264970365086
2017-03-15,-0.00019265184509819066,0.9355791929544565,-0.0002568691267975876
2017-03-16,0.0020166531205812023,0.9374659316534789,0.002688870827441603
2017-03-17,0.0013753473550133343,0.9387552729429937,0.0019647819357333346
2017-03-20,0.0005809385627604414,0.939300632082041,0.0008299122325149162
2017-03-21,0.00082519693479155,0.9400757400844827,0.0011788527639879285
2017-03-22,-0.0004551352816576204,0.9396478784477398,-0.0006068470422101606
2017-03-23,-0.001147429795666005,0.9385696984745745,-0.0015299063942213402
2017-03-24,0.00025761923443611836,0.9388114920817605,0.0003434923125814911
2017-03-27,-0.0014459032507863345,0.937454061493484,-0.001927871001048446
2017-03-28,0.0009058852317196276,0.9383032872832066,0.00120784697562617
2017-03-29,0.0020042308678535235,0.9401838636949881,0.002672307823804698
2017-03-30,0.004098848783113446,0.9440375351805972,0.005465131710817928
2017-03-31,0.00031858877552056185,0.9443382949429758,0.0004247850340274158
2017-04-03,9.100820455060777e-05,0.944424237475687,0.00012134427273414368
2017-04-04,0.002271926633638094,0.9465699000542614,0.0030292355115174585
2017-04-05,-0.0007885773646029104,0.9458234564570642,-0.0010514364861372138
2017-04-06,0.00033183846270599113,0.9461373170588462,0.00044245128360798823
2017-04-07,0.0002562126431964351,0.9463797294016766,0.0003416168575952468
2017-04-10,0.0008473884415148347,0.9471816806456554,0.0011298512553531129
2017-04-11,-0.0024816799323025994,0.9448310788765525,-0.003308906576403466
2017-04-12,-0.0013051764114693555,0.9435979076395797,-0.0017402352152924739
2017-04-13,-0.0017358317750545914,0.9419599804086239,-0.0023144423667394555
2017-04-17,-0.0012840353787017477,0.9407504704684582,-0.0017120471716023304
2017-04-18,-0.0001249770114432336,0.9406328982861453,-0.0001666360152576448
2017-04-19,0.004003866641156007,0.944399066969167,0.005338488854874675
2017-04-20,0.0004961067229778626,0.9448675896954644,0.0006614756306371502
2017-04-21,-0.0026010974730674265,0.9424098969955241,-0.003251371841334283
2017-04-24,-0.0037450183523042744,0.9388805546358827,-0.005350026217577535
2017-04-25,-0.00400984524054866,0.9351157889124323,-0.005728350343640942
2017-04-26,0.0031816668669732927,0.9380910158347986,0.0045452383813904184
2017-04-27,-0.002230152338787672,0.935998929961839,-0.00343100359813488
2017-04-28,-0.0015705864309936257,0.9345288627430164,-0.0024162868169132702
2017-05-01,0.00010128705981460873,0.9346235184238356,0.0001558262458686288
2017-05-02,-0.002257332496696163,0.932513762383521,-0.0034728192256864043
2017-05-03,0.0013520314400587707,0.933774550308551,0.0020800483693211858
2017-05-04,-0.004170988823876659,0.9298797870951936,-0.0064169058828871675
2017-05-05,0.0044976965627662015,0.9340621042173973,0.006919533173486463
2017-05-08,0.0009193006968185701,0.9349207881606763,0.0014143087643362618
2017-05-09,-0.002215830544961883,0.93284916212115,-0.003408970069172128
2017-05-10,2.512599920073688e-05,0.9328726008884519,3.8655383385749046e-05
2017-05-11,0.002526899735153515,0.935229876416569,0.003887538054082331
2017-05-12,-0.0028913483548916874,0.9325258010519464,-0.004448228238294904
2017-05-15,-0.0014379045002204161,0.9311849180060422,-0.002054149286029166
2017-05-16,-0.002286366347507168,0.929055888146207,-0.0032662376392959547
2017-05-17,0.0011197921223838002,0.9300962376110073,0.0015997030319768576
2017-05-18,-0.0007316638811967924,0.9294157197879103,-0.0010452341159954176
2017-05-19,0.0008014246598231134,0.9301605764649755,0.0010017808247788917
2017-05-22,-0.0015801285941564047,0.9286908031409462,-0.0018589748166545938
2017-05-23,0.0013884617506431996,0.9299802547992816,0.0016334844125214113
2017-05-24,-0.0023953836904678505,0.9277525952644783,-0.002818098459373942
2017-05-25,-0.006204144807868989,0.9219966838175812,-0.007298993891610575
2017-05-26,0.0014061449224748058,0.9232931447730698,0.0016542881440880068
2017-05-30,0.0006353006552178742,0.9238797135129022,0.0007474125355504402
2017-05-31,-8.466955964592793e-05,0.9238014890243933,-0.00010583694955740991
2017-06-01,-0.0027904386097665603,0.9212236776816598,-0.003282868952666541
2017-06-02,-0.0029230259075526234,0.9185309170051453,-0.003438854008885439
2017-06-05,0.0005202516759289733,0.9190087842541099,0.0006120607952105568
2017-06-06,0.005663437492144518,0.9242135330584648,0.006662867637817081
2017-06-07,-0.0033363604146919466,0.9211300236120459,-0.003925129899637584
2017-06-08,-0.0018418044444334426,0.9194334822406561,-0.002166828758156991
2017-06-09,0.004215598564734135,0.9233094447087583,0.00495952772321663
2017-06-12,0.008617429629204537,0.931265998874516,0.010138152504946514
2017-06-13,-0.006834901258188653,0.9249008877271002,-0.008041060303751357
2017-06-14,-0.0024876996833152975,0.9226000120816035,-0.002926705509782703
2017-06-15,0.004260414092663023,0.9265306701749669,0.005012251873721204
2017-06-16,0.008433826357560608,0.9343448689621767,0.009922148655953658
2017-06-19,-0.004468499833481798,0.9301697490708046,-0.005957999777975731
2017-06-20,-0.00363060984932802,0.9267926656182811,-0.004840813132437361
2017-06-21,-0.0056094657087049915,0.921593853941416,-0.007479287611606655
2017-06-22,0.001716642924266476,0.9231759015098321,0.0022888572323553013
2017-06-23,-0.0017680567370168376,0.921543674137716,-0.002357408982689117
2017-06-26,0.0005957596430069545,0.9220926926680355,0.0007943461906759394
2017-06-27,-0.002974856312709456,0.9193495994003488,-0.003966475083612609
2017-06-28,-0.002506972761578863,0.9170448149962837,-0.003342630348771817
2017-06-29,0.00045602137809185874,0.9174630070365901,0.0006080285041224783
2017-06-30,-0.00034417436251207856,0.9171472397910149,-0.00045889915001610476
2017-07-03,0.005468681308832446,0.9221628257587073,0.007291575078443261
2017-07-05,-0.004906764919519829,0.9176379895551893,-0.006542353226026439
2017-07-06,-0.004201445411002142,0.9137825836350114,-0.005601927214669522
2017-07-07,-0.006420491980450027,0.9079156498849079,-0.00856065597393337
2017-07-10,0.0,0.9079156498849079,0.0
2017-07-11,-0.0004,0.907552483624954,-0.001
2017-07-12,-0.0004201683257522515,0.9071711588173771,-0.0009337073905605589
2017-07-13,0.0013542787147322432,0.9083997214083824,0.0030095082549605407
2017-07-14,0.0002883846889515984,0.9086616899794846,0.0006408548643368853
2017-07-17,-0.000548832468109789,0.9081629869414963,-0.001219627706910642
2017-07-18,-0.0020539377008445213,0.9062976767441057,-0.004564306001876715
2017-07-19,-0.001106478467943317,0.9052948778792412,-0.002458841039874038
2017-07-20,-0.0035850640418106094,0.902049337765321,-0.007966808981801354
2017-07-21,0.004514783922636445,0.9061218956128888,0.008208698041157174
2017-07-24,-2.572407681461497e-05,0.9060985864636426,-4.287346135769162e-05
2017-07-25,0.00735998870872302,0.9127674618290049,0.0122666478478717
2017-07-26,0.0032395358904717952,0.9157244047812548,0.005890065255403264
2017-07-27,0.005756373965838396,0.9209956569048205,0.010466134483342538
2017-07-28,-0.0004181355862498071,0.9206105558458871,-0.0008362711724996142
2017-07-31,0.003228939453085089,0.9235831515905846,0.005870799005609253
2017-08-01,0.0018498705079057598,0.9252916608243107,0.003363400923465018
2017-08-02,0.00416165512872822,0.9291424056101496,0.0069360918812137
2017-08-03,-0.001569040724667048,0.9276845433367322,-0.0026150678744450797
2017-08-04,0.000688306316523174,0.9283230744676519,0.0010589327946510369
2017-08-07,0.0022798780172932688,0.9304395378380769,0.003507504641989644
2017-08-08,0.0007057133384615443,0.9310961614305613,0.001085712828402376
2017-08-09,-1.7782122513188004e-06,0.9310945057439599,-2.7357111558750776e-06
2017-08-10,-0.0002459502978879147,0.9308655027729105,-0.0003783850736737149
2017-08-11,0.0004298373339153616,0.9312656235188561,0.0007163955565256027
2017-08-14,-0.0023064013809465213,0.9291177511987442,-0.003844002301577535
2017-08-15,-0.0038505289899797624,0.9255401563626486,-0.006417548316632937
2017-08-16,0.0006712252543921327,0.9261614022895532,0.001118708757320221
2017-08-17,-0.0017484022553147238,0.9245420996050048,-0.002914003758857873
2017-08-18,-0.0022847978351980104,0.9224297078172778,-0.003807996391996684
2017-08-21,0.0006805935028227183,0.9230575074832289,0.0011343225047045307
2017-08-22,-7.963952518528772e-05,0.9229839956216142,-0.00013273254197547954
2017-08-23,-0.00021856068374051518,0.9227822676084496,-0.00036426780623419197
2017-08-24,-0.0006499747114399989,0.9221824824703388,-0.0010832911857333316
2017-08-25,0.001999927274230645,0.924026780368849,0.0033332121237177417
2017-08-28,0.0005606995572603856,0.9245448817754987,0.0009344992621006428
2017-08-29,-0.00123818647647313,0.9234001228059918,-0.0020636441274552164
2017-08-30,0.0007634141472287858,0.9241050595232947,0.0012723569120479765
2017-08-31,0.00019172235433237428,0.924282231120957,0.0003195372572206238
2017-09-01,0.0009647886731397104,0.9251739681483268,0.0016079811218995173
2017-09-05,0.0010676340844128884,0.9261617154107334,0.0017793901406881474
2017-09-06,0.0005687026968389852,0.9266884260759967,0.0010340049033436096
2017-09-07,-0.00492057660467009,0.9221285846868286,-0.00984115320934018
2017-09-08,0.001453488962935201,0.9234688884070779,0.002642707205336729
2017-09-11,-0.0025254481694495013,0.9211367155933066,-0.004591723944453638
2017-09-12,-0.0015094290021819556,0.9197463251198154,-0.0027444163676035556
2017-09-13,0.0009371240146156257,0.9206082414884397,0.001703861844755683
2017-09-14,0.0028978105375813525,0.9232759897516092,0.005268746431966095
2017-09-15,0.010009623913962946,0.9325176351778146,0.018199316207205354
2017-09-18,0.0021706612012384217,0.9345418150279657,0.004341322402476843
2017-09-19,0.0006782257973530603,0.9351756453956228,0.0012331378133692006
2017-09-20,0.0022072093855771578,0.9372397738573032,0.0044144187711543156
2017-09-21,0.001195110104821473,0.9383598785816807,0.002172927463311769
2017-09-22,0.0014098928956217005,0.9396828655080294,0.002563441628403092
2017-09-25,0.004058131194416342,0.943496221857406,0.008116262388832684
2017-09-26,0.0011944605824803945,0.9446231909041337,0.002388921164960789
2017-09-27,0.0007532119188996544,0.9453346923503918,0.0015064238377993089
2017-09-28,-0.0008363398871672978,0.9445440712404561,-0.0016726797743345956
2017-09-29,-0.0007340374302952646,0.9438507405376021,-0.0016311942895450324
2017-10-02,0.001175025552279635,0.9449597892752718,0.002611167893954744
2017-10-03,-0.002971703584235719,0.9421516488825239,-0.005943407168471438
2017-10-04,-6.473070427497891e-05,0.942090662742758,-0.00011769218959087075
2017-10-05,0.0028772538047215023,0.9448012966865271,0.005231370554039095
2017-10-06,-0.0004269098489716461,0.9443979517076505,-0.0007761997254029929
2017-10-09,-0.0034760384314215576,0.9411151881329589,-0.005793397385702596
2017-10-10,0.0003886314710295102,0.9414809351129313,0.0006477191183825171
2017-10-11,0.0007477406137385845,0.9421849186451758,0.0012462343562309741
2017-10-12,0.0015427108729290928,0.9436384375634795,0.002571184788215155
2017-10-13,0.0022381697907632612,0.9457504606078371,0.0037302829846054355
2017-10-16,0.00022929155334364682,0.9459673132000254,0.000382152588906078
2017-10-17,-0.006146186994865155,0.9401532212020679,-0.010243644991441925
2017-10-18,0.001446562351585212,0.9415132114565803,0.0024109372526420203
2017-10-19,-0.0014431643803579975,0.9401544531261697,-0.002405273967263329
2017-10-20,0.0003718390010413075,0.9405040392188446,0.0006197316684021792
2017-10-23,-0.003592242091221187,0.9371255210221991,-0.005987070152035312
2017-10-24,-0.0023261102593189363,0.9349456637334798,-0.004229291380579884
2017-10-25,-0.003281683733002866,0.9318774677575641,-0.005048744204619793
2017-10-26,0.004073538965465473,0.9356735069335139,0.0062669830237930355
2017-10-27,-0.0009987389864919872,0.9347390133235118,-0.0015365215176799802
2017-10-30,-1.5441786600511874e-07,0.9347388689831081,-2.375659477001827e-07
2017-10-31,0.0025587899668139623,0.9371306694226531,0.0036554142383056604
2017-11-01,-0.00021695356937556087,0.9369273555789506,-0.0003337747221162475
2017-11-02,-3.963072062329598e-06,0.9369236424683233,-6.0970339420455356e-06
2017-11-03,-0.0011457428272395264,0.935850168925294,-0.0017626812726761947
2017-11-06,0.0024586614953676644,0.938151107701064,0.0035123735648109494
2017-11-07,1.659747187648941e-06,0.9381526647947267,2.212996250198588e-06
2017-11-08,0.0041293010741744575,0.9420265796012033,0.005505734765565943
2017-11-09,-0.003881511390059228,0.9383700927027427,-0.005175348520078971
2017-11-10,0.0014558735430705183,0.9397362408943173,0.0019411647240940243
2017-11-13,-0.003453194847263302,0.9364911485494745,-0.00460425979635107
2017-11-14,-0.0048943985824405345,0.9319075875995457,-0.00652586477658738
2017-11-15,0.002372777035661411,0.9341187965227605,0.0031637027142152143
2017-11-16,-0.001701972614665781,0.9325289519122343,-0.0022692968195543745
2017-11-17,0.0022801472792638887,0.9346552552647718,0.003040196372351852
2017-11-20,0.000968446265160039,0.9355604186559451,0.0012105578314500487
2017-11-21,-0.0016276013634033471,0.9340376992429945,-0.0019148251334157023
2017-11-22,0.0016992765310618273,0.9356248875844451,0.001999148860072738
2017-11-24,0.0004782237615547913,0.93607232563759,0.0005626161900644603
2017-11-27,-0.001968923386670196,0.9342292709440274,-0.002316380454906113
2017-11-28,0.002474879530120494,0.9365413758431262,0.0029116229766123457
2017-11-29,-0.0032380179279273835,0.9335088380779004,-0.004047522409909229
2017-11-30,-0.0023024970588631346,0.9313594367238034,-0.002878121323578918
2017-12-01,0.002352276752245147,0.933550251874793,0.002940345940306434
2017-12-04,0.004720056377885806,0.9379566616952315,0.005900070472357258
2017-12-05,0.0003591777191366497,0.9382935548296283,0.00042256202251370555
2017-12-06,0.0005479939219307728,0.9388077339946618,0.0006446987316832621
2017-12-07,-0.0001094702504139733,0.9387049624769308,-0.0001287885298987921
2017-12-08,0.001614219943201134,0.940220238748143,0.001899082286118981
2017-12-11,0.0014120275262358762,0.9415478556059794,0.0016612088543951483
2017-12-12,2.700590446674256e-05,0.9415732829574187,3.177165231381477e-05
2017-12-13,-0.0003591612428944013,0.9412351063268356,-0.00039906804766044594
2017-12-14,0.0012848122135219408,0.9424444166872399,0.00142756912613549
2017-12-15,-0.00540506641015368,0.9373504420271668,-0.0060056293446152
2017-12-18,-0.0016377262897256217,0.935815318565573,-0.001819695877472913
2017-12-19,0.0022054307724835133,0.9378791944664989,0.0024504786360927924
2017-12-20,0.001284064501977772,0.9390834918472569,0.0016050806274722149
2017-12-21,-4.7739081670583604e-05,0.9390386608637442,-5.9673852088229506e-05
2017-12-22,-0.0018704977422393965,0.9372821911687231,-0.0022005855791051724
2017-12-26,-0.0030001522767104383,0.9344702018689681,-0.003750190345888048
2017-12-27,-0.0010801450175799477,0.9334608385363424,-0.0013501812719749345
2017-12-28,0.0015699398970517309,0.9349263159490959,0.0019624248713146636
2017-12-29,0.00011250594474156439,0.9350315007175355,0.0001406324309269555
2018-01-02,-0.001406347673472552,0.9337165213418778,-0.0017579345918406902
2018-01-03,0.0012721897218971323,0.9349043859034943,0.0015902371523714154
2018-01-04,-0.00013684962145223966,0.9347764445921894,-0.00016099955464969374
2018-01-05,-0.001069971611590653,0.9337762603332922,-0.0011888573462118367
2018-01-08,0.0,0.9337762603332922,0.0
2018-01-09,-0.00025,0.9335428162682089,-0.001
2018-01-10,-0.0008775781853934573,0.9327235594575212,-0.0025073662439813065
2018-01-11,-0.001740526625402672,0.931100129268145,-0.004972933215436205
2018-01-12,-0.002073839573800945,0.9291691769728976,-0.005925255925145557
2018-01-16,-0.001068945013725342,0.9281759462142651,-0.0030541286106438342
2018-01-17,3.883334207500648e-05,0.9282119903882904,9.70833551875162e-05
2018-01-18,-0.002699412481785751,0.925706363355693,-0.005398824963571502
2018-01-19,-0.0008639980569801975,0.9249065548564195,-0.0015709055581458137
2018-01-22,-0.00276315872094558,0.9223508912433083,-0.0046052645349092996
2018-01-23,-0.0012207616294042877,0.9212249206664316,-0.0018780948144681352
2018-01-24,-0.0012551574610634498,0.9200686383339396,-0.0019310114785591535
2018-01-25,0.004796759772367848,0.9244819865661171,0.0073796304190274584
2018-01-26,-0.0006413075616137409,0.9238891092775566,-0.0009866270178672937
2018-01-29,-0.0033655744577088973,0.9207796916896166,-0.00448743261027853
2018-01-30,0.00723871223210566,0.9274449509069247,0.009048390290132075
2018-01-31,-0.003136171404330662,0.9245363245727996,-0.004181561872440883
2018-02-01,-0.0010382697771792793,0.9235764064490912,-0.001297837221474099
2018-02-02,0.00013433960644341217,0.9237004793400541,0.00014926622938156908
2018-02-05,0.005015664886526073,0.9283334513999473,0.005572960985028969
2018-02-06,-0.00025950775514515525,0.9280925416699484,-0.0002883419501612836
2018-02-07,0.0012587120302990028,0.929260742917379,0.0014808376827047092
2018-02-08,0.007105191927793397,0.9358633188467709,0.008359049326815762
2018-02-09,0.0004361434837168887,0.9362714895349354,0.0005131099808433985
2018-02-12,-8.525525762214658e-05,0.9361916674678908,-0.00010030030308487833
2018-02-13,-0.002641582012137761,0.9337186403991945,-0.003301977515172201
2018-02-14,-0.004601301863305318,0.9294223190793228,-0.005751627329131648
2018-02-15,0.0033258831458087335,0.9325134691056872,0.004157353932260917
2018-02-16,0.0011737249416336527,0.933607983422786,0.0014671561770420657
2018-02-20,-0.0017085303041885491,0.9320128858908757,-0.0021356628802356864
2018-02-21,0.0020609573812937153,0.9339337247275135,0.0025761967266171443
2018-02-22,-0.000964036848831018,0.9330333782025101,-0.0012050460610387725
2018-02-23,-3.568739851802505e-05,0.9330000806685116,-4.460924814753131e-05
2018-02-26,0.0022133761587085576,0.9350651608031365,0.002766720198385697
2018-02-27,-0.002372736802160924,0.9328464972836804,-0.003163649069547899
2018-02-28,-0.0016398797923977081,0.9313167411633759,-0.0020498497404971353
2018-03-01,0.0006459441339046801,0.9319183197491375,0.0008074301673808501
2018-03-02,-0.0015626438487457539,0.9304620633192481,-0.0019533048109321924
2018-03-05,0.002186718928300235,0.9324967223251736,0.002733398660375294
2018-03-06,0.00028017822561987593,0.9327579876022309,0.0003502227820248449
2018-03-07,-0.0008123021046346435,0.9320003063257869,-0.0010153776307933043
2018-03-08,0.00044567036657967016,0.9324156712439594,0.0005570879582245877
2018-03-09,-0.0012918855287994192,0.9312110969314535,-0.0016148569109992739
2018-03-12,-0.001242176016537655,0.9300543688405116,-0.0014613835488678294
2018-03-13,0.0026957303348756957,0.9325615446156788,0.003171447452794936
2018-03-14,0.0010060847285581487,0.9334997805441573,0.0011836290924213514
2018-03-15,0.0007244346980159356,0.9341760401757737,0.0008522761153128653
2018-03-16,0.0026145049021415344,0.9366184480122764,0.003075888120166511
2018-03-19,0.0013498885837869789,0.9378827785626126,0.0015881042162199752
2018-03-20,-0.0009813989933471878,0.9369623413478536,-0.0011545870509966916
2018-03-21,1.8242563560899593e-05,0.9369794339429198,2.1461839483411286e-05
2018-03-22,0.001058471732275168,0.9379712001874717,0.0012452608615001976
2018-03-23,-0.0018250193132073322,0.9362593846318973,-0.0021470815449498026
2018-03-26,-0.009677375245038972,0.9271988512401251,-0.011385147347104673
2018-03-27,0.00674859886331784,0.9334561443536739,0.007939528074491576
2018-03-28,0.0009710138636042309,0.934362543210908,0.0012137673295052887
2018-03-29,0.0008043787936551083,0.9351141246262524,0.0010054734920688854
2018-04-02,0.0021955318309983484,0.9371671974524854,0.002927375774664465
2018-04-03,-0.0027526443789575917,0.9345875094342744,-0.003670192505276789
2018-04-04,-0.004228346599178356,0.9306357495171234,-0.005637795465571142
2018-04-05,0.001846378379966862,0.9323540552446561,0.002461837839955816
2018-04-06,0.0008234984190003458,0.9331218473350986,0.001097997892000461
2018-04-09,-0.0010911082323369625,0.9321037104056978,-0.0014548109764492834
2018-04-10,-0.00504435641788048,0.9274018470719827,-0.006725808557173973
2018-04-11,0.0007324367626556916,0.9280811102785331,0.0009765823502075888
2018-04-12,-0.0037850565258643444,0.9245682708155419,-0.005046742034485793
2018-04-13,-2.3406124850744447e-05,0.9245466302551621,-3.120816646765926e-05
2018-04-16,0.0015881279945019367,0.9260149286408929,0.002117503992669249
2018-04-17,-0.0025041705647821655,0.9236960293140415,-0.0033388940863762206
2018-04-18,0.002630701817943215,0.9261259981375849,0.003507602423924287
2018-04-19,-0.00013143416906455374,0.9260042735365706,-0.0001877630986636482
2018-04-20,0.0031275460447198035,0.9289003945396634,0.003909432555899754
2018-04-23,-0.0026336048847008797,0.9264540379232032,-0.0032920061058760997
2018-04-24,-0.0033492518633296275,0.9233511100103997,-0.004186564829162034
2018-04-25,0.0025389919271635196,0.9256954910246535,0.002987049326074729
2018-04-26,-0.0035018287784029213,0.9224538639141456,-0.0041197985628269665
2018-04-27,-0.004861079891134679,0.9179697419857731,-0.005718917518981975
2018-04-30,0.0016779284547434326,0.9195100295364446,0.0019740334761687442
2018-05-01,-0.004154960208460373,0.9156895019524404,-0.004616622453844859
2018-05-02,-0.00022801363786928986,0.9154807122579415,-0.0002533484865214332
2018-05-03,-0.0006747895710002949,0.9148629554208578,-0.0007938700835297588
2018-05-04,0.0024263340843233006,0.9170827185920802,0.002854510687439177
2018-05-07,0.00019996133219735146,0.917266099674225,0.00023524862611453112
2018-05-08,9.693552420620422e-05,0.9173550153444335,0.00011404179318376967
2018-05-09,-0.0005386781991038314,0.916860856196829,-0.0006337390577692134
2018-05-10,0.0019411832966808428,0.9186406511762588,0.002283745054918639
2018-05-11,0.0015240550233570683,0.920040710075344,0.0019050687791963353
2018-05-14,-0.0006641934513933357,0.9194296250606967,-0.0008302418142416695
2018-05-15,-0.0024683322169887,0.9171601672959055,-0.003085415271235875
2018-05-16,-0.0001241791234837919,0.9170462751502364,-0.00015522390435473987
2018-05-17,0.0024763498862450718,0.9193172025893861,0.0030954373578063396
2018-05-18,0.0003444007097055391,0.9196338160864024,0.0004051773055359283
2018-05-21,0.002033754160840895,0.9215041251863181,0.0023926519539304645
2018-05-22,-0.0029559278788961253,0.9187802254521621,-0.0032843643098845834
2018-05-23,0.0006484261530135038,0.9193759865792169,0.0007204735033483375
2018-05-24,0.002793718348248336,0.9219444641418622,0.003104131498053707
2018-05-25,0.0012743062734044519,0.9231193037562486,0.00141589585933828
2018-05-29,-0.002051326291522981,0.9212256848582411,-0.0022792514350255346
2018-05-30,-0.00022138480707796228,0.9210217394877235,-0.00024598311897551365
2018-05-31,-0.0016136572426250883,0.9195355260871839,-0.0017929524918056537
2018-06-01,-0.0023258937140016645,0.9173967841872565,-0.0025843263488907384
2018-06-04,-0.0018355411346497764,0.9157128646530853,-0.0020394901496108625
2018-06-05,-0.0008498947761704789,0.9149346050729446,-0.0009443275290783099
2018-06-06,-0.0022003672272244033,0.9129214129528885,-0.0024448524746937816
2018-06-07,0.0034555849785021576,0.9160760904740414,0.004065394092355479
2018-06-08,-0.0006751825627005215,0.9154575718716464,-0.0007943324267064958
2018-06-11,-0.0027516160422166314,0.9129385841309158,-0.0032371953437842723
2018-06-12,0.0015952994129316666,0.9143949945182224,0.0018768228387431372
2018-06-13,0.0020310849878755035,0.9162522084645769,0.002256761097639448
2018-06-14,0.0013169532068309287,0.9174588697487802,0.0014632813409232541
2018-06-15,0.005219439898415795,0.9222474911787024,0.0057993776649064395
2018-06-18,-0.0035393841553255532,0.9189833030211358,-0.003932649061472837
2018-06-19,-0.0025857030861397177,0.9166070850584033,-0.002873003429044131
2018-06-20,-0.0031828700655103627,0.9136896438055362,-0.0035365222950115138
2018-06-21,0.0005116231746839839,0.9141571086017759,0.0005684701940933154
2018-06-22,0.000939436252581316,0.9150159009301514,0.0010438180584236845
2018-06-25,0.004341613188107529,0.9189885460329579,0.004824014653452811
2018-06-26,-0.0015854451699538808,0.917531540081407,-0.0018652296117104479
2018-06-27,0.0009872289994891537,0.9184373538257214,0.0011614458817519454
2018-06-28,-0.0012311381518959053,0.9173066305593003,-0.0015389226898698816
2018-06-29,-0.001391368203146137,0.916030319281005,-0.0017392102539326715
2018-07-02,-0.003211746143834021,0.9130882624354192,-0.004014682679792526
2018-07-03,0.0022496873882640323,0.9151424255837921,0.0028121092353300403
2018-07-05,-0.00012106238260499725,0.915031636261328,-0.00015132797825624655
2018-07-06,-0.001572618423298422,0.9135926406522424,-0.0019657730291230274
2018-07-09,-0.0007061099268710341,0.9129475438195616,-0.0008826374085887927
2018-07-10,0.0,0.9129475438195616,0.0
2018-07-11,-0.00025,0.9127193069336067,-0.001
2018-07-12,0.0005474128985237859,0.913218941254954,0.0015640368529251027
2018-07-13,0.0005184988299898219,0.9136924442075192,0.0014814252285423482
2018-07-16,-0.001894805591256926,0.9119611746555456,-0.005413730260734074
2018-07-17,0.00046069277991657166,0.9123813085842737,0.0011517319497914291
2018-07-18,-0.0010682099743597295,0.9114066937700246,-0.002373799943021621
2018-07-19,-0.003236627495921701,0.9084568098050014,-0.007192505546492669
2018-07-20,0.0033948694216973663,0.9115409020495412,0.007544154270438592
2018-07-23,0.0015302197151831898,0.9129357599090533,0.003400488255962644
2018-07-24,0.0008257668065509595,0.9136896319560996,0.0015013941937290173
2018-07-25,-0.002572369793166934,0.911339284346526,-0.004677035987576244
2018-07-26,0.004606881897298626,0.9155377167978791,0.00767813649549771
2018-07-27,0.0022829287538924047,0.91762782417683,0.0038048812564873413
2018-07-30,-0.0004958860343861393,0.9171727853540566,-0.0008264767239768989
2018-07-31,0.005084834397468379,0.9218364570814467,0.008474723995780633
2018-08-01,-0.0012634229237018125,0.9206717877696659,-0.00229713258854875
2018-08-02,-0.0030172984793989223,0.917893846184403,-0.005028830798998203
2018-08-03,-0.0039279526902097905,0.9142884025819559,-0.006546587817016318
2018-08-06,-0.0021589172821383784,0.912314529548763,-0.0035981954702306307
2018-08-07,0.005723324883284153,0.9175360019971112,0.009538874805473588
2018-08-08,0.000353637581625027,0.9178604772099114,0.000589395969375045
2018-08-09,0.0017993105803960352,0.9195119932778825,0.002998850967326725
2018-08-10,3.2640359078406385e-05,0.91954200647952,5.021593704370213e-05
2018-08-13,0.00046420297622889464,0.9199688606156954,0.0007141584249675301
2018-08-14,0.00028094651727921807,0.9202273226630907,0.00043222541119879697
2018-08-15,0.0005948160480065634,0.9207746886424247,0.0009151016123177899
2018-08-16,0.0026645039068574237,0.9232280963976478,0.004099236779780652
2018-08-17,0.00023888162102018163,0.9234486386218866,0.0003675101861848948
2018-08-20,0.0010099734494941615,0.9243812972288663,0.0015538053069140945
2018-08-21,0.003519288530874348,0.9276344617263587,0.005414290047498997
2018-08-22,-0.0018713406032772495,0.9258985416931309,-0.0028789855435034607
2018-08-23,0.0013774125389132863,0.9271738859542205,0.0022956875648554773
2018-08-24,0.001111066320298848,0.9282040376319648,0.00185177720049808
2018-08-27,0.0026721642103878116,0.9306843512412624,0.00445360701731302
2018-08-28,0.00152831679849868,0.9321067317693643,0.0027787578154521457
2018-08-29,-0.0005928483053231348,0.9315541338730545,-0.001077906009678427
2018-08-30,-0.0014313362588213197,0.9302207666641872,-0.0028626725176426394
2018-08-31,-8.684622216002524e-05,0.9301399805048276,-0.00017369244432005048
2018-09-04,0.00048799781395114097,0.9305938867819825,0.0008133296899185682
2018-09-05,0.0001255845842687342,0.9307107550283771,0.00020930764044789033
2018-09-06,0.004085559007347234,0.9345132287368182,0.00680926501224539
2018-09-07,-0.0012759340353482196,0.9333208515017898,-0.002126556725580366
2018-09-10,-0.00017543870529252993,0.9331571108999798,-0.00029239784215421655
2018-09-11,-0.0006027021597854287,0.9325946950938212,-0.0010958221087007795
2018-09-12,-0.00016619418039127143,0.9324397032828328,-0.00030217123707503897
2018-09-13,-0.0004588265331649577,0.9320118752063902,-0.0008342300602999231
2018-09-14,0.0002551476849450729,0.9322496758786903,0.00046390488171831436
2018-09-17,0.0006007742082808021,0.9328097474396364,0.0010923167423287311
2018-09-18,0.000536716523299946,0.9333104018441825,0.00097584822418172
2018-09-19,0.0011110581389201456,0.9343473639622903,0.002020105707127538
2018-09-20,-0.0018028041078029966,0.9326629186964243,-0.003277825650550903
2018-09-21,0.0036608893630304617,0.9360772944547731,0.0066561624782372035
2018-09-24,-0.00016717516325374105,0.9359208055802545,-0.00030395484227952916
2018-09-25,-0.0014673014168758713,0.9345475276561429,-0.0026678207579561297
2018-09-26,0.0010529947540488082,0.9355316013001741,0.0019145359164523786
2018-09-27,-0.0001908889724454188,0.9353530186341117,-0.00034707085899167054
2018-09-28,0.00010487387544553251,0.9354511127300854,0.00017478979240922085
2018-10-01,-0.0007054182565520816,0.9347912284370536,-0.0011756970942534695
2018-10-02,0.00249990900339066,0.937128121445314,0.0041665150056511
2018-10-03,-0.00122463043104713,0.935980485830002,-0.0022266007837220547
2018-10-04,-0.00023105091588601076,0.9357642266814995,-0.0003850848598100179
2018-10-05,0.0012991531763775987,0.9369799277489332,0.0021652552939626646
2018-10-08,-0.0003424508157100437,0.9366590582083717,-0.0005707513595167394
2018-10-09,-0.002474877823489802,0.9343409414770409,-0.004124796372483003
2018-10-10,-0.0012505320475242776,0.9331725181864099,-0.002273694631862323
2018-10-11,0.00043009400737061275,0.9335738700943249,0.0007168233456176879
2018-10-12,-0.0003283245856473549,0.933267354840255,-0.0005472076427455915
2018-10-15,0.0036872013395021384,0.9367084994811357,0.006145335565836897
2018-10-16,0.0033553999616815267,0.9398515311444015,0.005592333269469211
2018-10-17,-0.00676797396895164,0.9334906404469367,-0.009668534241359486
2018-10-18,-0.003997565344437221,0.9297589506133296,-0.005330087125916294
2018-10-19,-0.004295244431630735,0.9257654086579488,-0.005726992575507646
2018-10-22,0.0013568711717929394,0.9270215530527998,0.0018091615623905858
2018-10-23,-0.0013203001990226225,0.9257976063118059,-0.0016503752487782783
2018-10-24,-0.0034628467319636645,0.9225917110963293,-0.004328558414954581
2018-10-25,-0.0025964437092361346,0.9201962536518599,-0.002884937454706816
2018-10-26,6.845942063515853e-06,0.9202025532620994,7.606602292795392e-06
2018-10-29,-0.009342947071958685,0.9116051495114904,-0.010381052302176317
2018-10-30,-0.001423639897488893,0.9103073520498894,-0.0016748704676339918
2018-10-31,0.0022861303249813282,0.9123884332924641,0.00285766290622666
2018-11-01,0.004810031755064187,0.9167770506295541,0.006012539693830234
2018-11-02,-0.004358798446971307,0.912781004245051,-0.005448498058714134
2018-11-05,-0.0036309912182947712,0.9094667044344109,-0.004538739022868464
2018-11-06,0.0029050784641246885,0.9121087765713017,0.0036313480801558606
2018-11-07,-0.00038936203565990144,0.9117536360413127,-0.00048670254457487683
2018-11-08,-0.0007469518843175426,0.9110725999448382,-0.0009336898553969283
2018-11-09,-0.0001863216957895042,0.9109028473530292,-0.00023290211973688024
2018-11-12,-0.006999076303098045,0.9045273688196961,-0.008748845378872556
2018-11-13,-0.00047401534123842624,0.9040986089703055,-0.0005925191765480328
2018-11-14,0.003728657409859143,0.907469682947886,0.004660821762323929
2018-11-15,-0.001202559014836152,0.9063783970999665,-0.00150319876854519
2018-11-16,-0.0029488372107536187,0.903705634755575,-0.0036860465134420234
2018-11-19,-0.004981938995891838,0.899203428412979,-0.005861104701049221
2018-11-20,-0.0008735485619834893,0.8984179305511582,-0.001027704190568811
2018-11-21,0.007177505824615948,0.9048663304806285,0.008444124499548174
2018-11-23,-0.0056329846874044074,0.8997692322968833,-0.006627040808711068
2018-11-26,0.0031348052642954038,0.9025898336229387,0.0036880061932887103
2018-11-27,-0.002257601661433667,0.9005521453149584,-0.0026560019546278436
2018-11-28,0.000584490720835612,0.9010785096875237,0.0006876361421595436
2018-11-29,-0.0006980963406882978,0.900449470077238,-0.000821289812574468
2018-11-30,-0.0018192001408866066,0.8988113722744121,-0.002140235459866596
2018-12-03,0.008827396038810864,0.9067455362216653,0.010385171810365723
2018-12-04,-0.009683667213285502,0.8979649142017626,-0.012104584016606877
2018-12-06,0.0024168815874591352,0.9001351890690813,0.0030211019843239192
2018-12-07,-0.003359726928806045,0.8971109806348,-0.003952619916242406
2018-12-10,-0.0029807226748677753,0.894436941592949,-0.0035067325586679706
2018-12-11,-0.0037159462804317255,0.8911132619667559,-0.004371701506390265
2018-12-12,0.000510633892021356,0.8915682945999458,0.00056737099113484
2018-12-13,-0.0045888608224096015,0.8874770117823536,-0.005098734247121779
2018-12-14,0.012672752538588872,0.8987237883363576,0.014080836153987634
2018-12-17,0.0009400229090235412,0.8995686092862781,0.0010444698989150458
2018-12-18,0.0032626410614406964,0.9025035787685186,0.003625156734934107
2018-12-19,0.0013169326484619936,0.9036921151967525,0.001463258498291104
2018-12-20,-0.00409061960276672,0.899995454515463,-0.004545132891963023
2018-12-21,-0.00450283318830727,0.8959429251135451,-0.004739824408744495
2018-12-24,-0.0006158827086624296,0.8953911293580192,-0.0006482975880657154
2018-12-26,0.006142741280031183,0.9008912854101006,0.006466043452664404
2018-12-27,-1.0511662549367307e-05,0.9008818155449146,-1.1064907946702429e-05
2018-12-28,-0.0017573118974186063,0.8992986852122895,-0.0018498019972827435
2018-12-31,-2.3092615766762136e-05,0.8992779180532924,-2.4308016596591724e-05
2019-01-02,0.010416801499683432,0.9086455176187022,0.010965054210193085
2019-01-03,0.0032780877803936627,0.9116241373867175,0.0034506187162038553
2019-01-04,0.0023621323890323453,0.9137775142882624,0.002486455146349837
2019-01-07,0.007583757109913047,0.9207073810091247,0.007583757109913047
2019-01-08,-0.0010388055835081175,0.9197509450409553,-0.0010388055835081175
2019-01-09,0.0,0.9197509450409553,0.0
2019-01-10,-0.00025,0.9195210073046951,-0.001
2019-01-11,0.0008998082828999999,0.9203483999233684,0.0035992331315999994
2019-01-14,0.0006765340815139797,0.9209710469827834,0.002255113605046599
2019-01-15,0.0019041762486490532,0.9227247381761415,0.006347254162163511
2019-01-16,0.0055579577694789386,0.927853203303778,0.015879879341368395
2019-01-17,0.001695359947559766,0.9294262484618742,0.00565119982519922
2019-01-18,0.0010619626901026246,0.9304132644609429,0.0035398756336754156
2019-01-22,0.00015140577509225038,0.9305541344024046,0.000504685916974168
2019-01-23,-0.0003800687027222693,0.9302004598997295,-0.0012668956757408978
2019-01-24,0.0005249704193884652,0.9306887876252784,0.0017499013979615508
2019-01-25,0.0009461897822178155,0.9315693958465542,0.003153965940726052
2019-01-28,5.7352209352218296e-05,0.931622823409571,0.00014338052338054574
2019-01-29,0.003903075889777541,0.9352590179899875,0.009757689724443852
2019-01-30,0.0038725349249891182,0.9388808412010646,0.008605633166642486
2019-01-31,-0.0005190813966580888,0.9383934856227184,-0.0012977034916452218
2019-02-01,0.003218621953759865,0.9414138194968088,0.008046554884399662
2019-02-04,0.0003394721911226972,0.9417334033088666,0.000848680477806743
2019-02-05,-0.00026239518694752274,0.9414862969964507,-0.0006559879673688068
2019-02-06,-0.0006292989118557412,0.9408938206942238,-0.0017979968910164037
2019-02-07,-0.0012676297659617419,0.9397011156805023,-0.0036217993313192626
2019-02-08,0.002203504189454869,0.9417717510257396,0.00629572625558534
2019-02-11,0.0010895160826944416,0.9427978264947096,0.002723790206736104
2019-02-12,-0.0007252012959361065,0.9421141082891299,-0.0018130032398402662
2019-02-13,0.0007834056540906908,0.9428521658083623,0.001958514135226727
2019-02-14,0.0005783285125046056,0.9433974440989259,0.001445821281261514
2019-02-15,0.0006885623233188365,0.9440470320348477,0.0015301384962640812
2019-02-19,0.0002921483033514694,0.9443228337735408,0.0005842966067029387
2019-02-20,-0.001108222043087892,0.9432763143933617,-0.002216444086175784
2019-02-21,0.00037312397194936284,0.9436282733984338,0.0007462479438987257
2019-02-22,-0.0019997772788628077,0.9417412270175991,-0.0039995545577256155
2019-02-25,-0.0006355687184437353,0.9411426857528379,-0.0012711374368874705
2019-02-26,-0.001775217058228923,0.939471953202862,-0.003550434116457846
2019-02-27,0.0003725903144924936,0.9398219913533628,0.0006774369354408974
2019-02-28,-0.002328067434871589,0.9376340223807168,-0.0038801123914526483
2019-03-01,-0.0023881679831530165,0.9353947948285523,-0.0036741045894661795
2019-03-04,-0.003356202270183045,0.9322554206946312,-0.005163388107973916
2019-03-05,0.003151269890388547,0.9351932091320178,0.004848107523674688
2019-03-06,-0.002578411008967818,0.9327818966660798,-0.003966786167642797
2019-03-07,0.00020348730076253375,0.9329717059364326,0.00031305738578851343
2019-03-08,-0.0021355247169817125,0.9309793217981608,-0.003285422641510327
2019-03-11,0.001178539631549902,0.9320765178250535,0.0018131378946921568
2019-03-12,6.748355938280825e-05,0.9321394176660934,0.00010382086058893577
2019-03-13,0.0029622267107372313,0.934900625947235,0.004557271862672663
2019-03-14,-0.0034215428859601825,0.9317018233614455,-0.005263912132246435
2019-03-15,-0.004196986822190713,0.9277914830865864,-0.006456902803370327
2019-03-18,0.005586989023301658,0.9329750439185038,0.008595367728156398
2019-03-19,0.001228485612876512,0.9341211903371306,0.0018899778659638646
2019-03-20,-0.0025819224180222535,0.9317093618946495,-0.003972188335418851
2019-03-21,-0.0008977434821638375,0.9308729258877375,-0.001381143818713596
2019-03-22,-0.0006159967733801508,0.9302995111689637,-0.0009476873436617705
2019-03-25,0.00013420717957904894,0.9304243640425215,0.00020647258396776759
2019-03-26,-0.0045238988759630505,0.9262152183078609,-0.006959844424558539
2019-03-27,0.0005572934454137312,0.9267313919780663,0.0008573745314057404
2019-03-28,0.000987867728678682,0.9276468800133549,0.0015197965056595107
2019-03-29,0.0034377603961283755,0.9308359077190569,0.005288862147889808
2019-04-01,5.8284825376347936e-05,0.9308901613273922,8.966896211745837e-05
2019-04-02,-0.00016405961157623384,0.9307374398491046,-0.0002523994024249751
2019-04-03,0.0016795132932507228,0.9323006257518573,0.002583866605001112
2019-04-04,0.0035154822996412037,0.9355781120996325,0.005408434307140313
2019-04-05,-0.0007939325657501994,0.9348353261686335,-0.001134189379643142
2019-04-08,0.0019465715260063964,0.9366550499960582,0.0027808164657234236
2019-04-09,-0.0015309438868252533,0.9352210836732027,-0.0021870626954646477
2019-04-10,-0.002466165497408096,0.9329146737041992,-0.0035230935677258513
2019-04-11,-0.005863666096035269,0.9274443735615061,-0.008376665851478957
2019-04-12,-0.00810306642091584,0.9199292302008325,-0.011575809172736913
2019-04-15,0.004234217267913903,0.9238244104326077,0.006514180412175236
2019-04-16,-0.005081778474941989,0.9191297394290453,-0.007818120730679983
2019-04-17,0.003111083568901757,0.9219892288590719,0.004786282413695011
2019-04-18,-0.002456439191874338,0.9197244183828165,-0.003779137218268212
2019-04-22,0.003136425514954777,0.9226090655153594,0.004825270023007349
2019-04-23,0.001055639145307824,0.9235830077607332,0.0016240602235504985
2019-04-24,-0.004668256867596365,0.9192714850419588,-0.007181933642455947
2019-04-25,0.00016843335128806646,0.919426321018928,0.0002591282327508715
2019-04-26,0.002392403715022856,0.9216259599650235,0.00299050464377857
2019-04-29,-0.0024488002222108006,0.9193690821094659,-0.0028809414378950598
2019-04-30,-0.007147153401358991,0.9127982102471629,-0.008408415766304696
2019-05-01,0.002763792240333096,0.9153209948576341,0.003251520282744819
2019-05-02,-0.002348372224256751,0.9131714804570313,-0.0027627908520667654
2019-05-03,0.0020150127287498877,0.9150115326136836,0.0023706032102939856
2019-05-06,0.00333996337128824,0.9180676376169197,0.003929368672103813
2019-05-07,-0.0022917897080071636,0.9159636196537748,-0.002696223185890781
2019-05-08,-0.001293990122493438,0.9147783717773795,-0.0015223413205805152
2019-05-09,-0.001951946589961101,0.9129927732540185,-0.002296407752895413
2019-05-10,0.00044485891241954347,0.9133989262261751,0.0005233634263759335
2019-05-13,0.00043734712086078155,0.9137983986167575,0.000514526024542096
2019-05-14,-0.0009824118594738529,0.9129006722327881,-0.0010915687327487254
2019-05-15,-0.003103953908979057,0.9100670706227015,-0.0034488376766433964
2019-05-16,-0.002946330237895106,0.9073857124940132,-0.0032737002643278956
2019-05-17,0.0014273349403244539,0.9086808558258072,0.0016792175768522988
2019-05-20,0.0005312918404044853,0.9091636305500392,0.0006250492240052768
2019-05-21,0.004432944034869246,0.913193902042806,0.00492549337207694
2019-05-22,9.86282039968367e-05,0.9132839687172654,0.00010958689332981854
2019-05-23,0.00017865748994606024,0.9134471337387243,0.00019850832216228916
2019-05-24,-0.0018180929168717219,0.9117864019749372,-0.00202010324096858
2019-05-28,-0.004895542117150764,0.9073227132422235,-0.005439491241278627
2019-05-29,-0.0022493526536512655,0.905281824489474,-0.002499280726279184
2019-05-30,0.0006248651175772224,0.9058475035231742,0.0006942945750858027
2019-05-31,0.0019368449433897817,0.9076019896798554,0.0021520499370997572
2019-06-03,-0.0027997270337458136,0.9050609518534671,-0.003110807815273126
2019-06-04,0.003431752164490154,0.9081668967339859,0.0038130579605446155
2019-06-05,-0.0032102547882710887,0.9052514496051963,-0.0035669497647456538
2019-06-06,-0.005767796276350379,0.9000301436650027,-0.006408662529278198
2019-06-07,0.0015195156174745317,0.9013977535244995,0.0016883506860828129
2019-06-10,0.0032143505068423285,0.9042951618504074,0.0035715005631581425
2019-06-11,-0.0025429447509839665,0.9019955892152397,-0.0028254941677599626
2019-06-12,-0.0040032269814672,0.8983846961353289,-0.004448029979408001
2019-06-13,0.0007828920981410858,0.8990880344150243,0.0008698801090456509
2019-06-14,-0.0024455401550510956,0.8968892785239364,-0.002717266838945662
2019-06-17,0.0005973681965251553,0.8974250516547311,0.000663742440583506
2019-06-18,0.0017345982398583703,0.8989817235697363,0.0019273313776204115
2019-06-19,-0.001689023242577381,0.8974633225439748,-0.0018766924917526457
2019-06-20,0.005264620247311169,0.902188126123059,0.005849578052567966
2019-06-21,0.004584538162197826,0.9063242420167519,0.005093931291330918
2019-06-24,-0.0011471715888018985,0.9052845325960679,-0.0012746350986687761
2019-06-25,0.001762256378281879,0.9068798760377953,0.001958062642535421
2019-06-26,0.002864436896515782,0.9094775762154257,0.0031827076627953133
2019-06-27,0.0013849950240449604,0.9107371981329645,0.001538883360049956
2019-06-28,-0.000916009508433635,0.9099029541997905,-0.001017788342704039
2019-07-01,-0.0018011264432082398,0.9082641039282279,-0.002118972286127341
2019-07-02,-0.0017460741170368,0.9066782074849252,-0.0020542048435727056
2019-07-03,-0.002641847273617126,0.9042829021344331,-0.0031080556160201483
2019-07-05,-0.0005052924257293978,0.903825974833268,-0.0005944616773287033
2019-07-08,-0.0005822969295771252,0.9032996797432505,-0.0007278711619714065
2019-07-09,-0.0045068966630486375,0.8992286014308828,-0.005633620828810797
2019-07-10,-0.0032317249284701255,0.8963225419432452,-0.004039656160587657
2019-07-11,0.0,0.8963225419432452,0.0
2019-07-12,-0.00030000000000000003,0.8960536451806623,-0.001
2019-07-15,-0.0013988610844543835,0.8948001906068356,-0.0039967459555839534
2019-07-16,0.0027287122949606,0.8972418428884775,0.0068217807374015005
2019-07-17,-0.006452279010011908,0.8914525881787039,-0.01613069752502977
2019-07-18,0.01007788383208556,0.9004365438041809,0.022395297404634577
2019-07-19,0.0010151300746509217,0.9013506040201111,0.0020302601493018433
2019-07-22,-0.0015387088720665632,0.8999636878488628,-0.0027976524946664787
2019-07-23,0.0010359206680716272,0.9008959788336195,0.001726534446786045
2019-07-24,-0.002557491037692394,0.8985919454418594,-0.004262485062820657
2019-07-25,0.0009565636701171831,0.899451505851129,0.0015942727835286385
2019-07-26,-0.0022172088044645267,0.897457234053167,-0.0036953480074408776
2019-07-29,0.0015482539279354113,0.8988467257409439,0.002381929119900633
2019-07-30,0.00030584628434401353,0.8991216346722065,0.00047053274514463617
2019-07-31,0.007634474944552655,0.9059859562642167,0.011745346068542547
2019-08-01,-0.006321476095264883,0.9002587876990468,-0.00903068013609269
2019-08-02,0.00037613821212873486,0.9005974094299051,0.0005373403030410498
2019-08-05,-0.0003647320558022693,0.9002689326853135,-0.0005210457940032419
2019-08-06,-0.0034296321499372616,0.8971813414101862,-0.0048994744999103735
2019-08-07,-0.007123310494347357,0.8907904401455864,-0.010176157849067653
2019-08-08,-6.47433361225247e-05,0.8907327674007054,-8.632444816336626e-05
2019-08-09,0.0011075153760849276,0.8917192676365843,0.0014766871681132368
2019-08-12,0.00026382262413965905,0.891954523353768,0.00037688946305665583
2019-08-13,0.0027038660228445865,0.8943662488833869,0.0036051546971261153
2019-08-14,0.0009927400256124041,0.8952541220562102,0.0013236533674832055
2019-08-15,-0.004143913302506824,0.8915442665906974,-0.005525217736675765
2019-08-16,0.002000730666350459,0.8933280065452744,0.0026676408884672782
2019-08-19,-0.003382296084015912,0.8903065067269945,-0.004509728112021216
2019-08-20,-0.005928054917521325,0.8850287208616903,-0.007904073223361766
2019-08-21,-0.004210911124222727,0.8813019435757571,-0.0056145481656303025
2019-08-22,-0.003471018328925163,0.8782429283762883,-0.004628024438566884
2019-08-23,-0.004096468483145965,0.874645233899649,-0.0054619579775279535
2019-08-26,-0.004598953579756826,0.870622781070189,-0.006131938106342435
2019-08-27,-0.005223086024416368,0.8660754433898428,-0.006964114699221824
2019-08-28,0.0016878921116739221,0.8675372852988549,0.0021098651395924026
2019-08-29,0.00307515048306673,0.8702050930008202,0.0038439381038334122
2019-08-30,0.003014048859866275,0.8728279336692291,0.003767561074832844
2019-09-03,0.001146100010901857,0.8738282817735228,0.0014326250136273214
2019-09-04,0.002060215804651061,0.8756285566101836,0.0025752697558138263
2019-09-05,0.0035555221829384866,0.8787418733672254,0.004740696243917982
2019-09-06,-0.0034228961352783804,0.8757340312049695,-0.0045638615137045075
2019-09-09,0.009096402234804962,0.8837000602035172,0.012128536313073283
2019-09-10,0.008053120479538056,0.8908166032561111,0.010737493972717409
2019-09-11,0.007420586723179151,0.897426985115021,0.010600838175970215
2019-09-12,-0.007928881594719734,0.8903113928101376,-0.011326973706742476
2019-09-13,-0.0013339755117501406,0.8891237392142967,-0.0019056793025002009
2019-09-16,-0.00040303300396966055,0.8887653930027803,-0.0005757614342423722
2019-09-17,-0.0033135998296300482,0.8858203801479452,-0.004733714042328641
2019-09-18,-0.0004182436363898978,0.8854498914109639,-0.0005974909091284254
2019-09-19,-0.00040247666710789277,0.8850935184897777,-0.0005749666672969897
2019-09-20,0.00402870098575499,0.8886592956202027,0.005755287122507129
2019-09-23,-0.002268834742578718,0.886643074535984,-0.0032411924893981686
2019-09-24,-0.0017591223318096372,0.8850833609032234,-0.002513031902585196
2019-09-25,8.364004355849719e-05,0.8851573893140822,0.00011948577651213885
2019-09-26,-0.000710949420547563,0.8845280871810559,-0.0010156420293536614
2019-09-27,0.006273124674718378,0.8900768421502327,0.008961606678169112
2019-09-30,8.557074814175559e-05,0.8901530066915192,0.0001222439259167937
2019-10-01,-0.004976709384603506,0.8857229738693845,-0.007109584835147865
2019-10-02,-0.00308196092376975,0.8829932102746338,-0.004402801319671071
2019-10-03,-0.003208549256795162,0.880160083066052,-0.00458364179542166
2019-10-04,0.0016298398724435615,0.8815946030635662,0.0023283426749193736
2019-10-07,-0.002490610930666304,0.8793988939087597,-0.0033208145742217384
2019-10-08,-0.00488635864838764,0.8751018355181261,-0.006515144864516853
2019-10-09,-0.0028884531478213073,0.8725741448666596,-0.0038512708637617426
2019-10-10,0.0021721998740499735,0.8744695503142383,0.0028962664987332984
2019-10-11,0.003487398872772779,0.8775191744382784,0.004649865163697039
2019-10-14,-0.0013866574785687258,0.8763023559124562,-0.0018488766380916344
2019-10-15,0.003448897301491588,0.8793246327430535,0.004311121626864485
2019-10-16,-0.0002490995195051582,0.8791055933995482,-0.00031137439938144773
2019-10-17,0.003144156926521391,0.881869639340179,0.003930196158151739
2019-10-18,-0.0007569069536447814,0.8812021460779542,-0.0009461336920559768
2019-10-21,0.0038477482049190715,0.8845927900536965,0.004809685256148839
2019-10-22,0.006580438785779902,0.8904137987589872,0.008225548482224877
2019-10-23,0.0006003522317004795,0.890948360670209,0.0007504402896255993
2019-10-24,-0.004002050685733971,0.8873827401724352,-0.005002563357167464
2019-10-25,0.0011972784782585122,0.8884451844292218,0.0014965980978231402
2019-10-28,-0.0038188369608042174,0.8850523571212751,-0.00449274936565202
2019-10-29,0.002464631488429803,0.8872336850295451,0.0028995664569762382
2019-10-30,-0.002592780284765411,0.8849332830230208,-0.003050329746782837
2019-10-31,-0.0011801904609320402,0.8838888932038357,-0.0014752380761650502
2019-11-01,0.005581598527970277,0.8888224061490315,0.006976998159962847
2019-11-04,0.006113830835269052,0.8942565159828235,0.007642288544086315
2019-11-05,0.0025660302697871895,0.8965512052717899,0.0030188591409261055
2019-11-06,-0.0010797658181539438,0.8955831399261127,-0.0013497072726924297
2019-11-07,-0.0007353727099930873,0.8949245525254811,-0.0009192158874913592
2019-11-08,2.7676232605616802e-05,0.8949493206655613,3.4595290757021e-05
2019-11-11,-0.0022687792888831937,0.8929188781822353,-0.002835974111103992
2019-11-12,-0.001187802581331343,0.8918582668338109,-0.0014847532266641789
2019-11-13,-0.0046701422892807265,0.8876931618258257,-0.005837677861600908
2019-11-14,-0.0022916944834629692,0.8856588403038617,-0.0028646181043287117
2019-11-15,0.003288699554291652,0.8885715061372234,0.004110874442864565
2019-11-18,-0.0036053952259136714,0.8853678546711133,-0.004506744032392089
2019-11-19,0.004427179312281931,0.8892875369210727,0.005533974140352414
2019-11-20,-0.0017424607812417392,0.8877379882647406,-0.002178075976552174
2019-11-21,0.0010782590851518947,0.8886951998158216,0.0013478238564398684
2019-11-22,0.00012901284582427785,0.8888098529126202,0.00016126605728034732
2019-11-25,0.001708023446913559,0.8903279609812427,0.002135029308641949
2019-11-26,-0.00157904776089397,0.8889220906079939,-0.0019738097011174627
2019-11-27,-0.0007966024257800297,0.8882139731142861,-0.0009957530322250371
2019-11-29,0.0005370868982943588,0.8886910212021277,0.0006318669391698339
2019-12-02,-0.002547214702517625,0.8864273343669262,-0.0029967231794325
2019-12-03,-0.0020631183426621904,0.8845985298739567,-0.0024271980501908118
2019-12-04,0.0010320223134068773,0.8855114552951935,0.001214143898125738
2019-12-05,0.0022034480201056695,0.8874626337581445,0.002592291788359611
2019-12-06,0.002440604218778497,0.8896285788061029,0.002871299080915879
2019-12-09,0.0008196781716541202,0.8903577879330299,0.0009643272607695532
2019-12-10,0.0010410285809258069,0.8912846758375181,0.0012247395069715375
2019-12-11,0.0033467099745977114,0.8942675471523496,0.003937305852467896
2019-12-12,0.0005215254921350998,0.8947339304749787,0.0006135594025118821
2019-12-13,-0.0005078256573878226,0.894279561628548,-0.0005974419498680266
2019-12-16,-0.006236322704251829,0.8887025456944156,-0.006929247449168698
2019-12-17,-0.0034225499557886396,0.88566091683594,-0.0038028332842095997
2019-12-18,0.0017774322592237878,0.887235119120258,0.0019749247324708755
2019-12-19,-0.0007427720213209921,0.886576105697442,-0.0008253022459122134
2019-12-20,-0.00013514736274099491,0.8864562872748879,-0.00015016373637888325
2019-12-23,0.0007396543920384635,0.8871119585611208,0.0008218382133760706
2019-12-24,-0.0016612979643566173,0.8856382012702068,-0.001845886627062908
2019-12-26,-0.0014964808081009695,0.8843128606990849,-0.0016627564534455216
2019-12-27,-0.0006087523376516856,0.8837745331779189,-0.0006763914862796508
2019-12-30,-0.0019331863346105315,0.8820660323275026,-0.002147984816233924
2019-12-31,0.0007886258182159767,0.8827616523739673,0.000876250909128863
2020-01-02,0.004901970304926184,0.8870889237802321,0.005446633672140205
2020-01-03,-0.0007993804031611818,0.8863798022787008,-0.0009404475331308021
2020-01-06,-0.0012034756443422834,0.8853130657750214,-0.0014158536992262157
2020-01-07,0.0018309368472953723,0.8869340180885409,0.0021540433497592615
2020-01-08,-0.003316261187652958,0.8839927132283448,-0.0039014837501799506
2020-01-09,0.0,0.8839927132283448,0.0
2020-01-10,-0.00015000000000000001,0.8838601143213606,-0.001
2020-01-13,-0.0007440346687013654,0.8832024917540232,-0.0029761386748054616
2020-01-14,-0.0018097095147976195,0.881604151801203,-0.006032365049325398
2020-01-15,-0.0017986116313024215,0.8800184883195689,-0.005995372104341405
2020-01-16,-0.0011883099795484075,0.8789727535677115,-0.002970774948871019
2020-01-17,-0.0025719006560495474,0.8767121229661611,-0.006429751640123868
2020-01-21,-0.0007019510028768272,0.8760967140122107,-0.0015598911175040604
2020-01-22,0.002927368099245714,0.878661371584664,0.005854736198491428
2020-01-23,-0.0017084463137395033,0.8771602258033548,-0.0034168926274790066
2020-01-24,-0.0014630620569924314,0.8758768859590791,-0.0029261241139848628
2020-01-27,0.002644434148459135,0.8781930847061552,0.0044073902474318916
2020-01-28,-0.0014915400780347976,0.876883224524063,-0.002485900130057996
2020-01-29,-0.0011415377862080411,0.8758822291891768,-0.0019025629770134018
2020-01-30,0.001618249874675587,0.8772996254967927,0.0026970831244593116
2020-01-31,-0.004219072131513219,0.8735982350958723,-0.007031786885855364
2020-02-03,-0.001921953039693064,0.8719192203124593,-0.0029568508302970217
2020-02-04,-0.0010870664598677526,0.8709713861723435,-0.001672409938258081
2020-02-05,0.0037031893300427444,0.8741967581163894,0.0056972143539119145
2020-02-06,-0.0011575192239312582,0.8731848585633714,-0.0017807988060480895
2020-02-07,0.004610306657805219,0.8772105085303007,0.00658615236829317
2020-02-10,-0.003640221469972599,0.8740172680034631,-0.005200316385675141
2020-02-11,0.00195154298375958,0.8757229502705199,0.002787918548227971
2020-02-12,-0.0004196115580957116,0.8753554867988967,-0.0005994450829938737
2020-02-13,-0.0017347052075166237,0.8738370030775184,-0.0023129402766888314
2020-02-14,0.002259759697979702,0.8758116647196763,0.0028246996224746274
2020-02-18,-0.002944116237786476,0.8732331733763323,-0.003680145297233095
2020-02-19,0.0006737470635827913,0.8738215116627176,0.0008421838294784892
2020-02-20,0.0007736497340880943,0.8744975434428558,0.0009670621676101179
2020-02-21,-0.002520412796775018,0.872293448643614,-0.0031505159959687723
2020-02-24,-0.0015120351889646444,0.8709745102541616,-0.0018900439862058055
2020-02-25,-0.0015533718900416493,0.86962156293299,-0.0019417148625520617
2020-02-26,-0.0003971921082430163,0.869276156111035,-0.0004964901353037704
2020-02-27,0.004200137430497219,0.8729272354317557,0.005250171788121524
2020-02-28,0.0030457778374188616,0.8755859778591131,0.003807222296773577
2020-03-02,-0.0069022752009068765,0.8695424424778743,-0.008627844001133596
2020-03-03,-0.0031350144295987535,0.8668164143735576,-0.004180019239465005
2020-03-04,-0.009788430989064284,0.858331641721274,-0.012235538736330355
2020-03-05,-0.006793803206569399,0.852500305461448,-0.007992709654787529
2020-03-06,-0.008951958754797724,0.8448687578885046,-0.010531716182114969
2020-03-09,-0.02640344058589104,0.8225613158367199,-0.027793095353569518
2020-03-10,0.01350551238580457,0.8336704278758363,0.015888838100946552
2020-03-11,-0.005706515878050639,0.8289130743421016,-0.0067135480918242806
2020-03-12,-0.0173650160288357,0.8145189855196395,-0.02042943062215965
2020-03-13,0.029835491283555476,0.8388205596124012,0.03315054587061719
2020-03-16,-0.012553791366666294,0.8282901813129568,-0.014769166313725053
2020-03-17,-0.01566937427680721,0.8153113924521596,-0.01649407818611285
2020-03-18,-0.026863660639450993,0.7934091438898465,-0.026863660639450993
2020-03-19,0.02526730774026976,0.8134564568924553,0.028074786378077515
2020-03-20,0.02159829541521177,0.8310257297558301,0.023998106016901968
2020-03-23,-0.029412691191997804,0.8065830265939172,-0.03460316610823271
2020-03-24,0.05861467911252847,0.8538606318753317,0.06895844601473937
2020-03-25,0.013739342281640194,0.8655921153574844,0.016163932096047287
2020-03-26,0.011312253778366466,0.8753839130349613,0.013308533856901724
2020-03-27,-0.004860430352253214,0.8711291704941719,-0.005718153355592017
2020-03-30,-0.012598417898753567,0.8601543211604917,-0.014821668116180667
2020-03-31,-0.00475623935051041,0.8560632213306767,-0.005945299188138013
2020-04-01,-0.021002415468674523,0.8380838258888379,-0.026253019335843154
2020-04-02,0.0077875082102916385,0.8446104105638599,0.009734385262864548
2020-04-03,-0.009158624078487393,0.8368749413207286,-0.011448280098109241
2020-04-06,0.025891755981875292,0.858543103088751,0.03046088939044152
2020-04-07,0.00853183578971915,0.8658680518627001,0.010037453870257824
2020-04-08,0.010986758725626534,0.8753811352367439,0.012925598500737098
2020-04-09,0.012180754590444126,0.8860439380181672,0.01433029951816956
2020-04-13,-0.005851097158593416,0.8808596088500401,-0.0065012190651037955
2020-04-14,-0.019599556620667313,0.863595151071525,-0.021777285134074793
2020-04-15,-0.02559771326273529,0.8414890900193075,-0.030114956779688576
2020-04-16,-0.027934094287435384,0.8179828544368599,-0.031037882541594872
2020-04-17,0.035965257141282916,0.8474018181338422,0.03996139682364768
2020-04-20,-0.0061710082599744035,0.842172494514621,-0.006856675844416004
2020-04-21,0.0027093526761978125,0.8444542368164544,0.003010391862442014
2020-04-22,0.003705145075400629,0.8475830622733961,0.004116827861556254
2020-04-23,0.010264376543454967,0.8562829739764248,0.011404862826061075
2020-04-24,0.0016755152483138801,0.8577176891561938,0.0018616836092376448
2020-04-27,0.01651291373877973,0.8718811073694557,0.018347681931977475
2020-04-28,0.007619901023293335,0.8785247551116904,0.008964589439168629
2020-04-29,0.027144590255522412,0.9023719496185305,0.031934812065320485
2020-04-30,-0.00926130756485367,0.8940148054552167,-0.01157663445606709
2020-05-01,-0.010174890001607696,0.8849183031499013,-0.012718612502009619
2020-05-04,0.0036193775172085997,0.8881211565608884,0.004258091196716
2020-05-05,-0.010834523144405079,0.8784987873350937,-0.012746497816947151
2020-05-06,-0.006337422909540813,0.8729313689942325,-0.00745579165828331
2020-05-07,0.010466334887902374,0.8820677610362813,0.012313335162238086
2020-05-08,0.00840482880332924,0.8894813895607271,0.009888033886269694
2020-05-11,-0.012538882014096475,0.8783282873632905,-0.015673602517620594
2020-05-12,-0.0027359708438243423,0.8759252067777583,-0.003419963554780428
2020-05-13,-0.021105501207518397,0.8574383662684145,-0.026381876509397995
2020-05-14,0.019319898015756603,0.8740039880595172,0.024149872519695754
2020-05-15,-0.009859719988823078,0.8653865534681356,-0.012324649986028849
2020-05-18,0.019861839815086692,0.8825747225712497,0.024827299768858363
2020-05-19,-0.01130435735404307,0.8725977825156588,-0.013299243945933025
2020-05-20,0.007745999762921091,0.8793569247321504,0.009112940897554225
2020-05-21,0.0007955538384856575,0.88005650050902,0.0009359456923360677
2020-05-22,-0.004079542491280725,0.8764662726204656,-0.004799461754447911
2020-05-26,0.015276683452139932,0.8898557704237654,0.01797256876722345
2020-05-27,0.008063428498191333,0.8970310588022804,0.010079285622739166
2020-05-28,-0.010537676205777374,0.8875784359580963,-0.01239726612444397
2020-05-29,-0.008912887456966301,0.8796675492491716,-0.010485749949372118
2020-06-01,0.011185697492087237,0.8895072443486786,0.013159644108337927
2020-06-02,0.0009522667947636121,0.8903542925611736,0.0011203138761924848
2020-06-03,0.01537651131289124,0.9040448354132217,0.01809001330928381
2020-06-04,0.007910977898559556,0.9111967141254825,0.009307032821834774
2020-06-05,0.013188862197663787,0.9232143620230475,0.016486077747079733
2020-06-08,0.0156270309805491,0.9376414614600695,0.019533788725686375
2020-06-09,-0.0047115183329191675,0.9332237465246953,-0.00588939791614896
2020-06-10,-0.02679705237887392,0.9082161009078641,-0.0334963154735924
2020-06-11,-0.012024234265296429,0.8972954977470339,-0.015030292831620537
2020-06-12,0.00772350762562371,0.9042257663663209,0.009086479559557306
2020-06-15,0.00508873897564685,0.9088271352664133,0.005986751736055118
2020-06-16,0.0012019562617075318,0.9099195057324566,0.0014140661902441551
2020-06-17,-0.009928346867975762,0.9008855092576078,-0.011680408079971486
2020-06-18,0.006334309664950128,0.9065919970459119,0.007452129017588385
2020-06-19,0.002717426996185451,0.9090555946132101,0.0031969729366887662
2020-06-22,-0.0021847692637345316,0.9070695178910732,-0.0024275214041494797
2020-06-23,-0.005660648402435869,0.9019349162737248,-0.006289609336039855
2020-06-24,-0.00823735252747514,0.8945053604115394,-0.009152613919416821
2020-06-25,0.0022251684233504988,0.896495785494045,0.002472409359278332
2020-06-26,-0.00589699962651114,0.8912091501818178,-0.0065522218072346
2020-06-29,-2.855857311588883e-05,0.8911836985201408,-3.1731747906543146e-05
2020-06-30,-0.0029614295436935613,0.8885445207864852,-0.0032904772707706234
2020-07-01,-0.008307811304776619,0.8811626605718978,-0.009230901449751798
2020-07-02,-0.0007079531682469775,0.880538838674605,-0.0007866146313855306
2020-07-06,-0.0015415899732902027,0.8791814088298117,-0.0017128777481002252
2020-07-07,-0.006703852000475264,0.8732875067834472,-0.007448724444972515
2020-07-08,-0.004107300793635476,0.8697006523137636,-0.004563667548483863
2020-07-09,-0.012824962255634625,0.8585467742741387,-0.01424995806181625
2020-07-10,0.0,0.8585467742741387,0.0
2020-07-13,-0.00015000000000000001,0.8584179922579976,-0.001
2020-07-14,0.0005503587247682129,0.8588904300895348,0.0027517936238410645
2020-07-15,0.0003043514082218592,0.859151834601441,0.0008695754520624549
2020-07-16,-0.0002371853934536372,0.8589480563355146,-0.0006776725527246777
2020-07-17,-0.000859765337373225,0.8582095625700733,-0.002456472392494929
2020-07-20,0.001357182580819083,0.8593743096390859,0.003877664516625951
2020-07-21,0.000279151646846193,0.8596142053928789,0.0007975761338462657
2020-07-22,-0.0013202597015024963,0.8584792913986596,-0.003772170575721418
2020-07-23,-0.0015922071879151678,0.8571124145002184,-0.0039805179697879195
2020-07-24,0.0016763037952881531,0.8585491952936336,0.004190759488220383
2020-07-27,-0.0020513747290970274,0.8567879891707216,-0.005128436822742569
2020-07-28,0.003605983758953618,0.8598775527445378,0.009014959397384045
2020-07-29,0.0008995798998291893,0.8606510813073012,0.001999066444064865
2020-07-30,-0.0025221498870485527,0.8584803902797937,-0.0056047775267745615
2020-07-31,0.0034665357996432056,0.8614563432859904,0.007703412888096012
2020-08-03,0.00044855374477060226,0.8618427527547278,0.0008971074895412045
2020-08-04,-0.002285463328628007,0.859873042748263,-0.004570926657256014
2020-08-05,-0.0026875777065907326,0.8575620671280745,-0.005375155413181465
2020-08-06,0.0011658045155779728,0.8585618168583208,0.0021196445737781326
2020-08-07,0.002341809637826697,0.8605724051957097,0.004257835705139449
2020-08-10,0.0006775891938512968,0.8611555197579969,0.0012319803524569032
2020-08-11,0.0005681391214836518,0.8616447758984529,0.0010329802208793668
2020-08-12,-0.0021528846052269067,0.8597897541252469,-0.003914335645867103
2020-08-13,0.00047280218802910333,0.8601962646022424,0.000859640341871097
2020-08-14,0.00043200161579464715,0.8605678707784511,0.0007854574832629948
2020-08-17,-0.001828018402795928,0.8589947368738132,-0.003046697337993213
2020-08-18,-0.002124907804715692,0.8571694522532204,-0.003541513007859487
2020-08-19,0.001302456334283253,0.8582858780358616,0.0021707605571387547
2020-08-20,-0.002450462409217208,0.8561826807553727,-0.004084104015362013
2020-08-21,-0.003702610409757112,0.8530125698489542,-0.005696323707318634
2020-08-24,0.001147065266105446,0.8539910309393793,0.0017647157940083784
2020-08-25,0.00025565217740399214,0.8542093556059225,0.00039331104215998793
2020-08-26,-0.004844000927786474,0.8500715646948435,-0.0069200013254092484
2020-08-27,-0.00044817593859128313,0.8496905830734666,-0.0006402513408446901
2020-08-28,-0.001969121316731415,0.8480174392337106,-0.0028130304524734496
2020-08-31,0.00039482531076271977,0.8483522579826882,0.0005640361582324568
2020-09-01,-0.00198037962453968,0.8466721984565471,-0.0028291137493423996
2020-09-02,0.006167247002366177,0.8518938350344649,0.009488072311332581
2020-09-03,0.004575746424710164,0.8557918852043566,0.007039609884169484
2020-09-04,0.002151345229939039,0.8576329889944115,0.003309761892213906
2020-09-08,-0.0006981585898464815,0.8570342251562094,-0.001074090138225356
2020-09-09,-0.001939238766789031,0.8553722311623215,-0.002983444256598509
2020-09-10,-0.0011407159591991733,0.8543964944071789,-0.0017549476295371897
2020-09-11,0.0026738154647522384,0.856680992966955,0.004113562253464982
2020-09-14,0.0006175357929363301,0.8572100241432403,0.0009500550660558924
2020-09-15,-0.0017350584672100322,0.8557227146326734,-0.002669320718784665
2020-09-16,0.0029435433548916645,0.8582415715429602,0.004205061935559521
2020-09-17,-0.0021689103868786862,0.8563801224839895,-0.003098443409826695
2020-09-18,-0.002031644883823075,0.8546402621895371,-0.002902349834032964
2020-09-21,-0.0021127118886305474,0.852834653547107,-0.003018159840900782
2020-09-22,-0.0029676628626167656,0.8503037278178226,-0.004239518375166808
2020-09-23,0.0018192973574652216,0.8518506831428843,0.0025989962249503167
2020-09-24,-0.0007236329155629218,0.8512342559494174,-0.0010337613079470312
2020-09-25,-0.00060295946977173,0.8507209961937986,-0.0008613706711024714
2020-09-28,0.002392754425793514,0.8527565626225568,0.0034182206082764488
2020-09-29,-0.0016880749873397216,0.851317045598904,-0.002411535696199602
2020-09-30,0.005504548269495024,0.8560031613690471,0.007863640384992892
2020-10-01,0.0005923334945703129,0.8565102007129841,0.0008461907065290185
2020-10-02,0.00038388143753827485,0.8568389990801001,0.0005484020536261069
2020-10-05,-0.0021826417824644395,0.8549688264798628,-0.0031180596892349138
2020-10-06,-0.0017773105960877111,0.8534492813252356,-0.0025390151372681586
2020-10-07,0.0005109636200861245,0.8538853628595815,0.0007299480286944636
2020-10-08,0.004842970002800912,0.8580207040577413,0.006918528575429873
2020-10-09,-0.0026978646213217826,0.8557058803559023,-0.0038540923161739754
2020-10-12,0.0012850478990057812,0.8568055033996207,0.0018357827128654017
2020-10-13,-0.0027919608417250443,0.8544133359851545,-0.003489951052156305
2020-10-14,-0.003447272172604565,0.8514679406681106,-0.0045963628968060865
2020-10-15,-0.001632939190395738,0.850077545298428,-0.002177252253860984
2020-10-16,-0.0009338880129915683,0.8492836680687605,-0.0012451840173220911
2020-10-19,-4.254847000372819e-05,0.849247532348085,-5.673129333830425e-05
2020-10-20,-0.002990816839685784,0.8467075885272768,-0.003987755786247712
2020-10-21,-0.0021804914975795896,0.844861349829557,-0.002725614371974487
2020-10-22,0.0036799640850131987,0.8479704092537454,0.004599955106266498
2020-10-23,0.0032993418969847533,0.8507681535523995,0.0041241773712309415
2020-10-26,-3.693761176118415e-05,0.8507367282086449,-4.617201470148019e-05
2020-10-27,-0.002880259501235549,0.8482863856641718,-0.0036003243765444365
2020-10-28,0.001954033106335995,0.8499439653454136,0.00260537747511466
2020-10-29,0.001400385237629287,0.8511342143272953,0.001867180316839049
2020-10-30,0.0038207627672890597,0.8543861962433629,0.0050943503563854135
2020-11-02,-0.0018774275015887298,0.8527821481015578,-0.002503236668784973
2020-11-03,-0.005450045293452504,0.8481344467689567,-0.0072667270579366726
2020-11-04,0.003211523049247722,0.8508582500936162,0.004282030732330296
2020-11-05,-0.004277470908171921,0.8472187286818627,-0.005703294544229228
2020-11-06,0.00021908389625417967,0.8474043406619217,0.0002921118616722396
2020-11-09,0.021118824366472565,0.8653005240997473,0.02815843248863009
2020-11-10,0.0033896731331399367,0.8682336100383802,0.004519564177519916
2020-11-11,-0.0022421392999199597,0.8662869093398017,-0.0029895190665599463
2020-11-12,-0.0022618059333951836,0.8643275364682343,-0.003015741244526911
2020-11-13,0.00028429710058579526,0.8645732622808088,0.0003790628007810604
2020-11-16,-0.0011503431780623629,0.8635787063266089,-0.0015337909040831507
2020-11-17,0.0024590721007632654,0.86570230863015,0.003073840125954082
2020-11-18,-0.003508884807471857,0.8626646589516044,-0.004128099773496302
2020-11-19,0.0008152718711495865,0.8633679651822825,0.000959143377823043
2020-11-20,0.0017718788373625282,0.8648977486086459,0.002084563338073563
2020-11-23,-0.0005471623859714114,0.8644245090928959,-0.0006437204540840134
2020-11-24,0.0010921279910045157,0.8653685712953867,0.0012848564600053125
2020-11-25,0.001128777429175526,0.8663453798065828,0.001327973446088854
2020-11-27,-0.0012327229951849094,0.865277415935123,-0.001450262347276364
2020-11-30,-0.001105011196774902,0.8643212747021982,-0.0013000131726763555
2020-12-01,0.0028628154570434494,0.8667956670072671,0.003368018184756999
2020-12-02,0.0032395990018888156,0.8696037373849453,0.0038112929433986066
2020-12-03,0.005752887177621346,0.8746064695753588,0.0067681025619074665
2020-12-04,-0.0005816839357638659,0.8740977250418916,-0.0006843340420751363
2020-12-07,-0.0006844329684406403,0.873499463741234,-0.0008052152569889885
2020-12-08,0.000884603022542646,0.8742721640070489,0.001040709438285466
2020-12-09,0.004346718880929834,0.8780723793294097,0.005113786918740981
2020-12-10,-0.0037143762441069483,0.8748108881430221,-0.004369854404831704
2020-12-11,-0.001185023925065215,0.873774216310665,-0.0013941457941943707
2020-12-14,-0.004601000386408799,0.8697539808037856,-0.005412941631069175
2020-12-15,-0.0003735078805209957,0.8694291208378409,-0.00043942103590705376
2020-12-16,0.00026786994369716876,0.8696620147674883,0.00031514111023196327
2020-12-17,-0.0009057016528906836,0.868874360443257,-0.0010655313563419806
2020-12-18,-9.021306943708951e-05,0.8687959766202462,-0.00010613302286716413
2020-12-21,0.0022288915905642748,0.8707324286664511,0.0027861144882053435
2020-12-22,0.0008090460269855049,0.8714368912784312,0.001011307533731881
2020-12-23,0.0026234481147110467,0.8737230607479451,0.0032793101433888083
2020-12-24,-0.0017751960746996754,0.8721720310001309,-0.002218995093374594
2020-12-28,-0.0025580475709719107,0.8699409734547614,-0.0031975594637148885
2020-12-29,0.0003787201303217802,0.8702704376136005,0.00047340016290222525
2020-12-30,-0.0036222227719641007,0.8671181242167093,-0.004527778464955126
2020-12-31,0.001352780689935168,0.8682911448710424,0.0015915066940413742
2021-01-04,0.0017018575840994365,0.8697688527411476,0.0020021853930581607
2021-01-05,-4.39868345794292e-05,0.8697305943624998,-5.174921715226965e-05
2021-01-06,0.005899123277695639,0.8748612423570277,0.006940145032583105
2021-01-07,0.0008646398123689115,0.875617682217468,0.0010172233086693076
2021-01-08,0.0,0.875617682217468,0.0
2021-01-11,-0.0002,0.8754425586810246,-0.001
2021-01-12,-0.00032970600627090223,0.8751539200112823,-0.0010990200209030074
2021-01-13,-0.0015092568109927595,0.8738330879968382,-0.005030856036642532
2021-01-14,-0.0012610094818321037,0.8727311761873356,-0.004203364939440346
2021-01-15,0.0017865479160682819,0.874290352251441,0.005104422617337948
2021-01-19,0.0016670435258234252,0.8757478323228517,0.004762981502352643
2021-01-20,0.0015589635345537645,0.8771130912589076,0.003897408836384411
2021-01-21,0.0031546210177224253,0.8798800506515124,0.009013202907778359
2021-01-22,-0.0007785575885444929,0.8791950133610688,-0.0017301279745433175
2021-01-25,0.0007728189297367793,0.8798744719103243,0.0015456378594735586
2021-01-26,-0.0034589456341984847,0.8768310339470674,-0.006917891268396969
2021-01-27,0.0004366971232100503,0.8772139435371334,0.0007939947694728187
2021-01-28,0.0017205647379764598,0.8787232469160448,0.002647022673809938
2021-01-29,-0.0023264885678746516,0.8766789073277689,-0.0035792131813456177
2021-02-01,-0.0013034005085059753,0.8755362435941614,-0.002005231551547654
2021-02-02,0.0006096132429245227,0.8760699820829168,0.0009378665275761888
2021-02-03,0.0012019686617920078,0.8771229907469172,0.001849182556603089
2021-02-04,0.0007967648130722648,0.8778218514826811,0.0012257920201111767
2021-02-05,0.0020142671155073066,0.8795900191713963,0.0030988724853958562
2021-02-08,-0.00028411655146085566,0.87934011308845,-0.0004058807878012224
2021-02-09,-0.0015771904226920762,0.8779532262837978,-0.0024264468041416557
2021-02-10,-0.0022367899691278724,0.8759894293138827,-0.003441215337119804
2021-02-11,0.0007542225127428581,0.876650120262396,0.001160342327296705
2021-02-12,-0.0021655243017703217,0.8747517131228179,-0.0033315758488774183
2021-02-16,0.0004326454634170751,0.8751301704831168,0.0006656084052570386
2021-02-17,0.004179865898757207,0.8787880972396929,0.006430562921164933
2021-02-18,-0.0035390702106499914,0.875678004463278,-0.005444723400999987
2021-02-19,0.0010820286902530785,0.8766255131875309,0.0016646595234662746
2021-02-22,0.0009443392521739924,0.877453345069091,0.001452829618729219
2021-02-23,0.004279709373748497,0.8812085903750102,0.00658416826730538
2021-02-24,-0.0035574710703970116,0.8780737163077658,-0.004743294760529348
2021-02-25,-0.0016120767474739229,0.8766581940871381,-0.002302966782105604
2021-02-26,0.0004077132214985402,0.8770156192236025,0.0005824474592836289
2021-03-01,-0.0040777864190015166,0.8734393368422804,-0.005825409170002167
2021-03-02,0.0002333220915929024,0.8736431295352319,0.0003333172737041463
2021-03-03,0.0016608183824662558,0.8750940921044794,0.0023725976892375084
2021-03-04,0.009800603692381893,0.8836705424947402,0.014000862417688418
2021-03-05,0.003515353795102588,0.8867769570899193,0.005408236607850136
2021-03-08,-0.0033750546431075778,0.8837840364034921,-0.005625091071845963
2021-03-09,-0.003838723085705925,0.8803914342201717,-0.006397871809509875
2021-03-10,0.002252314767737268,0.8823743528488553,0.00346509964267272
2021-03-11,0.0002619161136206527,0.882605460910112,0.00040294786710869644
2021-03-12,0.00017287549089448073,0.8827580417624331,0.00026596229368381654
2021-03-15,0.0003059202211868062,0.8830280952978236,0.00047064649413354796
2021-03-16,0.0005025224408505835,0.8834718367316122,0.0007731114474624362
2021-03-17,0.003274095221342471,0.8863644076504458,0.005037069571296109
2021-03-18,-0.000619849271062517,0.8858149953184679,-0.0009536142631731031
2021-03-19,0.005393998623174068,0.8905930801836027,0.008298459420267797
2021-03-22,0.004934742304954165,0.8949879275328841,0.007591911238391023
2021-03-23,0.002499170635308967,0.8972246550803304,0.003844877900475334
2021-03-24,-0.000685907240968775,0.8966092421926352,-0.00097986748709825
2021-03-25,0.0010818553564741651,0.8975792437039656,0.0015455076521059502
2021-03-26,0.0006854877811266757,0.8981945233081176,0.000979268258752394
2021-03-29,0.003353351114067549,0.9012064849135022,0.004790501591525069
2021-03-30,-0.0005231312956220813,0.9007350355974264,-0.000747330422317259
2021-03-31,-0.0007122594814118588,0.9000934785280823,-0.001017513544874084
2021-04-01,-0.002237982546404138,0.8980790850330043,-0.003197117923434483
2021-04-05,0.001008258109095983,0.8989845805530983,0.0015511663216861277
2021-04-06,0.0012697341326353806,0.9001260519597394,0.0019534371271313546
2021-04-07,-0.0009953570990912318,0.8992301051038443,-0.0015313186139865108
2021-04-08,-0.006050085511170001,0.8937896860737476,-0.009307823863338461
2021-04-09,0.0007634472192638353,0.8944720473241874,0.0011745341834828236
2021-04-12,-0.0003317836560407628,0.8941752761180999,-0.00047397665148680393
2021-04-13,-0.001343562359469952,0.892973895874339,-0.0019193747992427884
2021-04-14,-0.001259387954423119,0.8918492953062604,-0.0017991256491758842
2021-04-15,-0.004914735870556508,0.8874660915834882,-0.007021051243652154
2021-04-16,0.0007836563667703578,0.8881615600364505,0.0011195090953862255
2021-04-19,0.0006375062230199235,0.8887277685580208,0.0009107231757427479
2021-04-20,0.0020526841268100394,0.8905520459415952,0.0029324058954429133
2021-04-21,0.0005023960772625513,0.8909994557960744,0.0007177086818036447
2021-04-22,-0.0009238165591605007,0.890176335744607,-0.0013197379416578583
2021-04-23,-0.002772010218044979,0.8877087578460611,-0.003960014597207113
2021-04-26,-0.0024274524431753654,0.8855538870529995,-0.0032366032575671536
2021-04-27,-0.0015453118198851812,0.8841854301641913,-0.0020604157598469084
2021-04-28,-0.0016249669364392816,0.8827486580744931,-0.002166622581919042
2021-04-29,0.002740658755168085,0.8851679709128579,0.003224304417844806
2021-04-30,0.004672234212740245,0.8893036829905789,0.005191371347489161
2021-05-03,-0.0019064464145461368,0.8876082731726989,-0.002118273793940152
2021-05-04,-0.0004104446710368026,0.8872439590870069,-0.0004560496344853362
2021-05-05,0.003900906041856056,0.8907050144076096,0.004334340046506729
2021-05-06,-0.0007575438349369634,0.8900302663151977,-0.0008417153721521816
2021-05-07,-0.0034560669511862372,0.8869542621262302,-0.0038400743902069303
2021-05-10,0.006654957685282259,0.892856905209461,0.007394397428091399
2021-05-11,0.00031161142342402414,0.8931351296206074,0.0003462349149155824
2021-05-12,0.0026022273951254726,0.895459270322455,0.002891363772361636
2021-05-13,-0.00045620759517927547,0.8950507550021601,-0.0005068973279769727
2021-05-14,-0.0023102644567595644,0.8929829510558829,-0.002566960507510627
2021-05-17,-0.0004708309446544212,0.8925625070494769,-0.0005539187584169661
2021-05-18,0.0002824793366526301,0.8928146375143894,0.00033232863135603544
2021-05-19,0.00057588114654471,0.893328792631493,0.0006775072312290705
2021-05-20,-0.0021486395763793075,0.8914093510329258,-0.0025278112663285972
2021-05-21,-0.000684051150643239,0.8907995814406576,-0.0008047660595802811
2021-05-24,-0.0022231155815797985,0.8888192310110921,-0.0026154300959762337
2021-05-25,0.00018511712445481442,0.8889837666712971,0.0002177848522997817
2021-05-26,0.001808773730704738,0.890591737155475,0.0021279690949467505
2021-05-27,0.0002938217527237552,0.8908534123806473,0.0003456726502632414
2021-05-28,0.003634713232622522,0.8940914090669541,0.0042761332148500255
2021-06-01,0.0037438630379445503,0.8974387648459036,0.004404544750523
2021-06-02,-0.0031120275967290887,0.8946459106433287,-0.00366120893732834
2021-06-03,-0.00015464701792778369,0.8945075563211464,-0.00018193766815033374
2021-06-04,-0.0017214808037126661,0.8929676787341636,-0.0020252715337796072
2021-06-07,-0.0011266838208649822,0.8919615864979784,-0.0013255103774882143
2021-06-08,-0.0006105191179482828,0.8914170268969459,-0.0007182577858215091
2021-06-09,-0.005325237013693429,0.8866700199506777,-0.006264984721992269
2021-06-10,0.004166420626068307,0.8903642602103167,0.004901671324786243
2021-06-11,0.0018231707707267787,0.8919875463048319,0.0021449067890903276
2021-06-14,0.0003312662021207502,0.8922830316316352,0.0003897249436714708
2021-06-15,-0.0007908412490224171,0.8915773774044182,-0.0009304014694381376
2021-06-16,0.0021239981901727324,0.8934710861404243,0.0024988214002032143
2021-06-17,-0.0037959100245207045,0.8900795502879244,-0.004465776499436123
2021-06-18,0.00010782595142980745,0.8901755239622824,0.00012685406050565583
2021-06-21,-0.004493788966385459,0.8861752630145543,-0.005286810548688775
2021-06-22,-0.0028197068472680387,0.8836765085575525,-0.003317302173256516
2021-06-23,-0.0022494585537896684,0.8816887148765947,-0.002646421827987845
2021-06-24,0.0013846309548568914,0.8829095283637608,0.001628977593949284
2021-06-25,-0.00037902382602471584,0.8825748846162866,-0.0004459103835584892
2021-06-28,0.0009069710212743665,0.8833753544607381,0.0010670247309110194
2021-06-29,-0.0028522770605013625,0.8808557232013975,-0.0033556200711780735
2021-06-30,0.007232690833967248,0.8872266803166439,0.008509048039961468
2021-07-01,-0.000997292248572651,0.8863418560256372,-0.0011732849983207658
2021-07-02,-0.0011426610645736857,0.8853290676968547,-0.0013443071347925713
2021-07-06,-0.0018085097399059224,0.8837279414549032,-0.0021276585175363794
2021-07-07,-0.0018818298503285535,0.8820649158351039,-0.002213917470974769
2021-07-08,0.001462854919369022,0.883355248836436,0.0017210057874929672
2021-07-09,-0.004249693023485423,0.8796012601981966,-0.0053121162793567794
2021-07-12,0.0,0.8796012601981966,0.0
2021-07-13,-0.00015000000000000001,0.8794693200091669,-0.001
2021-07-14,-0.00033954816772482904,0.8791706978129875,-0.0016977408386241453
2021-07-15,-0.0002102372589414925,0.8789858633753376,-0.0010511862947074624
2021-07-16,-0.0002907921577824768,0.8787302611794664,-0.0011631686311299072
2021-07-19,-0.0018245817857541814,0.8771269459503274,-0.005213090816440518
2021-07-20,0.00045302839405549913,0.8775243093620341,0.001294366840158569
2021-07-21,0.0016851675660139898,0.8790030848665598,0.004814764474325685
2021-07-22,0.00044036997190959325,0.8793901714303508,0.0012581999197416951
2021-07-23,-0.003010372633726993,0.8767428793239085,-0.00860106466779141
2021-07-26,-0.0008504167639958538,0.8759972824816175,-0.0024297621828452964
2021-07-27,6.596704868056525e-05,0.8760550694369951,0.0001649176217014131
2021-07-28,0.0023020202854296067,0.8780717659779924,0.005755050713574017
2021-07-29,-0.0006157783883836143,0.8775310683610534,-0.001368396418630254
2021-07-30,0.00036585589282727706,0.8778521182735523,0.0008130130951717267
2021-08-02,-0.00016508380396453303,0.8777071991065494,-0.00030015237084460555
2021-08-03,-0.0024323215772773465,0.8755723329476308,-0.004422402867776994
2021-08-04,0.0004303399876451952,0.875949126734574,0.0007824363411730822
2021-08-05,0.0022229549866539466,0.8778963222139038,0.0040417363393708125
2021-08-06,0.0013401717521740741,0.8790728540662724,0.0024366759130437714
2021-08-09,-0.001478592660876721,0.8777730633958741,-0.002688350292503129
2021-08-10,0.0010459907343869368,0.8786912058870806,0.001901801335248976
2021-08-11,0.003165248456773989,0.8814724818704955,0.005275414094623315
2021-08-12,-0.0016445410494286105,0.8800228641901179,-0.002740901749047684
2021-08-13,-0.0013539940709019315,0.8788313184497463,-0.0022566567848365526
2021-08-16,-0.002926377978631034,0.8762595258325037,-0.004877296631051724
2021-08-17,-0.0007034698576599385,0.8756431036685931,-0.0011724497627665642
2021-08-18,-0.001568925834072299,0.8742692845818202,-0.0026148763901204983
2021-08-19,-0.00294435057968217,0.8716951293069635,-0.004529770122587954
2021-08-20,-4.5472120710626784e-05,0.8716554914808208,-6.995710878557967e-05
2021-08-23,-0.0008149957090849702,0.8709450959954635,-0.0012538395524384156
2021-08-24,0.001224211401643066,0.8720113169121863,0.0018834021563739478
2021-08-25,0.0025390687967563387,0.8742254136373764,0.003906259687317444
2021-08-26,-0.0004789363068677055,0.873806715346399,-0.0007368250874887777
2021-08-27,0.0018452428126426667,0.875419100907531,0.0028388350963733334
2021-08-30,-0.002150541008435547,0.8735364762314615,-0.00330852462836238
2021-08-31,0.0030131663744861425,0.8761685869685292,0.004635640576132527
2021-09-01,-0.0013134216214233275,0.8750178082023927,-0.0020206486483435805
2021-09-02,4.1934252101050175e-05,0.8750545014197547,6.451423400161565e-05
2021-09-03,-0.0011353754724738152,0.874060986001765,-0.0016219649606768788
2021-09-07,0.00016145891344579444,0.8742021109388501,0.0002306555906368492
2021-09-08,0.00038477059284761637,0.8745384782033447,0.0005496722754965948
2021-09-09,0.0006654560939512611,0.87512044516306,0.0009506515627875158
2021-09-10,-0.0009212839766322145,0.874314210719308,-0.0013161199666174492
2021-09-13,0.003367005912799803,0.8772580318364448,0.004810008446856862
2021-09-14,0.0006452806374891929,0.8778241094584708,0.0008603741833189237
2021-09-15,-0.0008210980078194929,0.8771033298309785,-0.001094797343759324
2021-09-16,-0.0011944682159588161,0.8760556577813837,-0.001592624287945088
2021-09-17,-0.0007672330293245211,0.8753835189452073,-0.0009590412866556514
2021-09-20,0.002289714856487496,0.8773878975936604,0.00286214357060937
2021-09-21,-0.0024274350519711773,0.8752580954568663,-0.0030342938149639717
2021-09-22,-0.0007613445391889794,0.8745917224855092,-0.0009516806739862244
2021-09-23,0.0019366212699370943,0.8762854754177855,0.002420776587421368
2021-09-24,-0.0010790155537678092,0.8753399497602689,-0.0012694300632562462
2021-09-27,0.00359849945559666,0.8784898600929432,0.004498124319495825
2021-09-28,0.0028653627309216502,0.881007052197546,0.0035817034136520626
2021-09-29,0.00032945146911156906,0.8812973012651902,0.00041181433638946136
2021-09-30,-0.0006453469658844413,0.8807285587257766,-0.0008066837073555516
2021-10-01,-0.0001711688071756201,0.880577805468934,-0.00021396100896952513
2021-10-04,0.002568823017564814,0.8828398540043795,0.00302214472654684
2021-10-05,-0.002848240193709195,0.8803253140475958,-0.003350870816128465
2021-10-06,-0.004148584878781553,0.8766732097613293,-0.005185731098476941
2021-10-07,-0.0035535867951925204,0.8735578754194224,-0.0044419834939906505
2021-10-08,-0.002359142335245412,0.8714970280532335,-0.002948927919056765
2021-10-11,-0.0013766111814807747,0.8702973154997881,-0.0018354815753076996
2021-10-12,-0.0026491251282178053,0.867991789012277,-0.00353216683762374
2021-10-13,0.0006409346113153247,0.8685481149921926,0.0008545794817537663
2021-10-14,0.0012154700064808178,0.8696038091751511,0.001620626675307757
2021-10-15,0.0006763567854647434,0.8701919716121528,0.0009018090472863245
2021-10-18,-0.004230385436699286,0.8665107241683121,-0.005640513915599047
2021-10-19,-0.0032489897674869094,0.8636954396920716,-0.004331986356649212
2021-10-20,0.004648567779775736,0.8677103864845633,0.006198090373034315
2021-10-21,0.000430171379836658,0.868083650658816,0.0005735618397822107
2021-10-22,-0.005610088741934777,0.8632136243431973,-0.0074801183225797025
2021-10-25,-0.002470785820025717,0.8610808083605171,-0.003294381093367623
2021-10-26,0.0021560571986941057,0.8629373478360401,0.002874742931592141
2021-10-27,0.0018288157838454388,0.8645155012782325,0.002438421045127252
2021-10-28,0.0009605912917196701,0.865345947340317,0.0012807883889595602
2021-10-29,-0.0004892701384190123,0.8649225594088814,-0.0006523601845586832
2021-11-01,0.0010117350185998575,0.8657976318506124,0.00134898002479981
2021-11-02,-0.0065147554593651905,0.8601571720018082,-0.00868634061248692
2021-11-03,0.0031972604388072813,0.8629073184990059,0.0039965755485091015
2021-11-04,-0.005019687855801452,0.8585757931116543,-0.0062746098197518155
2021-11-05,0.0008154522177998391,0.8592759206462965,0.001019315272249799
2021-11-08,0.004767336236825448,0.8633723778802251,0.00595917029603181
2021-11-09,0.0009252105663832167,0.8641711791269634,0.0011565132079790208
2021-11-10,-0.0018987168014806765,0.8625303627897997,-0.002233784472330208
2021-11-11,-0.0006949039798186951,0.8619309870079825,-0.0008175340939043472
2021-11-12,-0.0022557841515254305,0.8599866567477813,-0.002653863707676977
2021-11-15,0.00019092860458558847,0.8601508528001164,0.00022462188774775114
2021-11-16,-0.002172822706754107,0.8582818974959183,-0.0025562620079460086
2021-11-17,-0.002495375180015491,0.8561401621514504,-0.0029357355059005776
2021-11-18,-0.007683878875531641,0.8495616848450006,-0.009604848594414551
2021-11-19,-0.00026573722927254463,0.8493359246767738,-0.00033217153659068077
2021-11-22,-0.0006845958482419423,0.8487544728289773,-0.0008557448103024279
2021-11-23,-0.001524654144219828,0.8474604158045534,-0.001905817680274785
2021-11-24,0.00191610986708477,0.8490842430692404,0.0023951373338559623
2021-11-26,-0.00033963675610987343,0.8487958628512603,-0.0004245459451373418
2021-11-29,-0.0020083455094429825,0.8470911874916692,-0.002510431886803728
2021-11-30,-0.003943131019416263,0.8437509959539967,-0.004638977669901486
2021-12-01,-0.0030612125217819976,0.8411680948399163,-0.0036014264962141145
2021-12-02,0.009113943830230902,0.8488344536080697,0.01072228685909518
2021-12-03,-0.003156264368032913,0.8461553076677879,-0.003945330460041141
2021-12-06,3.509610262472651e-05,0.8461850044213023,4.387012828090814e-05
2021-12-07,-0.0008159998330092899,0.8454945175989995,-0.0010199997912616124
2021-12-08,-0.0009316726803352659,0.8447067934555793,-0.0011645908504190824
2021-12-09,-0.0006304635620035526,0.8441742366017286,-0.0007880794525044407
2021-12-10,-0.006864729153494781,0.8383792091090996,-0.008580911441868476
2021-12-13,0.0011899004851436857,0.8393767969367528,0.0013998829236984537
2021-12-14,0.0030730059981003586,0.8419562068684057,0.003615301174235716
2021-12-15,-0.005840449538615217,0.8370388041284669,-0.006871117104253196
2021-12-16,0.009923896135023142,0.8453454902816218,0.011675171923556637
2021-12-17,0.009700795507792381,0.8535460140162783,0.012125994384740477
2021-12-20,-0.0046497420868727764,0.8495772451918243,-0.00547028480808562
2021-12-21,0.0029912765497981273,0.8521185656826087,0.003519148882115444
2021-12-22,-0.001811174986501163,0.850575229850911,-0.002130794101766074
2021-12-23,-0.0008782902852559505,0.8498281778896536,-0.0010332826885364123
2021-12-27,-0.004897012526919486,0.8456665586567989,-0.005761191208140572
2021-12-28,0.0006284283937949108,0.8461979995339417,0.0007393275221116599
2021-12-29,-0.004382666049620338,0.8424893962901276,-0.005156077705435691
2021-12-30,0.0009154164440224099,0.8432606249374062,0.001076960522379306
2021-12-31,-0.0016789351523282202,0.8418448450316245,-0.0019752178262684946
2022-01-03,0.006460298068762971,0.8472834136581803,0.008075372585953713
2022-01-04,0.005787045084167381,0.8521866809720873,0.0072338063552092255
2022-01-05,0.002501971500410427,0.8543188277609088,0.003127464375513034
2022-01-06,-0.001208081898633195,0.8532867406494293,-0.0015101023732914938
2022-01-07,0.0,0.8532867406494293,0.0
2022-01-10,-0.00025,0.853073418964267,-0.001
2022-01-11,-0.0020519449796766063,0.8513229592449277,-0.008207779918706425
2022-01-12,0.00044165893934512425,0.8516989536401481,0.0014721964644837475
2022-01-13,-0.0029701825215381226,0.8491692522944339,-0.009900608405127076
2022-01-14,-0.003598410505373717,0.8461135927361373,-0.008996026263434292
2022-01-18,-0.0027972547774349323,0.8437467974466034,-0.006216121727633183
2022-01-19,0.0013051761451671807,0.844848035639192,0.002900391433704846
2022-01-20,-0.0008662289828007097,0.844116203784659,-0.0017324579656014193
2022-01-21,0.0040006677947043824,0.8474932322961285,0.008001335589408765
2022-01-24,0.005016166088931334,0.8517443991085712,0.009120301979875152
2022-01-25,-0.001531813935827736,0.8504396851682535,-0.00278511624695952
2022-01-26,-0.0016523751777842988,0.8490344397422789,-0.002753958629640498
2022-01-27,-0.0041759873155172485,0.8454888826914778,-0.006424595870026537
2022-01-28,0.0021355279843128018,0.8472944478608908,0.003285427668173541
2022-01-31,0.0032234976112038684,0.8500256994895566,0.004604996587434097
2022-02-01,0.003203527649230786,0.8527487803204282,0.0045764680703296945
2022-02-02,-0.003490158885567707,0.8497725515876359,-0.004985941265096724
2022-02-03,-0.006476544998452976,0.8442689614188283,-0.009963915382235348
2022-02-04,0.0012605136496127878,0.8453331739686413,0.001939251768635058
2022-02-07,0.00039783152089075123,0.8456694741509007,0.0006120484936780788
2022-02-08,-0.0006635054055032952,0.8451083678835324,-0.0010207775469281465
2022-02-09,0.007254672780775384,0.8512393525568226,0.009672897041033846
2022-02-10,-0.00027279164135035616,0.8510071415766567,-0.00036372218846714155
2022-02-11,-0.001748122178520367,0.8495194771183873,-0.0023308295713604893
2022-02-14,-0.00016461081881253837,0.8493796370216615,-0.00023515831258934052
2022-02-15,0.0025602101125868524,0.8515542273577896,0.003657443017981218
2022-02-16,0.001163949369284606,0.8525453933636343,0.0016627848132637227
2022-02-17,-0.005033035073406916,0.8482545024971637,-0.007190050104867023
2022-02-18,-0.00038804438389019035,0.8479253421013602,-0.0005969913598310621
2022-02-22,-0.0025204905948828958,0.8457881542514308,-0.0036007008498327086
2022-02-23,-0.0062965178534107324,0.8404626340379835,-0.008395357137880977
2022-02-24,0.011062625248074155,0.849760357193355,0.014750166997432205
2022-02-25,-0.008030311389518763,0.8429365169186236,-0.011471873413598233
2022-02-28,-0.0015518755112750027,0.8416283843804582,-0.002216965016107147
2022-03-01,-0.0027327317640707003,0.8393284397609182,-0.0036436423520942673
2022-03-02,0.003142437381148294,0.8419659768250839,0.004189916508197725
2022-03-03,-0.004515709671470863,0.8381639029204855,-0.006020946228627818
2022-03-04,-0.0015165454892204777,0.8368927892342839,-0.00202206065229397
2022-03-07,-0.011820954387586602,0.8269999177454453,-0.015761272516782134
2022-03-08,0.006447491260635757,0.8323319924876557,0.008059364075794696
2022-03-09,0.0069689362740122055,0.8381324611021237,0.008711170342515256
2022-03-10,0.0034564982372109034,0.8410294644764724,0.004320622796513629
2022-03-11,-0.010894937465292104,0.8318665010545331,-0.014526583287056138
2022-03-14,-0.01374918730793127,0.8204290127163408,-0.01833224974390836
2022-03-15,0.008257503289977753,0.8272037079880391,0.011010004386637002
2022-03-16,0.01377240682147698,0.8385962939786847,0.01836320909530264
2022-03-17,-0.0016800763664661766,0.837187388164165,-0.002100095458082721
2022-03-18,0.0077395467001443955,0.8436668390516335,0.009674433375180494
2022-03-21,-0.010587418871388221,0.8347345848386938,-0.011763798745986912
2022-03-22,0.003109798641514355,0.8373304413166501,0.003455331823904839
2022-03-23,-0.003622409088553241,0.8342972879159024,-0.004024898987281379
2022-03-24,-0.001109440889087676,0.8333716843910335,-0.0012327120989863067
2022-03-25,-0.001566455170789277,0.8320662450068298,-0.001740505745321419
2022-03-28,0.0009628202124740692,0.8328673752056398,0.0010698002360822992
2022-03-29,0.005285976389884312,0.8372698924868817,0.005873307099871457
2022-03-30,0.0010849685952123544,0.8381783040259467,0.0012055206613470605
2022-03-31,0.00022568954794840445,0.8383674721084825,0.00025076616438711604
2022-04-01,-0.0015573600715910406,0.8370618320821,-0.0017304000795456008
2022-04-04,-0.0035929893891083974,0.8340542778014015,-0.003992210432342664
2022-04-05,-0.012091653455830003,0.8239691825108745,-0.013435170506477781
2022-04-06,-0.0051158026226400255,0.8197539188060108,-0.006018591320752971
2022-04-07,-0.0014092891495624204,0.8185986485029262,-0.0016579872347793183
2022-04-08,-0.0012989265434624475,0.8175353489899433,-0.0015281488746617029
2022-04-11,0.00889383535772273,0.8248063737829783,0.010463335714967917
2022-04-12,-0.004491409907258515,0.8211018302641995,-0.005988546543011353
2022-04-13,0.002948297806424366,0.8235226829892185,0.003931063741899154
2022-04-14,-0.008641171436420143,0.8164064823037279,-0.011521561915226856
2022-04-18,0.002653284653515292,0.8185726410942548,0.003537712871353723
2022-04-19,0.004712175644282774,0.8224298991566953,0.006282900859043697
2022-04-20,-0.005354427757159957,0.8180262576763324,-0.00713923700954661
2022-04-21,-0.0006888522175703127,0.8174627584747013,-0.0009184696234270836
2022-04-22,-0.0028413816628122092,0.8151400347827393,-0.003788508883749612
2022-04-25,-0.003607254624297301,0.8121996171228194,-0.004809672832396402
2022-04-26,-0.003886640158512522,0.8090428894741813,-0.0043184890650139135
2022-04-27,-0.009852766576753397,0.8010715787336101,-0.010947518418614886
2022-04-28,0.004922837454316087,0.805015123904988,0.005469819393684541
2022-04-29,-0.001714502918675087,0.8036349231254752,-0.001905003242972319
2022-05-02,0.009614974059504022,0.8113618520646382,0.010683304510560024
2022-05-03,0.003420180416899299,0.8141368559820888,0.003800200463221443
2022-05-04,0.017368431734801237,0.8282771363879995,0.019298257483112487
2022-05-05,-0.009650721459564738,0.8202836644533931,-0.01072302384396082
2022-05-06,-0.0047563392775459455,0.816382117041424,-0.005595693267701113
2022-05-09,-0.008290272044048457,0.8096140871992544,-0.009753261228292303
2022-05-10,-0.005102941035374975,0.8054826742508677,-0.006003460041617618
2022-05-11,-0.009715072028707288,0.7976573520526448,-0.011429496504361517
2022-05-12,-0.0015836563252269009,0.7963941369417028,-0.0018631250885022363
2022-05-13,0.014515640731790947,0.8079543081144533,0.017077224390342288
2022-05-16,-0.009622592999165036,0.800179692645546,-0.011320697646076513
2022-05-17,-0.0016432292737150022,0.7988648139503586,-0.0019332109102529439
2022-05-18,0.005785481967744299,0.8034866319261338,0.006806449373816823
2022-05-19,0.003505808789079612,0.8063035024222484,0.004382260986349515
2022-05-20,0.0014644885825140508,0.8074843246955868,0.0018306107281425635
2022-05-23,-0.005277053770635342,0.8032231864952231,-0.006596317213294178
2022-05-24,-0.003397384373217238,0.8004943285932185,-0.004246730466521548
2022-05-25,0.0023237417289505126,0.8023544706683587,0.0029046771611881406
2022-05-26,0.006472657321595965,0.8075478362074454,0.008090821651994956
2022-05-27,0.0054923233897400505,0.8119831500765816,0.006865404237175063
2022-05-31,0.00832729547457473,0.8187447736876453,0.010409119343218413
2022-06-01,-0.003119669488725563,0.8161905605981185,-0.0038995868609069534
2022-06-02,0.008551366228837782,0.8231701049943133,0.010689207786047226
2022-06-03,-0.0006068463742895158,0.822670567200674,-0.0007585579678618948
2022-06-06,0.0004974926744525099,0.823079839781344,0.0006218658430656374
2022-06-07,-0.00041171887870103396,0.8227409622726278,-0.0005146485983762925
2022-06-08,1.7315739337581126e-05,0.8227552086406729,2.1644674171976408e-05
2022-06-09,0.006346962492907055,0.8279772050907592,0.007933703116133818
2022-06-10,-0.006085528819674985,0.8229385259471454,-0.008114038426233313
2022-06-13,-0.004839077219943988,0.8189562628728203,-0.0064521029599253175
2022-06-14,0.008909841535958108,0.8262530333998975,0.011137301919947634
2022-06-15,0.003813774630082661,0.8294041762567068,0.004767218287603327
2022-06-16,-0.004657535618044073,0.8255411967640367,-0.005821919522555091
2022-06-17,-0.0007447110656628841,0.8249264070996459,-0.0009308888320786052
2022-06-21,-0.00010370372710983844,0.8248408591566383,-0.00012962965888729805
2022-06-22,-0.004105854215004706,0.8214541828383619,-0.004830416723534949
2022-06-23,0.0023901038169383826,0.8234175436162038,0.0028118868434569206
2022-06-24,-0.002094929964990183,0.8216925415303836,-0.002464623488223745
2022-06-27,-0.0013476196903624339,0.8205852124819933,-0.0014973552115138153
2022-06-28,-7.717123929004143e-05,0.820521886904203,-8.574582143337938e-05
2022-06-29,-0.001768422679068854,0.8190708573907293,-0.0019649140878542823
2022-06-30,-0.0009400023979458827,0.8183009288206944,-0.0010444471088287585
2022-07-01,6.777539897228623e-05,0.8183563894926245,7.530599885809582e-05
2022-07-05,0.006292433708941547,0.8235058428237956,0.006991593009935053
2022-07-06,-0.00092452006142692,0.8227444951514027,-0.0010272445126965778
2022-07-07,0.005114799686502525,0.8269526684372749,0.005683110762780583
2022-07-08,-2.797811267865602e-05,0.8269295318623374,-3.1086791865173354e-05
2022-07-11,-0.006135561420725061,0.8218558549289846,-0.00681729046747229
2022-07-12,0.0,0.8218558549289846,0.0
2022-07-13,-0.0002,0.8216914837579988,-0.001
2022-07-14,-0.0009162174933406819,0.8209386356464506,-0.00458108746670341
2022-07-15,0.0012212075058814,0.8219411720701703,0.006106037529406999
2022-07-18,0.0017179626563529281,0.8233532363095056,0.005726542187843094
2022-07-19,0.0026887379742741636,0.8255670174222125,0.007682108497926181
2022-07-20,0.0029317404978791706,0.8279873656809026,0.008376401422511916
2022-07-21,0.0012181892962382702,0.8289960110271956,0.0034805408463950576
2022-07-22,0.003308150581215774,0.8317384546629008,0.00945185880347364
2022-07-25,6.846919818046535e-05,0.8317954031279874,0.00017117299545116337
2022-07-26,0.000925393086057047,0.8325651408430561,0.0023134827151426174
2022-07-27,0.001029892838098806,0.8334225937188611,0.002574732095247015
2022-07-28,0.0028351636937148095,0.8357854831980943,0.007087909234287024
2022-07-29,-0.00034098358236537836,0.8355004940699445,-0.0006819671647307567
2022-08-01,-0.00124698936521479,0.8344586338392076,-0.0019184451772535232
2022-08-02,-0.0017755211779617087,0.832977034862693,-0.002731571043018013
2022-08-03,-0.003327806108010911,0.8302050487982442,-0.005119701704632171
2022-08-04,-0.004633453896986078,0.8263583319795924,-0.007128390610747813
2022-08-05,0.0029818089449915874,0.8288223746456574,0.004259727064273696
2022-08-08,0.00010309122666867787,0.8289078189609501,0.0001472731809552541
2022-08-09,0.006919607560639895,0.8346435357721058,0.009885153658056993
2022-08-10,-0.001470805204594783,0.8334159377157109,-0.002101150292278261
2022-08-11,0.001168421973629963,0.8343897192105113,0.001669174248042804
2022-08-12,-0.0035836804652015055,0.8313995330734116,-0.005119543521716436
2022-08-15,0.0035961413129979468,0.834389363281904,0.00513734473285421
2022-08-16,0.0021926244418004337,0.8362188657938143,0.0031323206311434765
2022-08-17,0.004756435947035298,0.8401962872666652,0.006794908495764711
2022-08-18,-0.004376524714789942,0.8365191474501679,-0.006252178163985632
2022-08-19,0.0017597659305826686,0.8379912253461307,0.0025139513294038123
2022-08-22,0.004287095576558137,0.8415837738215066,0.0061244222522259095
2022-08-23,-0.0026921803832841372,0.8393180784947342,-0.003845971976120196
2022-08-24,0.0004982162842916638,0.8397362404291406,0.000711737548988091
2022-08-25,-0.0009662769704631202,0.8389248226387507,-0.0013803956720901717
2022-08-26,0.005499607266564515,0.8435385796894361,0.00785658180937788
2022-08-29,0.0008642843012691525,0.8442676368413766,0.0012346918589559322
2022-08-30,-0.00014602951055137648,0.8441443488515943,-0.00022466078546365612
2022-08-31,-0.0022932616128861216,0.8422085050206382,-0.0035280947890555716
2022-09-01,-0.0008721314661658541,0.8414739884823371,-0.001341740717178237
2022-09-02,-0.000603279892257097,0.8409663441452284,-0.0009281229111647646
2022-09-06,0.0013152719464822548,0.8420724435856183,0.0020234953022803923
2022-09-07,-0.0028846425620982497,0.839643365574481,-0.004437911633997307
2022-09-08,0.0010968874852052835,0.8405643598742154,0.0016875192080081285
2022-09-09,0.0019461756793594186,0.842200245788339,0.002994116429783721
2022-09-12,0.0009363587344956237,0.8429888473446773,0.0014405518992240364
2022-09-13,0.0013041642357935312,0.8440882432505571,0.0020064065166054326
2022-09-14,-0.004632470823916823,0.8401780290908877,-0.007126878190641266
2022-09-15,0.005653016467326277,0.8449275693248243,0.008696948411271195
2022-09-16,0.0003301060118662713,0.84520648499505,0.0005501766864437855
2022-09-19,-0.0022718580682031418,0.8432862958228163,-0.0037864301136719034
2022-09-20,-0.000979038911746971,0.8424606857254628,-0.0015062137103799556
2022-09-21,-0.0042600501235795455,0.8388717609771271,-0.006553923267045454
2022-09-22,0.0027622224518518423,0.8411889113895226,0.003946032074074061
2022-09-23,0.001591446363229354,0.8425276184233423,0.002273494804613363
2022-09-26,0.0013839282203815084,0.8436936161709293,0.0019770403148307264
2022-09-27,0.0033026482389044267,0.8464800394065511,0.004718068912720609
2022-09-28,-0.0025800706859841925,0.8442960610706075,-0.0036858152656917037
2022-09-29,0.0031977829471527886,0.8469959366170473,0.004568261353075412
2022-09-30,0.002477865296300441,0.8490946784544982,0.003812100455846832
2022-10-03,0.004490211952206247,0.8529072935282493,0.006908018388009611
2022-10-04,-0.0016255975134022438,0.8515208095527271,-0.0025009192513880674
2022-10-05,0.00012574370015579482,0.85162788293008,0.00019345184639353051
2022-10-06,-0.0018522459535629976,0.8500504586299813,-0.0028496091593276885
2022-10-07,-0.0015782027220153205,0.848708906682321,-0.0022545753171647437
2022-10-10,0.00017700285162838836,0.8488591305790062,0.00025286121661198335
2022-10-11,-0.0017403538628998072,0.8473818153120453,-0.0024862198041425815
2022-10-12,0.0007295242655126933,0.8480000009084696,0.0010421775221609903
2022-10-13,0.0021801115107252023,0.8498487354715452,0.0031144450153217174
2022-10-14,0.007283566201681291,0.8560386649977673,0.011205486464125062
2022-10-17,0.0033596844819366476,0.8589146848164979,0.005168745356825612
2022-10-18,-0.001826389656737193,0.8573459719201294,-0.0028098302411341427
2022-10-19,0.0013319133271713136,0.8584878824461265,0.0022198555452855226
2022-10-20,0.004304044754266795,0.8621828527131704,0.007173407923777991
2022-10-21,-0.009313441149334956,0.8541529634544606,-0.01552240191555826
2022-10-24,-0.0023729323242506926,0.8521261162776249,-0.004314422407728532
2022-10-25,0.0031621598061935983,0.8548206752323257,0.005749381465806543
2022-10-26,-0.0012254028077740842,0.8537731755767527,-0.0022280051050437896
2022-10-27,-0.0006522761492995411,0.8532162796974123,-0.0011859566350900747
2022-10-28,-0.0005474686167387,0.8527491705609874,-0.0009953974849794545
2022-10-31,-0.0013679744876926524,0.8515826314512589,-0.0024872263412593684
2022-11-01,0.0005496971836139453,0.8520507440253822,0.0009994494247526277
2022-11-02,0.0011556716749452022,0.8530354349358683,0.002101221227173095
2022-11-03,-0.00446806310109849,0.8492240187851019,-0.008123751092906346
2022-11-04,-0.00040691207039644794,0.8488784592813876,-0.0007398401279935417
2022-11-07,-0.0026006272241890505,0.8466708428501527,-0.004728413134889183
2022-11-08,0.0016173733418569703,0.8480402257007061,0.0026956222364282836
2022-11-09,-0.0007721185506158745,0.8473854381107742,-0.0012868642510264576
2022-11-10,0.0059529030023108605,0.8524298414294184,0.009921505003851435
2022-11-11,0.0019338738723269299,0.8540783332277505,0.003223123120544883
2022-11-14,-0.0023114241279427903,0.8521041959611747,-0.0035560371199119855
2022-11-15,-0.0036556648329772734,0.848989188617967,-0.005624099743041959
2022-11-16,0.0007207457531507755,0.8496010939701344,0.0011088396202319623
2022-11-17,-0.0015085133870929245,0.8483194593461917,-0.002320789826296807
2022-11-18,0.003061630999600662,0.8509167005004905,0.004710201537847172
2022-11-21,-0.0018703449186509625,0.8493251927735141,-0.0028774537210014806
2022-11-22,0.0048263280691904775,0.8534243147912676,0.007425120106446888
2022-11-23,-0.0022016261032874575,0.8515453935426429,-0.0033871170819807037
2022-11-25,0.0008164025465980773,0.8522405973704749,0.0012560039178431959
2022-11-28,-0.0005247943706359115,0.8517933463025474,-0.0008073759548244792
2022-11-29,0.0015396380140678511,0.8531047997186448,0.0021994828772397873
2022-11-30,0.003353595504514628,0.855965768139861,0.0047908507207351835
2022-12-01,-0.0024005569870570952,0.8539109735344712,-0.0032007426494094606
2022-12-02,-0.003461158162096911,0.8509554525987183,-0.004614877549462548
2022-12-05,-0.004750636789227059,0.8469128723196094,-0.005938295986533823
2022-12-06,0.00042374734168967865,0.8472717493978976,0.0005296841771120983
2022-12-07,0.0004906946965888836,0.8476875011518967,0.0006133683707361046
2022-12-08,0.0006901083795052166,0.8482724973996435,0.0008626354743815207
2022-12-09,0.0033431687627432038,0.8511084155152442,0.004178960953429005
2022-12-12,0.003198242964140785,0.8538304670168869,0.003997803705175981
2022-12-13,-0.0012107834017364761,0.852796663259526,-0.001513479252170595
2022-12-14,-0.0007980614966747346,0.8521160790780858,-0.0009975768708434182
2022-12-15,0.00661952381344561,0.8577566817553631,0.008274404766807013
2022-12-16,-0.0041060376762373,0.8542347005030313,-0.005132547095296626
2022-12-19,-0.0012161703393715195,0.8531958055974176,-0.0015202129242143994
2022-12-20,-0.0008707230631474161,0.8524529083321033,-0.001160964084196555
2022-12-21,0.0024268217740233133,0.8545216596113732,0.0032357623653644176
2022-12-22,0.0026872024299327115,0.8568179322915109,0.003359003037415889
2022-12-23,0.0009505921917486004,0.8576324167276974,0.0011882402396857505
2022-12-27,0.001044263977979676,0.8585280113668339,0.0013053299724745948
2022-12-28,0.0005077802235001261,0.8589639549123268,0.0006347252793751576
2022-12-29,0.0031727073191988643,0.8616891961390052,0.00396588414899858
2022-12-30,0.002128001974548155,0.8635228724498358,0.0026600024681851936
2023-01-03,0.0007677996997913272,0.8641858850520657,0.000959749624739159
2023-01-04,0.00952028370508865,0.8724131798516946,0.011900354631360813
2023-01-05,0.0025768116531040665,0.8746612242998579,0.003221014566380083
2023-01-06,0.0007777275723546917,0.8753414724504653,0.0009721594654433646
2023-01-09,0.0030904821249884418,0.8780466996243346,0.003863102656235552
2023-01-10,0.0,0.8780466996243346,0.0
2023-01-11,-5e-05,0.8780027972893534,-0.001
2023-01-12,0.0009113986162582355,0.8788030078238739,0.009113986162582355
2023-01-13,-0.0005286277679109163,0.8783384481514145,-0.003524185119406109
2023-01-17,-0.00013730482244981858,0.8782178480467402,-0.0009153654829987904
2023-01-18,0.0005673761757301387,0.8787161279308229,0.002269504702920555
2023-01-19,-0.0025486815553094457,0.8764765603432126,-0.010194726221237783
2023-01-20,-0.0016207233475731496,0.8750560343182638,-0.006482893390292599
2023-01-23,0.0014030619388147258,0.876283792134346,0.005612247755258903
2023-01-24,0.0014333660547537264,0.8775398275763222,0.005733464219014906
2023-01-25,-0.0007632912686412141,0.8768700090880484,-0.0030531650745648565
2023-01-26,2.074861856677379e-05,0.8768882029293996,8.299447426709516e-05
2023-01-27,-0.0022380150819056644,0.8749257139060984,-0.007460050273018881
2023-01-30,0.0009662460885313529,0.8757711074549157,0.0027607031100895796
2023-01-31,0.0037108416762732244,0.8790209553793353,0.009277104190683061
2023-02-01,0.003164804851193176,0.8818028851632204,0.00791201212798294
2023-02-02,0.0012550479275279137,0.8829095900467326,0.003137619818819784
2023-02-03,-0.001217265996189193,0.8818348542250594,-0.0030431649904729824
2023-02-06,-0.0013670266835613676,0.8806293624488393,-0.003417566708903419
2023-02-07,-0.0003265989803708846,0.8803417497969788,-0.0008164974509272116
2023-02-08,0.0003111185797015026,0.8806156404718276,0.0007777964492537565
2023-02-09,-0.0015880340110224044,0.8792171928841201,-0.004537240031492584
2023-02-10,0.0013676098188540654,0.8804196189500137,0.0034190245471351632
2023-02-13,-0.0009629122889490916,0.879571852079495,-0.002407280722372729
2023-02-14,-0.0014512705037684204,0.8782953553946271,-0.003628176259421051
2023-02-15,-0.004402107022284679,0.8744290052430044,-0.00978246004952151
2023-02-16,0.00031348601596309367,0.8747031265081006,0.0005699745744783522
2023-02-17,0.0021018012687418096,0.8765415786491676,0.003821456852257836
2023-02-21,0.00033615496923280477,0.8768362324565697,0.0006111908531505541
2023-02-22,0.001177950864257249,0.8778691024544041,0.0019632514404287482
2023-02-23,-0.0015465039542758795,0.8765114744161216,-0.0023792368527321226
2023-02-24,-0.002848926069224772,0.8740143580266829,-0.004382963183422726
2023-02-27,-0.0015456132121841714,0.8726634698872783,-0.0023778664802833406
2023-02-28,-0.0013957430635519353,0.8714454559023679,-0.0021472970208491313
2023-03-01,-0.0016900019793600063,0.8699727113569886,-0.0026000030451692403
2023-03-02,0.00047955160871361314,0.8703899081702569,0.000737771705713251
2023-03-03,-3.426726485443732e-05,0.870360082288747,-5.271886900682664e-05
2023-03-06,-0.000663025481135221,0.8697830113764266,-0.0010200392017464938
2023-03-07,-0.0025120901629129776,0.867598038029679,-0.0038647540967891966
2023-03-08,0.0016530203585654103,0.8690321952495935,0.0025431082439467847
2023-03-09,0.003963632156940161,0.8724767192041011,0.0060978956260617865
2023-03-10,-5.8870740255484444e-05,0.8724253558537859,-9.057036962382223e-05
2023-03-13,0.006153516397291536,0.877793839586445,0.00879073771041648
2023-03-14,-0.00826721387597878,0.8705369301755672,-0.011022951834638372
2023-03-15,0.00815806924758269,0.8776388307345175,0.010877425663443584
2023-03-16,-0.0025657070120684742,0.8753870666324384,-0.0034209426827579658
2023-03-17,-0.002240468786027838,0.873425789233956,-0.0029872917147037844
2023-03-20,0.005133302689317354,0.8779093481867498,0.006844403585756472
2023-03-21,0.002328766969625573,0.8799537944791326,0.0031050226261674307
2023-03-22,-0.005967156352153119,0.8747029726048051,-0.007956208469537492
2023-03-23,0.002891360740780546,0.8772320544396387,0.003614200925975683
2023-03-24,0.0034418879643293874,0.8802513888897384,0.004589183952439183
2023-03-27,-0.003014349181478826,0.8775980038361431,-0.004019132241971768
2023-03-28,0.0017125567505078098,0.8791009402218448,0.0022834090006770796
2023-03-29,-0.002250144108932417,0.8771228364200476,-0.003000192145243223
2023-03-30,-0.002677471629330136,0.8747743649100953,-0.0035699621724401814
2023-03-31,0.0006317007323870305,0.8753269605170825,0.0008422676431827073
2023-04-03,0.001056446163241903,0.8762516963261029,0.0014085948843225375
2023-04-04,0.0005522943820646831,0.8767356452152584,0.0007363925094195774
2023-04-05,0.006575150759049292,0.882500314258381,0.008766867678732389
2023-04-06,0.004043323489546257,0.886068548508554,0.005391097986061677
2023-04-10,-0.0026890507316640775,0.8836858652298826,-0.003585400975552104
2023-04-11,0.0015650113021138056,0.8850688435964855,0.002086681736151741
2023-04-12,-0.000773998168617529,0.8843838019324414,-0.0010319975581567053
2023-04-13,-0.0015688347691531989,0.8829963498746939,-0.0020917796922042655
2023-04-14,-0.009112071958830925,0.8749504235952507,-0.012149429278441233
2023-04-17,-0.0005616004187727231,0.8744590510709542,-0.0007020005234659038
2023-04-18,-0.006217256454949277,0.8690223148910945,-0.007771570568686596
2023-04-19,-0.0022326220679731446,0.8670821164933076,-0.0027907775849664307
2023-04-20,0.001550623024519243,0.868426633987291,0.001938278780649054
2023-04-21,-0.002844718632190074,0.8659562045608973,-0.0035558982902375927
2023-04-24,-0.0002876813951042556,0.86570708507187,-0.0003596017438803195
2023-04-25,0.0008352032336627957,0.8664301264287267,0.0010440040420784946
2023-04-26,-0.004252226926088426,0.8627458689155524,-0.005002619913045207
2023-04-27,0.0069300121451435995,0.8687247082653097,0.008152955464874823
2023-04-28,0.005351637308250212,0.8733738078246611,0.006296043892059074
2023-05-01,-0.007782368318567235,0.86657689117238,-0.00915572743360851
2023-05-02,-0.004877671480771955,0.8623500137844125,-0.005738437036202301
2023-05-03,-0.0024749055990300863,0.8602157789069738,-0.0029116536459177483
2023-05-04,-0.0047252366538106825,0.8561510557782963,-0.0055591019456596264
2023-05-05,0.0031391472605304506,0.8588386400196429,0.003693114424153471
2023-05-08,-0.005551848076881988,0.8540704983676979,-0.006531585972802338
2023-05-09,0.0026673597799745487,0.8563486116643066,0.003138070329381822
2023-05-10,-0.0015443786312211271,0.8550260851675764,-0.0018169160367307378
2023-05-11,-0.003802368776604448,0.8517749606781528,-0.00447337503129935
2023-05-12,0.003028529335967506,0.8543545861342092,0.0035629756893735365
2023-05-15,-0.002166792349729674,0.8525033771530172,-0.0025491674702702045
2023-05-16,-0.003460834784208738,0.8495530038117105,-0.004071570334363221
2023-05-17,-0.0006375279473827544,0.8490113900289976,-0.0007500328792738287
2023-05-18,0.0013205121647029971,0.8501325198975024,0.0016506402058787464
2023-05-19,0.0009741921451458579,0.8509607123207196,0.0012177401814323224
2023-05-22,0.0082427284279749,0.8579749503752554,0.010303410534968624
2023-05-23,0.0053129323067141795,0.8625333132074556,0.006641165383392725
2023-05-24,0.012264067727562371,0.8731114801779105,0.015330084659452965
2023-05-25,-0.0002571652514239131,0.8728869462445894,-0.0003214565642798914
2023-05-26,0.0024599220142592637,0.8750341800596159,0.0030749025178240796
2023-05-30,0.0022063704824618557,0.8769648296456445,0.0027579631030773197
2023-05-31,-0.002602845889307692,0.8746822253437339,-0.0032535573616346153
2023-06-01,-0.0020140716048025085,0.8729205527104436,-0.002517589506003136
2023-06-02,0.00024007784255465349,0.8731301215934599,0.00030009730319331684
2023-06-05,0.0016479334269158485,0.8745689819068809,0.0020599167836448107
2023-06-06,0.0028541821354001575,0.8770651610712147,0.0035677276692501966
2023-06-07,0.0024785614180229732,0.8792390209405379,0.0030982017725287164
2023-06-08,0.0007905620528484813,0.8799341139458772,0.0009882025660606017
2023-06-09,-0.003752056176403501,0.8766325517188184,-0.004690070220504376
2023-06-12,-0.0021646262019661354,0.8747349699278714,-0.0027057827524576694
2023-06-13,-0.0008374711478165486,0.8740024046285706,-0.0010468389347706858
2023-06-14,-0.0027587503601157913,0.8715912501800595,-0.0034484379501447393
2023-06-15,0.00435816499398955,0.8753897886556616,0.005447706242486937
2023-06-16,0.0005933828254220342,0.8759092299217998,0.0007417285317775427
2023-06-20,-0.00022868691877289682,0.8757089209388842,-0.000285858648466121
2023-06-21,-0.002398334260831142,0.873608678231281,-0.0029979178260389275
2023-06-22,-0.001674124983398706,0.87214614811734,-0.0020926562292483825
2023-06-23,-0.004366652341716964,0.868337789097344,-0.005458315427146206
2023-06-26,0.0023628824134000357,0.8703895691880928,0.002953603016750045
2023-06-27,0.0002901405593323081,0.870642104504534,0.0003626756991653851
2023-06-28,-0.001453373276151282,0.8693767365367551,-0.0018167165951891023
2023-06-29,0.0031012958403889455,0.8720729309935074,0.003876619800486182
2023-06-30,-0.0006291552823195545,0.8715242617024049,-0.0007401826850818289
2023-07-03,0.0004060180193348528,0.8718781162569436,0.00047766825804100333
2023-07-05,-0.0013273233314328226,0.87072085209107,-0.001561556860509203
2023-07-06,9.26508701369455e-05,0.8708015251356626,0.00010900102369052412
2023-07-07,0.0008195941062530022,0.8715152289333798,0.0009642283602976495
2023-07-10,0.00041903899672507405,0.8718804278005428,0.0004929870549706753
2023-07-11,0.0008333387266057146,0.8726069995259985,0.000925931918450794
2023-07-12,-0.003081713699682259,0.8699178745811206,-0.003424126332980288
2023-07-13,0.0,0.8699178745811206,0.0
2023-07-14,-0.0001,0.8698308827936625,-0.001
2023-07-17,0.00038851521677235606,0.8701688253276464,0.0019425760838617803
2023-07-18,-0.001897622756718087,0.868517573162518,-0.007590491026872348
2023-07-19,0.0008780339377293222,0.8692801610672689,0.0029267797924310743
2023-07-20,0.0017941034925682442,0.8708397396402598,0.005980344975227481
2023-07-21,0.0006779256963387436,0.871430104277155,0.0019369305609678391
2023-07-24,-0.0010650143287631198,0.8705020187295842,-0.0026625358219077994
2023-07-25,-0.0011631144569265784,0.869489525246816,-0.002907786142316446
2023-07-26,-0.002968946899073627,0.8669080570170574,-0.007422367247684067
2023-07-27,-0.005174882714226054,0.8624219094979766,-0.011499739364946785
2023-07-28,0.0004525838926502379,0.8628122277628841,0.0010057419836671953
2023-07-31,0.001455617955350408,0.8640681527337117,0.002911235910700816
2023-08-01,-0.0006667665699149006,0.8634920209753407,-0.0013335331398298012
2023-08-02,0.0004726663839554335,0.8639001646264695,0.000945332767910867
2023-08-03,-0.003254178245530126,0.8610888795044321,-0.0059166877191456834
2023-08-04,-0.0016661066495813836,0.8596542135964093,-0.002776844415968973
2023-08-07,-0.0030360822836423274,0.8570442326684506,-0.005060137139403879
2023-08-08,-0.0024319026157647748,0.8549599845571981,-0.004053171026274625
2023-08-09,0.003508270189995938,0.8579594151846596,0.006378673072719887
2023-08-10,0.0003968146036503084,0.8582998660099441,0.0007214810975460153
2023-08-11,-0.001799442329136608,0.8567554048999535,-0.0032717133257029237
2023-08-14,0.002923128851249812,0.8592598113424809,0.005314779729545113
2023-08-15,-0.0012795833438778049,0.8581603167998234,-0.0023265151706869176
2023-08-16,-0.00036662497543800133,0.8578456937947547,-0.0006665908644327297
2023-08-17,0.002983749795577506,0.8604052907082519,0.005424999628322738
2023-08-18,-0.001034605175412129,0.8595151109415332,-0.0018811003189311433
2023-08-21,0.0009506379377186847,0.8603321986140366,0.0017284326140339721
2023-08-22,-0.00317900053103215,0.8575972020977786,-0.005780000965513
2023-08-23,-0.0009520957414438036,0.8567806874537871,-0.0015868262357396727
2023-08-24,-0.0015574860050122153,0.855446263523713,-0.002595810008353692
2023-08-25,0.0005826406030923437,0.8559446812506056,0.0009710676718205727
2023-08-28,-0.0023639078015807668,0.8539213069408758,-0.003939846335967945
2023-08-29,0.0015929223466623955,0.855281537272993,0.002654870577770659
2023-08-30,-0.0027624304267005574,0.8529188815310349,-0.0046040507111675955
2023-08-31,-0.0031204058469470495,0.850257428466134,-0.005200676411578416
2023-09-01,-0.001484140076486684,0.8489955273412169,-0.0024735667941444737
2023-09-05,-0.0016669524041754702,0.8475802922057812,-0.002778254006959117
2023-09-06,-0.0024232102418188907,0.8455264269609444,-0.004038683736364818
2023-09-07,-0.004215219243587748,0.8419623476950566,-0.007025365405979579
2023-09-08,0.002863677704601231,0.8443734564982646,0.004772796174335385
2023-09-11,0.0004873191502584362,0.844784935853586,0.0007497217696283634
2023-09-12,0.0010555780576438577,0.8456766722953011,0.001623966242529012
2023-09-13,0.00035815962146972804,0.8459795595321361,0.00055101480226112
2023-09-14,-0.0012970282620138386,0.844882300134337,-0.0019954280954059054
2023-09-15,0.00018994789271666867,0.8450427837468412,0.0002922275272564133
2023-09-18,0.0009916141213966278,0.8458807401043889,0.0015255601867640428
2023-09-19,0.0016643846020257202,0.8472886109833687,0.002377692288608172
2023-09-20,-0.0012647452922077528,0.8462170067014863,-0.0018067789888682184
2023-09-21,0.0009756870553063901,0.847042649680905,0.0013938386504377001
2023-09-22,-0.001537931062810416,0.8457399564784356,-0.0021970443754434515
2023-09-25,-9.307817685401676e-05,0.845661236545194,-0.0001329688240771668
2023-09-26,0.00010450065296755961,0.8457496086966023,0.00014928664709651374
2023-09-27,-0.0026976236782236484,0.843468094526334,-0.0038537481117480693
2023-09-28,0.0016011668242241872,0.8448186276565811,0.0022873811774631247
2023-09-29,0.0014495893144665984,0.8460432677118944,0.001932785752622131
2023-10-02,-0.0035248783865739486,0.8430610680834303,-0.004699837848765265
2023-10-03,-0.0007550962510892767,0.8424244758314812,-0.0010067950014523688
2023-10-04,-0.001431351084522997,0.8412186706443711,-0.0019084681126973295
2023-10-05,-0.004139353968953541,0.8377365688012814,-0.0055191386252713874
2023-10-06,0.0007355826159153867,0.8383527932580083,0.0009194782698942333
2023-10-09,0.0007025446736814434,0.8389417735475777,0.0008781808421018042
2023-10-10,0.0009178409190309488,0.839711788636024,0.0011473011487886861
2023-10-11,-0.002987655747896961,0.8372030188841287,-0.0037345696848712015
2023-10-12,-0.006294496036592739,0.8319332477999392,-0.007868120045740924
2023-10-13,-0.0018388285082234334,0.8304034652269456,-0.002298535635279292
2023-10-16,0.0010799595081594949,0.831300267344826,0.0012705405978346998
2023-10-17,0.0005526916398096993,0.8317597200527591,0.000614101822010777
2023-10-18,-0.0015095972592321428,0.8305040978590278,-0.001677330288035714
2023-10-19,0.0022220574089110434,0.8323495256428065,0.002468952676567826
2023-10-20,0.003868968953856894,0.8355698601162761,0.004298854393174327
2023-10-23,-0.0024611476561403446,0.8335133993135094,-0.002734608506822605
2023-10-24,-0.0015526087100045383,0.8322192791498298,-0.0017251207888939314
2023-10-25,-0.005152812421547581,0.8279310093107752,-0.005725347135052868
2023-10-26,-0.002062588496834955,0.8262233283347978,-0.0022917649964832834
2023-10-27,-0.0027577821499318146,0.8239447843880588,-0.003244449588155076
2023-10-30,-0.0030816217917293497,0.8214056981853068,-0.0036254374020345294
2023-10-31,0.0007138438929121139,0.8219920536265597,0.0008398163446024868
2023-11-01,0.0003735325236248033,0.8222990943927503,0.0004394500277938862
2023-11-02,0.0011831552187285155,0.8232720018576367,0.0013919473161511948
2023-11-03,0.005335441857137413,0.8276645217561572,0.006276990420161662
2023-11-06,-0.003613324698970216,0.8246739010972343,-0.004250970234082607
2023-11-07,0.001785356943138533,0.8261462383723833,0.0021004199331041565
2023-11-08,-4.73563046779979e-05,0.8261071151394104,-5.5713299621173995e-05
2023-11-09,-0.0080093419758601,0.8194905407455676,-0.009422755265717767
2023-11-10,-0.0007204921827391353,0.8189001042171317,-0.0008476378620460415
2023-11-13,6.223379902880465e-05,0.8189510674816421,7.32162341515349e-05
2023-11-14,0.0023043342630090723,0.820838204486168,0.0027109814858930262
2023-11-15,0.005597844741601082,0.8254331293128562,0.0065856996960012735
2023-11-16,0.007081549286375294,0.8312784747006923,0.00833123445455917
2023-11-17,0.0036117381356607415,0.8342808348691227,0.004249103689012637
2023-11-20,-0.0011487628473781431,0.8333224440417454,-0.0013514857027978153
2023-11-21,7.497086157822186e-05,0.8333849189433477,8.820101362143748e-05
2023-11-22,0.0009681053355234559,0.8341917233299215,0.001138947453557007
2023-11-24,-0.00023048215003304006,0.8339994570279886,-0.00027115547062710595
2023-11-27,-0.0023405714771949915,0.8320474216868727,-0.0027536135025823427
2023-11-28,-0.0017762451976032045,0.8305695014499233,-0.0020897002324743582
2023-11-29,0.0029189594041257316,0.8329939001069605,0.0036486992551571645
2023-11-30,-0.003118511734582613,0.8303961988546412,-0.0038981396682282662
2023-12-01,0.00728234006616727,0.8364434263643533,0.009102925082709087
2023-12-04,0.0032251214761223,0.8391410580222823,0.004031401845152875
2023-12-05,0.005411665852067743,0.8436822090310495,0.006764582315084679
2023-12-06,-0.001207268538505929,0.8426636580435891,-0.0015090856731324112
2023-12-07,0.0010584330866300284,0.8435555611401632,0.0013230413582875356
2023-12-08,0.0005591522706363261,0.8440272371475825,0.0006989403382954076
2023-12-11,0.004887290866060806,0.8481522437544006,0.006109113582576008
2023-12-12,-0.0022790600313688848,0.8462192538751441,-0.002848825039211106
2023-12-13,0.00200969798186299,0.8479198990018705,0.0025121224773287376
2023-12-14,0.014398406693825472,0.8601285945514868,0.01799800836728184
2023-12-15,-0.0031205682369623623,0.8574445045796264,-0.004457954624231946
2023-12-18,-0.0011536960674714436,0.8564552742266179,-0.0016481372392449195
2023-12-19,0.0025936301763444746,0.8586766024705415,0.0034581735684592997
2023-12-20,-0.0022007328542915814,0.8567868846602731,-0.0029343104723887755
2023-12-21,0.001679636643268756,0.8582259753072206,0.002239515524358341
2023-12-22,0.0017142375659491115,0.8596971785141655,0.0022856500879321487
2023-12-26,0.0001265605165989836,0.8598059822331969,0.00016874735546531147
2023-12-27,-0.00032905391364027037,0.8595230597097718,-0.0004700770194861005
2023-12-28,-0.0004591785838038931,0.8591283851284676,-0.0006559694054341329
2023-12-29,-0.0010862571460923786,0.858195150780711,-0.001671164840142121
2024-01-02,0.0031821191196981123,0.8609260299784425,0.004895567876458635
2024-01-03,-0.0006156010385444888,0.8603960430202777,-0.000947078520837675
2024-01-04,-0.0023151351788294637,0.8584041098733558,-0.003561746428968406
2024-01-05,0.002258807699713822,0.8603430796862038,0.003475088768790495
2024-01-08,-0.00043143240325664854,0.8599718998037096,-0.0006637421588563824
2024-01-09,-0.0017112821859233684,0.8585002452111808,-0.00263274182449749
2024-01-10,-0.005242157280839726,0.8539998519001444,-0.00806485735513804
2024-01-11,0.0,0.8539998519001444,0.0
2024-01-12,-0.00025,0.8537863519371693,-0.001
2024-01-16,-0.00010193155556075251,0.8536993241661999,-0.00040772622224301004
2024-01-17,-0.0014841267922384104,0.852432326126689,-0.004240362263538315
2024-01-18,0.0010906222813297118,0.8533620078148884,0.0031160636609420334
2024-01-19,-0.0012945991188205775,0.8522572461115362,-0.0028768869307123942
2024-01-22,0.0041754158048111336,0.8558157744867151,0.007591665099656606
2024-01-23,-0.0010241285482043728,0.8549393091200597,-0.0020482570964087455
2024-01-24,0.0024340903934727707,0.857020308679391,0.0048681807869455414
2024-01-25,6.620606310414056e-05,0.8570770486200289,0.00013241212620828112
2024-01-26,-0.0002557018141907952,0.8568578924637955,-0.0005114036283815904
2024-01-29,-0.003740600091678442,0.85365272975269,-0.007481200183356884
2024-01-30,-0.0028847048297083013,0.8511901936002788,-0.005769409659416603
2024-01-31,0.00039852395971131104,0.8515294132866998,0.0007970479194226221
2024-02-01,-0.007106117682271313,0.8454783450659691,-0.014212235364542625
2024-02-02,-0.0005762059918188511,0.8449911753775889,-0.0011524119836377022
2024-02-05,-0.0036245764206781217,0.8419284402876342,-0.006590138946687494
2024-02-06,0.003213992719408615,0.8446343921649817,0.005843623126197481
2024-02-07,-0.0013717953406475135,0.8434757266412591,-0.002286325567745856
2024-02-08,0.002774371037822754,0.8458158412683592,0.004268263135111929
2024-02-09,0.0009881851625485939,0.8466516639329491,0.001411693089355134
2024-02-12,0.0057473101143213304,0.8515176336043779,0.008210443020459044
2024-02-13,-0.003202962841067297,0.8487902542654296,-0.00457566120152471
2024-02-14,-0.0016169215917967272,0.8474178269764012,-0.002309887988281039
2024-02-15,-0.003959516776455873,0.8440624618738204,-0.0056564525377941054
2024-02-16,-0.002200870801283228,0.842204789447023,-0.0029344944017109706
2024-02-20,6.101680271304866e-05,0.8422561780905048,8.135573695073154e-05
2024-02-21,0.0008203411039830966,0.8429471154534761,0.0010937881386441288
2024-02-22,-0.0031193133066398813,0.8403176992994484,-0.004159084408853176
2024-02-23,0.00023117220326157595,0.8405119573934351,0.00030822960434876795
2024-02-26,-0.003680618046884754,0.8374183539144303,-0.004907490729179672
2024-02-27,0.0008168666306015871,0.8381024130235963,0.0010891555074687828
2024-02-28,0.00030663734716177005,0.8383594065241758,0.0004088497962156934
2024-02-29,0.00224937803211287,0.8402451937562265,0.0029991707094838265
2024-03-01,-0.0021245513465013967,0.8384600496984405,-0.002832735128668529
2024-03-04,0.005512070974253475,0.8430817010014544,0.007349427965671299
2024-03-05,0.00252023473612758,0.8452064647897117,0.00336031298150344
2024-03-06,-0.0013680227782405185,0.8440502030935633,-0.001954318254629312
2024-03-07,-0.0014692401751459304,0.8428100906253381,-0.002098914535922758
2024-03-08,0.003400314783765168,0.8456759102363979,0.004857592548235955
2024-03-11,0.004250875696875695,0.849270773410655,0.006072679566965278
2024-03-12,-0.0005974045850772158,0.8487634151566474,-0.0008534351215388798
2024-03-13,0.0019389798134777647,0.8504091502850546,0.0027699711621110923
2024-03-14,0.00015466740250128508,0.8505406808593925,0.00020622320333504678
2024-03-15,-0.0023379007090754524,0.8485522011985138,-0.003117200945433936
2024-03-18,0.005918269705594064,0.8535741619844822,0.00789102627412542
2024-03-19,0.0008147533378911276,0.8542696143820966,0.0010863377838548369
2024-03-20,0.0017305132985002524,0.8557479393102894,0.002307351064667003
2024-03-21,-0.0037769830159955276,0.8525157938775413,-0.005395690022850753
2024-03-22,-0.0016027931200796152,0.8511493874283551,-0.0022897044572565933
2024-03-25,-0.0002667317297904426,0.8509223588799363,-0.00038104532827206084
2024-03-26,-0.006260358911439251,0.8455952795075793,-0.008943369873484644
2024-03-27,-0.005960382038349898,0.8405552085918888,-0.008514831483356997
2024-03-28,0.0019138515703911452,0.8421639064978529,0.0027340736719873504
2024-04-01,0.0017274415433590374,0.8436186954162548,0.0024677736333700534
2024-04-02,-0.0006308768489991734,0.8430864759119338,-0.0009012526414273905
2024-04-03,-0.0002793758075341657,0.8428509379469048,-0.00039910829647737955
2024-04-04,-0.0009012830835805119,0.8420912906545532,-0.001287547262257874
2024-04-05,-0.0019977784535926022,0.8404089788181256,-0.0028539692194180033
2024-04-08,0.0015391878106923939,0.8417025260743188,0.0021988397295605627
2024-04-09,7.545148444772498e-05,0.8417660337793745,0.0001077878349253214
2024-04-10,-0.002616842535301073,0.839563264617409,-0.0037383464790015325
2024-04-11,0.000933572105110636,0.8403470574617316,0.0013336744358723371
2024-04-12,-0.0018635283095603584,0.8387810469302959,-0.0026621832993719403
2024-04-15,-0.002397088309049433,0.836770414688847,-0.003424411870070619
2024-04-16,-0.001669373941154667,0.8353735319638363,-0.0023848199159352385
2024-04-17,0.006844681769086885,0.8410913979484469,0.009778116812981266
2024-04-18,0.003370089139517085,0.8439259509340141,0.004814413056452979
2024-04-19,0.0026603747532052413,0.8461711102274537,0.0038005353617217735
2024-04-22,0.0005630766934474008,0.8466475694582913,0.0008043952763534297
2024-04-23,-0.0009221995379326386,0.8458667914609451,-0.001317427911332341
2024-04-24,0.0007056673724841033,0.8464636920571469,0.001008096246405862
2024-04-25,-0.008287166535250735,0.8394489064750261,-0.011838809336072478
2024-04-26,-0.0063128169299661195,0.8341496192063891,-0.0090183098999516
2024-04-29,0.005730255495765802,0.8389295096461376,0.00818607927966543
2024-04-30,-0.0030570561224183166,0.8363648550523964,-0.004367223032026167
2024-05-01,-0.004243144653206332,0.8328160379895512,-0.006061635218866189
2024-05-02,0.0027425998302774922,0.8351001191139936,0.0039179997575392745
2024-05-03,-0.0016297030666254653,0.8337391538889343,-0.002328147238036379
2024-05-06,-0.0005854329706542538,0.8332510554993223,-0.0008363328152203626
2024-05-07,-0.004044679125255296,0.8298808223490473,-0.0057781130360789945
2024-05-08,0.0032298087579354815,0.8325611786971129,0.004968936550669972
2024-05-09,-0.0006902976168555342,0.8319864636995717,-0.001150496028092557
2024-05-10,0.0016441931096207063,0.8333544101104843,0.002529527860954933
2024-05-13,0.006426889883994891,0.838710287138606,0.009887522898453679
2024-05-14,-0.0014327940045611332,0.8375085880676301,-0.0022042984685555897
2024-05-15,-0.005883602706280416,0.8325810202723423,-0.00905169647120064
2024-05-16,0.004215553321798316,0.8360908099580175,0.0064854666489204855
2024-05-17,0.001820850920580369,0.8376132066790184,0.0028013091085851835
2024-05-20,-0.0035573031296093293,0.834633562597497,-0.005081861613727613
2024-05-21,-0.0005590852082351771,0.8341669313183521,-0.0007986931546216816
2024-05-22,0.0035362048316965157,0.8371167164513215,0.00505172118813788
2024-05-23,-0.005614781033304567,0.8324164893891284,-0.008021115761863666
2024-05-24,-0.0009116869334394095,0.8316575861525728,-0.0013024099049134422
2024-05-28,-0.0011866857738708548,0.8306706699263537,-0.0016952653912440782
2024-05-29,0.0007360657333722986,0.831282098142204,0.0010515224762461409
2024-05-30,0.003343769525008822,0.8340617138886574,0.00477681360715546
2024-05-31,-0.0002666596696450807,0.8338393032675682,-0.00041024564560781645
2024-06-03,-0.0013968930895557285,0.8326745189070337,-0.0019955615565081836
2024-06-04,-0.002218296566760197,0.8308273998805136,-0.002957728755680263
2024-06-05,-0.003826719983788379,0.8276480560663119,-0.005102293311717839
2024-06-06,0.0017761989571773162,0.8291181236804067,0.002368265276236422
2024-06-07,0.000763840794959697,0.8297514379271143,0.0009548009936996213
2024-06-10,-0.004665165425243372,0.8258805102073506,-0.005831456781554216
2024-06-11,-0.0014250340398970275,0.8247036023674177,-0.0017812925498712842
2024-06-12,-0.001686558125927612,0.8233126918053632,-0.002108197657409515
2024-06-13,-0.001984774533444994,0.8216786017416058,-0.0024809681668062425
2024-06-14,0.004502569446371785,0.8253782667085451,0.005628211807964731
2024-06-17,-0.00011065540738684487,0.8252869341401942,-0.0001383192592335561
2024-06-18,-0.005507587108742456,0.82074159446071,-0.006479514245579361
2024-06-20,0.008358746999019739,0.8276019658003793,0.009833819998846752
2024-06-21,0.0035345545826965972,0.8305271701212477,0.004158299509054821
2024-06-24,-0.003398315058233159,0.8277047771327528,-0.003998017715568423
2024-06-25,-0.0028831156471004595,0.8253184085386216,-0.003391900761294658
2024-06-26,0.0029392085774974097,0.8277441914841649,0.0032657873083304554
2024-06-27,-0.0025197264911314965,0.825658502517002,-0.0027996961012572183
2024-06-28,0.005416780790519893,0.8301309136329655,0.006018645322799881
2024-07-01,-0.001946431047133218,0.8285151210494853,-0.0021627011634813534
2024-07-02,-0.004211643548459381,0.8250257106851162,-0.004679603942732646
2024-07-03,-0.0009185322800251416,0.8242678979380013,-0.0010205914222501573
2024-07-05,-3.971485906829053e-05,0.8242351622546001,-4.412762118698948e-05
2024-07-08,-0.0023564239074650994,0.82229291481289,-0.0026182487860723328
2024-07-09,0.0007295748685665182,0.8228928390581378,0.0008106387428516869
2024-07-10,-0.0018076421298001799,0.8214053432939454,-0.0020084912553335332
2024-07-11,0.0013156038250272783,0.8224859873054808,0.001461782027808087
2024-07-12,0.0033626628883955067,0.8252517304112184,0.00373629209821723
2024-07-15,0.0,0.8252517304112184,0.0
2024-07-16,-0.00015000000000000001,0.8251279426516567,-0.001
2024-07-17,0.0010746698812223899,0.8260146827997793,0.0042986795248895595
2024-07-18,0.0009715905149403292,0.8268172308307891,0.003886362059761317
2024-07-19,0.0004461144739239031,0.8271860859647523,0.0014870482464130104
2024-07-22,-0.0017043629864493426,0.825776260616928,-0.005681209954831142
2024-07-23,-0.000412744050902597,0.8254354263779817,-0.0010318601272564926
2024-07-24,0.00172193372472198,0.8268567714762424,0.00430483431180495
2024-07-25,-0.0009138867877063305,0.8261011179974648,-0.001827773575412661
2024-07-26,0.0003122676863438867,0.8263590826822679,0.0006939281918753037
2024-07-29,0.00033033149240702114,0.8266320551113144,0.0006606629848140423
2024-07-30,-0.006855119733378967,0.8209653933980773,-0.013710239466757933
2024-07-31,-0.0032674857182284412,0.8182829006999893,-0.005940883124051711
2024-08-01,-0.0024849349314643053,0.8162495209362199,-0.004141558219107176
2024-08-02,-0.0004048539470718704,0.8159190590958734,-0.0005398052627624938
2024-08-05,-0.00264355210571669,0.8137621345491062,-0.0033044401321458625
2024-08-06,-0.002676082630308929,0.8115844398356362,-0.003148332506245799
2024-08-07,0.001834587907908225,0.8130733628352051,0.002158338715186147
2024-08-08,0.0015269246889968668,0.814314864626884,0.0017963819870551374
2024-08-09,-0.001696652378708924,0.8129332553747967,-0.0019960616220104986
2024-08-12,-1.2132796971670023e-05,0.8129233922206577,-1.4273878790200027e-05
2024-08-13,0.0030636679006678436,0.8154139195231062,0.0036043151772562863
2024-08-14,-0.001658689803671637,0.8140614007690212,-0.0019513997690254552
2024-08-15,0.012544028448682553,0.8242730101392423,0.014757680527861828
2024-08-16,0.00023107929678645723,0.8244634825667854,0.0002718579962193614
2024-08-19,0.0011498172093908077,0.825411464867555,0.001352726128695068
2024-08-20,8.355042908579357e-05,0.825480428349617,9.82946224538748e-05
2024-08-21,0.00024298041949409322,0.8256810039303816,0.00028585931705187435
2024-08-22,-0.0013626588180971678,0.8245558824294406,-0.0016031280212907856
2024-08-23,-0.0014031029939296836,0.8233989456021416,-0.001650709404623157
2024-08-26,-0.0012881492550946782,0.8223382848637184,-0.0015154697118760921
2024-08-27,-0.0007357249741011318,0.8217332700503847,-0.0008655587930601551
2024-08-28,-0.000344025730320241,0.8214505726620271,-0.00040473615331793056
2024-08-29,0.0035662664290775415,0.8243800842624583,0.004195607563620637
2024-08-30,0.0026559257789230796,0.8265695765798818,0.0033199072236538493
2024-09-03,-0.0008329019848985931,0.8258811251388917,-0.0010411274811232413
2024-09-04,-0.005468738078062118,0.8213645975818918,-0.006433809503602493
2024-09-05,-0.0013462051763477479,0.8202588723089583,-0.0015837707957032327
2024-09-06,-0.005548605753255703,0.8157075792109059,-0.006527771474418474
2024-09-09,-0.004683053727753373,0.8118875767913256,-0.005509474973827497
2024-09-10,0.008134123403654792,0.8184915705308404,0.009569556945476225
2024-09-11,-0.0001431395175022776,0.8183744120423551,-0.00016839943235562072
2024-09-12,-0.0025544952946381927,0.8162838784575406,-0.0030052885819272855
2024-09-13,0.0011722897860960812,0.8172407997108113,0.0013791644542306839
2024-09-16,0.001529982520967077,0.81849116384979,0.0017999794364318552
2024-09-17,0.0065928311063595205,0.8238873378550993,0.00775627188983473
2024-09-18,0.0013242342714475663,0.8249783577036987,0.0015579226722912546
2024-09-19,0.005477633539155829,0.8294972868249341,0.006444274751948035
2024-09-20,-0.003407841886813623,0.8266704912258938,-0.004009225749192498
2024-09-23,-0.004060112412901301,0.8233141161030884,-0.004776602838707413
2024-09-24,-0.010803068031029612,0.8144197976959197,-0.012709491801211307
2024-09-25,2.1974302462313133e-05,0.8144376940028856,2.313084469717172e-05
2024-09-26,0.0027532801136320338,0.816680069109576,0.0030592001262578156
2024-09-27,-0.004858570538894974,0.8127121713860975,-0.005398411709883305
2024-09-30,0.0008817681319634729,0.8134287950792847,0.0009797423688483033
2024-10-01,-0.0017130546005584113,0.8120353471396474,-0.001903394000620457
2024-10-02,-0.006170934051079912,0.8070243305653029,-0.006856593390088792
2024-10-03,0.0039091549758415445,0.8101791137427575,0.004343505528712827
2024-10-04,0.0026488173524152614,0.8123251302378038,0.0029431303915725127
2024-10-07,-0.002247816034929212,0.8104991727844794,-0.002497573372143569
2024-10-08,0.00042551985366000024,0.8108440562738741,0.00044791563543157916
2024-10-09,0.0009772943695238623,0.8116364896046325,0.001028730915288276
2024-10-10,0.0045877883633883235,0.815360106046942,0.004829250908829814
2024-10-11,0.0006081754826564479,0.8158559880729758,0.0006401847185857346
2024-10-14,0.001001138292758108,0.8166727727440116,0.00105382978185064
2024-10-15,-0.004219789410494462,0.8132265856257472,-0.0044418835899941705
2024-10-16,-0.0022115267105427606,0.8114281133099124,-0.002327922853202906
2024-10-17,0.0015583804296812054,0.8126926270017877,0.0016404004522960057
2024-10-18,-0.0012656791395906143,0.8116640188968924,-0.0014063101551006823
2024-10-21,0.0024328019326873562,0.8136386366907575,0.002703113258541507
2024-10-22,0.006474821580937396,0.8189068016946873,0.00719424620104155
2024-10-23,-0.007480932795629352,0.8127806149453256,-0.00831214755069928
2024-10-24,-0.0006654567353417906,0.812239744610755,-0.0007393963726019895
2024-10-25,0.008421632471538654,0.8190801292186433,0.009357369412820726
2024-10-28,-0.002489051856822011,0.8170413963021256,-0.002765613174246679
2024-10-29,0.005309577237541913,0.8213795407020609,0.005899530263935459
2024-10-30,0.004760422707904222,0.825289654519427,0.005600497303416731
2024-10-31,-0.006503017925741534,0.8199227811021582,-0.008128772407176917
2024-11-01,0.004164120754703826,0.8233370385722002,0.005205150943379783
2024-11-04,-0.0006008235303578691,0.8228423583060108,-0.0007510294129473363
2024-11-05,-0.0015651703788628734,0.8215544698203167,-0.001956462973578592
2024-11-06,0.004155360656854868,0.8249683249416714,0.004888659596299844
2024-11-07,0.00394052631882999,0.8282191343383051,0.00525403509177332
2024-11-08,-0.004098110461215126,0.8248250008396948,-0.005464147281620169
2024-11-11,-0.0032273500048093317,0.8221630018692679,-0.004303133339745776
2024-11-12,0.0019497553886911657,0.8237660186125451,0.0025996738515882208
2024-11-13,0.00149757906721274,0.8249996733583004,0.0019967720896169865
2024-11-14,0.0018549605927106582,0.8265300152413793,0.0024732807902808776
2024-11-15,-0.00805607460290313,0.819871427777056,-0.010741432803870838
2024-11-18,-0.0008267845863540457,0.8191935707177778,-0.001102379448472061
2024-11-19,0.0032407847540411373,0.8218484007523685,0.004321046338721516
2024-11-20,-0.00288335492150274,0.81947872012133,-0.00384447322867032
2024-11-21,-0.005890245943011074,0.8146517889147515,-0.007362807428763843
2024-11-22,-0.0021868478299548245,0.8128702694179945,-0.0027335597874435305
2024-11-25,-0.0017834836878775294,0.8114205285521269,-0.002229354609846912
2024-11-26,7.381153473868252e-05,0.8114804207466578,8.683709969256766e-05
2024-11-27,7.440262077179627e-05,0.8115407970166664,8.753249502564267e-05
2024-11-29,0.0012518307296668918,0.8125567087247503,0.0014727420349022256
2024-12-02,0.004271455443594929,0.8160275085014622,0.0050252416983469755
2024-12-03,-0.004416171322416934,0.8124237912201148,-0.005195495673431687
2024-12-04,-9.989490514310529e-05,0.8123426342225548,-0.00011099433904789476
2024-12-05,0.0045822244169277885,0.8160649704760008,0.005091360463253098
2024-12-06,-0.00044731606536863586,0.8156999315043223,-0.0004970178504095954
2024-12-09,0.0045185785551638494,0.8193857357222663,0.0050206428390709434
2024-12-10,0.002294431897373278,0.82126576049056,0.002549368774859198
2024-12-11,-0.00016935146419879698,0.8211266779315245,-0.00018816829355421886
2024-12-12,0.004673651680718783,0.8249643380099223,0.005498413742022097
2024-12-13,-0.001575786834034343,0.8236643700675383,-0.001853866863569815
2024-12-16,0.0024883014381743953,0.8257138953041505,0.002927413456675759
2024-12-17,0.0020283942529600195,0.8273887686239747,0.002386346179952964
2024-12-18,0.0027934726893091844,0.8297000565525668,0.003286438458010805
2024-12-19,-0.001320895239840092,0.8286041096973714,-0.001651119049800115
2024-12-20,-0.0047676642274558645,0.8246536035248443,-0.006356885636607819
2024-12-23,-0.0011790078368503875,0.8236813304636016,-0.00157201044913385
2024-12-24,-0.0007472861955609367,0.8230658047758048,-0.000996381594081249
2024-12-26,0.0012111738252480297,0.824062680535006,0.0016148984336640396
2024-12-27,0.0007132832878527118,0.8246504706731747,0.0009510443838036157
2024-12-30,-5.695007679795694e-05,0.8246035067655384,-7.593343573060925e-05
2024-12-31,0.001758430678675821,0.8260535148695786,0.0023445742382344277
2025-01-02,-0.0009236669017600341,0.825290516578811,-0.0012315558690133787
2025-01-03,0.0005385525921943246,0.825734978925828,0.0007180701229257662
2025-01-06,0.001409093679345269,0.8268985168654466,0.0018787915724603587
2025-01-07,0.0061951612999034235,0.8320212865560789,0.008850230428433461
2025-01-08,-0.0016138773017324803,0.8306785062871478,-0.0023055390024749717
2025-01-10,0.0008191574115346045,0.8313589627421754,0.0011702248736208637
2025-01-13,-0.0009469019495550512,0.8305717473195747,-0.0014567722300846942
2025-01-14,0.0,0.8305717473195747,0.0
2025-01-15,-5e-05,0.8305302187322088,-0.001
2025-01-16,-0.00039889172011537956,0.8301989271046508,-0.0026592781341025305
2025-01-17,-0.001570361475308113,0.8288952146926836,-0.007851807376540565
2025-01-21,-0.0026628694839334723,0.8266879749200999,-0.01331434741966736
2025-01-22,-0.0037655543845707073,0.8235750363914677,-0.012551847948569025
2025-01-23,-0.003642491595400643,0.82057517124323,-0.012141638651335477
2025-01-24,-0.001626154170766797,0.8192407895060851,-0.00464615477361942
2025-01-27,0.004739811951729822,0.8231238367915307,0.013542319862085206
2025-01-28,-0.001353618521731398,0.822009641120371,-0.00451206173910466
2025-01-29,-0.00025363719191920375,0.8218011489032667,-0.0008454573063973458
2025-01-30,-0.001481139377278512,0.8205839468613333,-0.00423182679222432
2025-01-31,-0.00023617227725157837,0.820390147681927,-0.0005904306931289459
2025-02-03,-0.0025485575689913665,0.8182993361615262,-0.006371393922478416
2025-02-04,0.0010607546962350168,0.8191673510252856,0.002357232658300037
2025-02-05,-0.005849105468520221,0.8143759547927704,-0.012998012152267159
2025-02-06,0.0005830017332414062,0.8148507373859246,0.0011660034664828123
2025-02-07,-0.0033170032381372506,0.812147874851417,-0.006634006476274501
2025-02-10,0.003763824152209427,0.8152046566379483,0.007527648304418854
2025-02-11,0.004374975076505627,0.8187711566929906,0.00795450013910114
2025-02-12,-0.004176814720360344,0.8153513012731088,-0.007594208582473353
2025-02-13,-0.0010320244011093771,0.8145098388347187,-0.0018764080020170493
2025-02-14,-0.0037658579723553465,0.811442510464581,-0.006847014495191539
2025-02-18,-0.0005022501889841158,0.8110349633103505,-0.0009131821617893014
2025-02-19,-0.002231002629185891,0.8092255421748434,-0.00405636841670162
2025-02-20,0.004297493510120843,0.8127031836905638,0.007813624563856076
2025-02-21,0.0014192980649453957,0.8138566517465509,0.002580541936264356
2025-02-24,0.0013717994848718607,0.8149730998821764,0.002494180881585201
2025-02-25,0.0008148229184551826,0.8156371586418849,0.0013580381974253042
2025-02-26,-0.003003622854982352,0.8131872922308153,-0.005006038091637253
2025-02-27,0.002964301807425401,0.8155978247909506,0.004940503012375669
2025-02-28,-0.00018522908439327912,0.8154467523526313,-0.0003087151406554652
2025-03-03,-0.0002618821270082117,0.8152332014226633,-0.00043647021168035277
2025-03-04,0.0016371721757089618,0.8165678785367466,0.0027286202928482697
2025-03-05,6.763389847552203e-05,0.816623106205742,0.00011272316412587006
2025-03-06,0.009345241575564545,0.8242546464094226,0.014377294731637761
2025-03-07,0.0025393314111800125,0.826347702123861,0.003906663709507712
2025-03-10,0.0026307955949357088,0.8285216540184936,0.0037582794213367266
2025-03-11,0.003155368597996111,0.8311359452283434,0.004854413227686325
2025-03-12,-0.000868081154909589,0.8304144517771228,-0.0013355094690916754
2025-03-13,-0.001510166169771715,0.8291603879651595,-0.0023233325688795615
2025-03-14,0.0034803127052372485,0.832046125398074,0.005354327238826536
2025-03-17,0.0006322596871879083,0.8325721946210441,0.0009727072110583204
2025-03-18,-0.0010626366599925051,0.8316874728849494,-0.0016348256307577003
2025-03-19,-0.0006791511586829613,0.8311226313740774,-0.0010448479364353251
2025-03-20,0.0017765936695598005,0.8325991985796044,0.002733221030092001
2025-03-21,0.0008719192260440934,0.8333251578284347,0.0013414141939139897
2025-03-24,0.0007534499702869402,0.83395302664384,0.0011591538004414464
2025-03-25,0.0016184676130347243,0.8353027526082553,0.00269744602172454
2025-03-26,0.00017085875280753449,0.8354454713947826,0.0002847645880125575
2025-03-27,-0.00433291143614638,0.8318255601574995,-0.007221519060243968
2025-03-28,-0.003944395821547436,0.8285445108937579,-0.006573993035912394
2025-03-31,-0.0018998027511497484,0.8269704397525119,-0.003166337918582914
2025-04-01,-0.00025057092981065066,0.8267632250004973,-0.0004176182163510844
2025-04-02,0.0032578816502813247,0.8294567217403538,0.005429802750468875
2025-04-03,-0.006204237430009918,0.8243105753007589,-0.010340395716683196
2025-04-04,0.005945803747793743,0.8292117642087282,0.008494005353991061
2025-04-07,-0.0035011320965983696,0.82630858428618,-0.004668176128797826
2025-04-08,-0.0024768252791706634,0.8242619622962243,-0.003302433705560885
2025-04-09,0.005557748995842776,0.8288430033894875,0.00694718624480347
2025-04-10,-0.007669795509461258,0.8224859470440424,-0.009587244386826572
2025-04-11,-0.003871345352096112,0.8193018198957891,-0.0048391816901201395
2025-04-14,0.0019869176937530432,0.8209297051782641,0.002483647117191304
2025-04-15,0.004092890301832774,0.8242896804070746,0.005116112877290968
2025-04-16,-0.005642857488154751,0.8196383312115809,-0.006638655868417354
2025-04-17,0.0028272602632374855,0.8219556620956417,0.003326188544985277
2025-04-21,0.0029328458192691255,0.8243663313228436,0.003450406846198971
2025-04-22,0.00042830558022488585,0.8247194120226988,0.0005038889179116305
2025-04-23,-0.0016035489815796056,0.8233969340494609,-0.0018865282136230654
2025-04-24,0.003210809701398187,0.8260407049134083,0.0037774231781155143
2025-04-25,0.0014009495264163674,0.8271979462477574,0.0016481759134310205
2025-04-28,0.0005993074363917994,0.8276936921283117,0.0007050675722256464
2025-04-29,0.0030490724485862097,0.8302173901608486,0.0035871440571602466
2025-04-30,-0.005951957578212758,0.8252759714739167,-0.00700230303319148
2025-05-01,0.00482447747695795,0.8292574968105672,0.005675855855244647
2025-05-02,0.0025931888155635296,0.8314079180765185,0.003241486019454412
2025-05-05,-0.0046449431278283715,0.8275460755810269,-0.005806178909785464
2025-05-06,-0.005560991706135254,0.822944098718276,-0.006951239632669068
2025-05-07,0.0003710453296318639,0.8232494482826536,0.00046380666203982984
2025-05-08,0.0020544456471589647,0.8249407695282038,0.0025680570589487056
2025-05-09,-0.002838425476808848,0.8225992366311168,-0.00354803184601106
2025-05-12,0.014310518962856556,0.8343710586057577,0.017888148703570694
2025-05-13,-2.607135088585344e-05,0.8343493054251198,-3.25891886073168e-05
2025-05-14,-0.003660545509235319,0.8312951318220122,-0.004880727345647092
2025-05-15,-0.006449034108965052,0.8259340811622755,-0.008061292636206314
2025-05-16,0.0015784283854154146,0.827237758960464,0.0019730354817692683
2025-05-19,8.671213164685998e-05,0.8273094905099222,0.00010839016455857498
2025-05-20,0.004452945899823551,0.8309934549135735,0.0055661823747794395
2025-05-21,-0.0018885018261448727,0.8294241222564548,-0.002360627282681091
2025-05-22,0.002010486150785007,0.8310916679673784,0.0025131076884812587
2025-05-23,0.0018479705013395964,0.8326275008536913,0.0023099631266744955
2025-05-27,0.0017232435055904937,0.8340623207871135,0.0021540543819881172
2025-05-28,3.596115639183939e-05,0.8340923146326719,4.4951445489799235e-05
2025-05-29,0.0008404319941529625,0.8347933124999664,0.0010505399926912032
2025-05-30,-0.0017022483190566595,0.8333722869870036,-0.0021278103988208244
2025-06-02,-0.0023604904159321206,0.8314051196906673,-0.0029506130199151506
2025-06-03,0.00019888271058858266,0.8315704717944686,0.0002486033882357283
2025-06-04,0.000372286652060827,0.8318800543813656,0.00046535831507603376
2025-06-05,-0.004596391415268947,0.8280564080408737,-0.005745489269086183
2025-06-06,0.002543285365708692,0.8301623917854253,0.0031791067071358647
2025-06-09,0.0017289275773519574,0.8315976824382636,0.002161159471689947
2025-06-10,0.0023757699636169248,0.8335733672340139,0.002795023486608147
2025-06-11,-0.001991876251629737,0.8319129922398294,-0.0023433838254467497
2025-06-12,0.0002587845563299496,0.8321282784744314,0.00032348069541243696
2025-06-13,0.0011493209626495138,0.8330846609484954,0.0014366512033118922
2025-06-16,-0.004237070734743042,0.8295548223120273,-0.005296338418428803
2025-06-17,-0.005168438311398021,0.8252673193869848,-0.006460547889247527
2025-06-18,0.003022330088353925,0.8277615496373032,0.0037779126104424063
2025-06-20,0.0010505014676910397,0.8286311143600955,0.0013131268346137995
2025-06-23,0.003555852163639761,0.8315776041009522,0.004444815204549701
2025-06-24,-0.007247405868882751,0.8255508236925595,-0.009059257336103438
2025-06-25,-0.0015564852942118624,0.8242658659758576,-0.001945606617764828
2025-06-26,0.0026780011442812724,0.826473250908133,0.0033475014303515904
2025-06-27,0.002384167881504784,0.828443701887871,0.00298020985188098
2025-06-30,-0.006417171372068498,0.8231274366807456,-0.008021464215085622
2025-07-01,0.009737283227341825,0.8311424616639019,0.012171604034177282
2025-07-02,0.004387515582348939,0.8347891121656041,0.005484394477936173
2025-07-03,-0.005424872783132051,0.8302604874313619,-0.006382203274273001
2025-07-07,0.001461560694560965,0.8314739635260386,0.0017194831700717234
2025-07-08,-0.0007064081274715028,0.8308866035604229,-0.0008310683852605916
2025-07-09,-0.001861814103088416,0.8293396471638469,-0.00232726762886052
2025-07-10,0.0022385468429559907,0.8311961628127438,0.0027981835536949884
2025-07-11,0.0007205816162649814,0.8317951074871767,0.0009007270203312268
2025-07-14,-0.0033966565697736927,0.8289697851706247,-0.004245820712217116
2025-07-15,-0.008066990549033981,0.8222824937482185,-0.010083738186292476
2025-07-16,0.0058506712277956174,0.8270933982755113,0.007313339034744522
2025-07-17,0.0,0.8270933982755113,0.0
2025-07-18,-0.0002,0.8269279795958562,-0.001
2025-07-21,0.0008195942614178831,0.8276057250225389,0.0027319808713929437
2025-07-22,-9.971357092415923e-05,0.8275232015003796,-0.00028489591692616923
2025-07-23,-0.0015446221801532155,0.8262449908087508,-0.004413206229009188
2025-07-24,-0.00042779799723587363,0.8258915248564566,-0.001222279992102496
2025-07-25,-0.0017056943747979947,0.8244828063283156,-0.004264235936994987
2025-07-28,0.0013514408957904622,0.8255970461106638,0.0033786022394761556
2025-07-29,0.0020867374828705708,0.8273198504125301,0.005216843707176427
2025-07-30,0.0015395215687428131,0.8285935271664893,0.003421159041650696
2025-07-31,0.0003707257994700119,0.8289007081642837,0.0008238351099333599
2025-08-01,0.0030342340695886983,0.8314157869333021,0.005516789217433996
2025-08-04,0.00010455647515810739,0.8315027168373746,0.0001901026821056498
2025-08-05,0.0020418575391274564,0.833200526928554,0.004083715078254913
2025-08-06,0.0005601729709765857,0.8336672633431428,0.0012448288243924127
2025-08-07,-0.0004003141435259705,0.833333534546632,-0.0008895869856132678
2025-08-08,0.0005557806635373641,0.8337966852114103,0.0012350681411941425
2025-08-11,0.003033087579376148,0.8363256635810499,0.006740194620835884
2025-08-12,-0.0013406851886978654,0.8352044141509588,-0.00297930041932859
2025-08-13,-0.00013365625183044404,0.8350927838594511,-0.0003341406295761101
2025-08-14,0.0035507579964014825,0.8380579962394773,0.008876894991003706
2025-08-15,0.0007267800214703635,0.8386670800479776,0.0018169500536759087
2025-08-18,-0.002316953011520323,0.8367239278311975,-0.005792382528800807
2025-08-19,0.0005905184239306971,0.8372180287263256,0.001312263164290438
2025-08-20,0.0011140298382160407,0.838150714591419,0.0024756218627023127
2025-08-21,0.0007198118307832846,0.8387540253917612,0.001599581846185077
2025-08-22,-0.0034554258122083737,0.8358557730823288,-0.007678724027129719
2025-08-25,-0.0005821880483934117,0.8353691478410596,-0.0012937512186520258
2025-08-26,-0.00018708399535290461,0.835212863643287,-0.00037416799070580923
2025-08-27,-0.001721051375110688,0.8337754193958036,-0.003442102750221376
2025-08-28,0.0002166141738041194,0.8339560269694141,0.0004332283476082388
2025-08-29,0.0016294949352444077,0.8353149540915773,0.0032589898704888155
2025-09-02,0.0015665776337963732,0.8366235398158327,0.0031331552675927465
2025-09-03,-0.001018798715540964,0.835771188828077,-0.002037597431081928
2025-09-04,-0.004092206592491288,0.8323510404593404,-0.008184413184982576
2025-09-05,-0.00045703531060340975,0.831970626643033,-0.0009140706212068195
2025-09-08,-0.0008242743998065682,0.8312848545541001,-0.0016485487996131365
2025-09-09,-0.0025952755384133106,0.8291274413056223,-0.004718682797115111
2025-09-10,-0.0002924350730780789,0.8288849753617331,-0.0005317001328692344
2025-09-11,-0.0010028310213973102,0.8280537437952702,-0.0018233291298132912
2025-09-12,-0.0022277568063766686,0.8262090414314847,-0.004050466920684851
2025-09-15,0.0004721506739877979,0.8265991365872513,0.0008584557708869052
2025-09-16,-3.75863744965621e-05,0.826568067722545,-6.8338862721022e-05
2025-09-17,1.9619325532793663e-06,0.8265696893933445,3.567150096871575e-06
2025-09-18,-0.0009736466998561732,0.8257649025430656,-0.0017702667270112242
2025-09-19,-0.0038507111978023866,0.8225851203860908,-0.00700129308691343
2025-09-22,0.001396395665693717,0.823733774682862,0.0025389012103522127
2025-09-23,-0.003168425323669144,0.8211238357311953,-0.00576077331576208
2025-09-24,-0.001392120413287623,0.8199807324776369,-0.0025311280241593144
2025-09-25,-0.004022000966206235,0.8166827691793414,-0.007312729029465882
2025-09-26,-0.003685366490616243,0.8136729938683441,-0.0067006663465749875
2025-09-29,0.0013171295652863013,0.8147447066250432,0.002394781027793275
2025-09-30,0.0011577663289234707,0.8156879906130423,0.002105029688951765
2025-10-01,0.0017781037708603288,0.8171383685049969,0.003232915947018779
2025-10-02,0.002129764525810057,0.8188786808149171,0.0038722991378364676
2025-10-03,-0.0005281034741180691,0.8184462281386976,-0.0009601881347601255
2025-10-06,-0.005975518903718846,0.8135555872307775,-0.010864579824943356
2025-10-07,-0.000687831590386273,0.8129959979973449,-0.0012506028916114055
2025-10-08,0.0027008432019833438,0.8151917727117757,0.0049106240036060796
2025-10-09,-0.00024458487630755197,0.8149923891328801,-0.00044469977510464
2025-10-10,-0.00040487266585523263,0.8146624209916401,-0.0007361321197367866
2025-10-13,-0.0019045183879219552,0.8131108814309125,-0.0034627607053126456
2025-10-14,0.0008467126271432312,0.8137993526814876,0.0015394775038967841
2025-10-15,-0.0043874507476990956,0.8102288481030882,-0.007977183177634718
2025-10-16,0.004952397357743154,0.8142414233096013,0.009904794715486309
2025-10-17,0.0008741794099887346,0.8149532163966184,0.0017483588199774692
2025-10-20,-0.001837335766405057,0.813455873704186,-0.003674671532810114
2025-10-21,0.009481037195301929,0.8211682790995123,0.018962074390603857
2025-10-22,-0.005679108798742544,0.81650477510043,-0.01032565236135008
2025-10-23,-0.0010083880808993862,0.8156814214172212,-0.0018334328743625202
2025-10-24,-0.00267251002438762,0.813501504641777,-0.004859109135250218
2025-10-27,0.002436067874829073,0.8154832495233598,0.004429214317871042
2025-10-28,0.011792378534464165,0.8250997366902543,0.0214406882444803
2025-10-29,0.0015541996584702233,0.8263821064192222,0.0028258175608549515
2025-10-30,-0.006675106527118324,0.8208659178267694,-0.012136557322033316
2025-10-31,0.0033442897178697474,0.8236111312755072,0.006080526759763177
2025-11-03,-0.0033983670144615507,0.8208121983742372,-0.00617884911720282
2025-11-04,-0.0004186505209475222,0.8204685649197878,-0.0007611827653591312
2025-11-05,0.0008416338346216356,0.8211590990242676,0.0015302433356757011
2025-11-06,-0.0006001070470858627,0.8206663156621645,-0.0010001784118097712
2025-11-07,0.0032560289752925574,0.8233384289650071,0.0050092753466039345
2025-11-10,-0.0026652395096929626,0.821144034854281,-0.004100368476450711
2025-11-11,-0.00025859619378262866,0.8209316901323204,-0.000397840298127121
2025-11-12,0.002185323990693344,0.8227256918494869,0.003362036908758991
2025-11-13,-6.347367986861414e-05,0.8226734704223028,-9.067668552659163e-05
2025-11-14,-0.0008319293793940085,0.8219890641926104,-0.0011884705419914407
2025-11-17,-0.0005825846520332578,0.8215101859796726,-0.0008322637886189398
2025-11-18,-0.003418243206602445,0.8187020643672929,-0.004883204580860635
2025-11-19,-0.003243213471099432,0.81604683880332,-0.004633162101570617
2025-11-20,-0.0037927435063387417,0.8129517824545804,-0.005418205009055345
2025-11-21,0.0058448698225889665,0.8177033797950691,0.00899210741936764
2025-11-24,-0.006623972173846937,0.8122869353608461,-0.00946281739120991
2025-11-25,-0.00024412653159638364,0.8120886345686554,-0.00034875218799483375
2025-11-26,0.0024564382109181714,0.8140834801212623,0.0035091974441688162
2025-11-28,0.002637606067121839,0.8162307116475738,0.0037680086673169133
2025-12-01,0.0001363289418404745,0.8163419875167904,0.00019475563120067787
2025-12-02,0.0007439300568244988,0.8169492888579521,0.0010627572240349983
2025-12-03,0.0008544044318027355,0.8176472939509104,0.0012205777597181936
2025-12-04,-0.0028135567276050323,0.8153467969062067,-0.004019366753721475
2025-12-05,0.003191364758340609,0.8179488659396791,0.004559092511915156
2025-12-08,-0.001856075405911567,0.8164306911663152,-0.0026515362941593812
2025-12-09,-0.003940019680689688,0.8132139381752008,-0.0060615687395225975
2025-12-10,-0.005596413702287079,0.8086628565487063,-0.008609867234287813
2025-12-11,0.0029773265014487738,0.811070509902246,0.0045805023099211905
2025-12-12,-0.0004237924214301192,0.810726784366904,-0.0006054177449001703
2025-12-15,-0.0026640870981566424,0.8085669376005421,-0.003805838711652346
2025-12-16,0.0008647471772312842,0.8092661435774346,0.001235353110330406
2025-12-17,0.0021022979148610623,0.8109674621036451,0.003003282735515803
2025-12-18,-0.0019654617829668653,0.8093735365496508,-0.002807802547095522
2025-12-19,-0.004760208197451543,0.8055207500061667,-0.0073233972268485275
2025-12-22,-0.003134827096097914,0.8029955817325783,-0.004822810917073714
2025-12-23,-0.0004407821546103696,0.8026416356099196,-0.0006781263917082609
2025-12-24,0.0005521557197139204,0.8030848187799021,0.000849470338021416
2025-12-26,0.0009365799138254527,0.8038369718902695,0.001440892175116081
2025-12-29,0.002428028788922604,0.8057887111996195,0.003735428906034775
2025-12-30,0.0020036712951778334,0.8074032469102286,0.003082571223350513
2025-12-31,-0.000690628564245499,0.8068456311650478,-0.0010625054834546138
2026-01-02,-0.0034455503324032576,0.804065603932389,-0.005300846665235781
2026-01-05,-0.003362335944023076,0.8013620652509345,-0.0048033370628901085
2026-01-06,0.0030304170903071915,0.8037905265489949,0.004329167271867417
2026-01-07,-0.0013928129256478906,0.8026709967141041,-0.001989732750925558
2026-01-08,0.00578746599526867,0.8073164278129753,0.00826780856466953
2026-01-09,0.0026950995938248346,0.8094922259896622,0.003850142276892621
2026-01-12,-0.0020186917274026273,0.8078581107296601,-0.002883845324860896
2026-01-13,-0.0026586339987396566,0.8057103116903166,-0.0037980485696280813
2026-01-14,0.002676931204322297,0.8078671427653246,0.003569241605763063
