ticker,ann_date,entry_day,surprise,ear,fwd_1,fwd_5,fwd_20,fwd_60
AAPL,2026-01-29,2026-01-30,6.25,0.016815776363221624,0.03560961905867499,0.07378666420804558,0.029226918337355356,0.012947714344194505
AAPL,2025-10-30,2025-10-31,4.52,0.010238123673432908,-0.006758855311667089,0.009232261129376584,0.05072312646676935,-0.0643616513816394
AAPL,2025-07-31,2025-08-01,9.48,-0.011825891365752517,-0.010406956234687792,0.10839747904523822,0.11082674089581968,0.2245270801436774
AAPL,2025-05-01,2025-05-02,1.69,-0.055683560432880475,-0.02572402377275107,-0.02894159049077627,-0.062273130649147634,-0.10340723353518277
AAPL,2025-01-30,2025-01-31,2.26,-0.014054040261836986,-0.02712631799261689,-0.03372136097125267,0.03970303642557671,-0.027901823167765905
AAPL,2024-10-31,2024-11-01,2.48,-0.015781913373109746,-0.001883425132567118,-0.02825594846716495,0.018939689913619384,0.0024393311027217646
AAPL,2024-08-01,2024-08-02,4.36,0.022519267555038414,-0.01904324736399743,-0.016633982705914763,-0.014981821264355322,-0.03047156850873889
AAPL,2024-05-02,2024-05-03,1.46,0.06130152700641256,-0.01943367153240949,-0.01912425095532211,0.027220287434564394,0.1319095203891676
AAPL,2024-02-01,2024-02-02,3.66,-0.01588978266288832,0.013487488399904879,0.0035819033615509532,-0.0929506507578004,-0.10092840288356664
AAPL,2023-11-02,2023-11-03,4.82,-0.013057621871702896,0.012304553649171046,0.04296499804923681,0.023148523648895747,-0.07077106518400988
AAPL,2023-08-03,2023-08-04,5.66,-0.04761478709171363,-0.025982018001813656,-0.019162674646077682,0.03264928267737521,0.0035667255138245313
AAPL,2023-05-04,2023-05-05,6.28,0.02524994593206742,-0.000669939345438908,-0.0018656518583323178,0.0009889585130375966,0.01612566707599372
AAPL,2023-02-02,2023-02-03,-3.78,0.058593713049595486,-0.011817675332305266,-0.010644412491334743,0.016293658571283065,0.09239895183873248
AAPL,2022-10-27,2022-10-28,1.44,0.024461786846283973,-0.008187031942559764,-0.07742487598299241,-0.09014471319489537,-0.11931808003431643
AAPL,2022-07-28,2022-07-29,3.93,0.009178169450024365,-0.0031922735310219164,0.015296789045713632,0.024442687319490952,-0.0024742141648995686
AAPL,2022-04-28,2022-04-29,6.48,0.019527516727593897,-0.004053128616751778,0.0007206222918690885,-0.05732678526802604,0.01840308297287785
AAPL,2022-01-27,2022-01-28,11.2,0.04685371776422165,0.00811468944487359,-0.00188959924662635,-0.01731487721045144,-0.02269522540214053
AAPL,2021-10-28,2021-10-29,0.17,-0.005315376332393207,-0.007327560859990867,-0.008853556309762034,0.059604200775413174,0.12059321819953339
AAPL,2021-07-27,2021-07-28,28.18,-0.021949008576694684,0.0004050899712506606,0.01324633265162034,0.0018766831449905652,-0.004362732805889946
AAPL,2021-04-28,2021-04-29,42.16,-0.012854376622063346,-0.008563214990181645,-0.025662788685149818,-0.058005596575316565,0.06476034220832894
AAPL,2021-01-27,2021-01-28,18.67,-0.026349806009622112,-0.017401482890042952,-0.020479319798823115,-0.12137925281135598,-0.12531242430525336
AAPL,2020-10-29,2020-10-30,4.48,-0.020675490024850696,-0.012035430744148812,0.019846379966781624,-0.013283274819185342,0.1001083775653977
AAPL,2020-07-30,2020-07-31,24.47,0.11374976171258822,0.018245111047156426,0.022897423878903922,0.102979426117485,0.041096804981122226
AAPL,2020-04-30,2020-05-01,12.93,0.04019470601995656,0.01139118172519149,0.04163435162434115,0.03592898022317459,0.15315580418067598
AAPL,2020-01-28,2020-01-29,9.97,0.04016911424512304,-0.004694263589920533,-0.028014865226124175,-0.06556107636997544,0.0030661672940085483
AAPL,2019-10-30,2019-10-31,6.54,0.02208797507512994,0.019117165915333745,0.03003458968014039,0.04135577919503919,0.22566624287459858
AAPL,2019-07-30,2019-07-31,3.71,0.029392432378348654,-0.01293110201667369,-0.033909824901128705,-0.002873442452744457,0.13314907784130048
AAPL,2019-04-30,2019-05-01,4.05,0.035893740308366784,-0.004348608111374608,-0.021528734793452853,-0.10599217671351546,-0.049392911995139954
AAPL,2019-01-29,2019-01-30,0.27,0.042778702647765066,-0.0015813829158586312,0.03511883478033195,0.01081713687144692,0.1402491700424071
AAPL,2018-11-01,2018-11-02,4.55,-0.05665270450679716,-0.033905233279027946,-0.03265823874562834,-0.13336040659305703,-0.19368571327295303
AAPL,2018-07-31,2018-08-01,7.38,0.057777862282596626,0.02378307004877178,0.01215781341069011,0.07266913218516002,0.1286739140492641
AAPL,2018-05-01,2018-05-02,2.19,0.07338989070953694,0.004016097981279776,0.037172889862282954,0.033007274068004744,0.011754884354469475
AAPL,2018-02-01,2018-02-02,1.1,-0.018510240644130427,0.016838527294030126,0.029135415733622216,0.11800928247610298,0.09203590374109283
AAPL,2017-11-02,2017-11-03,10.53,0.029886196102292928,0.008597664284847983,0.017612919235780122,-0.03412923988601435,-0.11892955501884594
AAPL,2017-08-01,2017-08-02,6.15,0.05383002348159982,-0.008050889399142003,0.025714291976498438,0.049380697185481326,-0.03253300157607808
AAPL,2017-05-02,2017-05-03,3.88,0.0041125086567924685,-0.0047779139566850315,0.036331141031170855,0.025452092172675522,-0.019609874282758843
AAPL,2017-01-31,2017-02-01,4.25,0.05823070706173006,-0.0023676946654994646,0.01843624341460659,0.037191579440048805,0.07006136308756572
AAPL,2016-10-25,2016-10-26,0.81,-0.01215779963050656,-0.006935803524269923,-0.015890690665261942,-0.06534185904787815,-0.027899820028523425
AAPL,2016-07-26,2016-07-27,2.74,0.05823326102397097,0.012347078588574867,0.02915661670804126,0.04888597748361989,0.15041941410707393
AAPL,2016-04-26,2016-04-27,-5.09,-0.07263711163905995,-0.021491143808192947,-0.016378444238942302,0.024935706788946632,-0.028356333885229956
AAPL,2016-01-26,2016-01-27,1.67,-0.06315061793483667,0.0019628880444464425,0.014513657002943381,0.001985135560105933,0.020870194199311243
AAPL,2015-10-27,2015-10-28,4.65,0.025191449855395565,0.011138136378391117,0.01614116739032756,-0.007931309476111315,-0.07374502372398883
AAPL,2015-07-21,2015-07-22,1.89,-0.04612772633241258,0.005150467408090886,-0.014970219457404399,-0.06294964150889615,-0.06495155123728347
AAPL,2015-04-27,2015-04-28,7.93,0.0031417016317413227,-0.010591446736270327,-0.02444568982303197,0.009601364506171661,-0.036232616374383464
AAPL,2015-01-27,2015-01-28,17.36,0.045385735549174244,0.021890303296327795,0.017271089059764044,0.07934156006676663,0.07205287461495091
AAPL,2014-10-20,2014-10-21,8.62,0.019432403259826314,0.012185711336564986,0.019307343402326982,0.07259855047110642,-0.005852977675315563
AAPL,2014-07-22,2014-07-23,3.82,0.02800872754844419,-0.0016973770057087112,0.0182337237989334,0.038514413317263685,0.053247237643057166
AAPL,2014-04-23,2014-04-24,14.28,0.06815750699226963,0.015544028190742076,0.039098552060633285,0.06617449811078058,0.10898477437024079
AAPL,2014-01-27,2014-01-28,3.22,-0.07346907573159367,-0.001747273217078904,0.025071851845950066,-0.004742399430619049,0.07412807843721825
AAPL,2013-10-28,2013-10-29,3.79,-0.02457794641988731,0.020876048413571824,0.022053326627929803,0.018576517182514296,0.06148093367136953
AAPL,2013-07-23,2013-07-24,2.52,0.03909078833737056,-0.006996361124549932,0.0261589153507491,0.17143337513180235,0.11992535634856716
AAPL,2013-04-23,2013-04-24,0.93,0.006082462845646619,0.003147909869539056,0.08090263702644296,0.04473330182370838,-0.02217387783260638
AAPL,2013-01-23,2013-01-24,2.04,-0.10939206520334999,-0.02919557707794107,0.00913586182843762,-0.010078458743576046,-0.1597862993943886
AAPL,2012-10-25,2012-10-26,-0.85,-0.023139492259772076,-0.014371104267761448,-0.04640789929125211,-0.031237945384597232,-0.3210680908953817
AAPL,2012-07-24,2012-07-25,-10.1,-0.03942988480975029,-0.01665459248462342,0.028278755267235667,0.10963251762420811,0.01068030172856349
AAPL,2012-04-24,2012-04-25,23.8,0.04944836616245918,-0.010739554634977777,-0.04749574593648753,-0.014939907166328648,0.005116474877057464
AAPL,2012-01-24,2012-01-25,36.99,0.03782014859375371,0.0005854178494508755,0.022015407319974423,0.12541092967470502,0.23758855368107845
AAPL,2011-10-18,2011-10-19,-3.13,-0.05836778836413281,-0.012679241248536255,-0.021203000145189277,-0.059099176162597855,-0.009124887911924784
AAPL,2011-07-19,2011-07-20,33.38,0.019426509834527428,-0.01286308507513434,0.030160744154126506,0.08115453479364243,0.1424667071760365
AAPL,2011-04-20,2011-04-21,19.59,0.01919304101572905,0.007633256862021542,-0.021433622257874596,-0.04286919388720967,0.07749552537081039
AAPL,2011-01-18,2011-01-19,19.21,-0.01954310329675979,-0.016853533820975763,0.0037143128017000926,0.028021766305873275,-0.049211726531082745
AAPL,2010-10-18,2010-10-19,13.62,-0.00843950617106215,-0.006405451084370517,-0.02169985369431615,-0.037776326513604075,0.011433863268352606
AAPL,2010-07-20,2010-07-21,12.93,0.03731377306998096,-0.0035207343641221467,-0.00868539519552547,-0.030005970076647848,0.08616128916161725
AAPL,2010-04-20,2010-04-21,36.29,0.04208221881259977,0.024984957603219282,0.01978938553017584,0.03178837348562524,0.07586884019369466
AAPL,2010-01-25,2010-01-26,74.9,0.04049995300389253,0.004663729579305498,-0.05873457577443719,-0.0394524396930811,0.18223560454866972
AAPL,2009-10-19,2009-10-20,27.38,0.05401382604185412,0.039966085447515454,0.01855445072316131,0.021953912054150093,-0.010092407999555464
AAPL,2009-07-21,2009-07-22,15.14,0.020632547711406657,-0.015192270816737796,-0.0009872406018502922,0.0039931528710412945,0.06210779480284523
AAPL,2009-04-22,2009-04-23,21.55,0.026250024666440108,-0.027072380692373166,-0.0205839170181652,-0.05470901186618682,0.09875747942741109
AAPL,2009-01-21,2009-01-22,27.6,0.10286659179514213,-0.00435017409986771,0.030760450394974104,0.096552145247351,0.348304462816752
AAPL,2008-10-21,2008-10-22,13.12,0.06673510423334672,0.0024551315095353576,0.05236201940450891,-0.008379898324226032,-0.08884994010854252
AAPL,2008-07-21,2008-07-22,10.02,-0.030858569079884823,0.020756835922975725,-0.021076474652668375,0.07488373337060616,-0.10568307880136196
AAPL,2008-04-23,2008-04-24,7.97,0.05180135140542186,-0.00457758035638145,0.04522415938352897,0.0394019347926835,0.06846313457383424
AAPL,2008-01-22,2008-01-23,8.87,-0.15176835218776563,-0.03339359952789289,-0.05738784527063645,-0.13299905363651188,0.11834239499103383
AAPL,2007-10-22,2007-10-23,20.43,0.0783952938481387,0.0006102699076876439,-0.004053310264658938,-0.0460677761406576,-0.008026247202858161
AAPL,2007-07-25,2007-07-26,27.71,0.10404184975607067,0.004933353357432058,-0.06229955566104639,-0.0921264053330243,0.15131638365179234
AAPL,2007-04-25,2007-04-26,36.51,0.04973114324249872,0.011728393610104915,0.011105167670779625,0.11046835844414882,0.4205621886844395
AAPL,2007-01-17,2007-01-18,45.81,-0.07976018001832852,-0.00836397983576831,-0.02969614903616713,-0.06620762559371873,-0.006770786380811744
AAPL,2006-10-18,2006-10-19,21.18,0.06033253782520709,0.011934588161105486,0.026112023789575556,0.05771334644249215,0.07992326609315348
AAPL,2006-07-19,2006-07-20,23.34,0.1367289899099029,0.01068638499706942,0.032874448948213564,0.07553492839459697,0.1406581591974998
AAPL,2006-04-19,2006-04-20,12.23,0.01800242880720271,-0.008875741705743345,0.026343240144018454,-0.02827893973640605,-0.17039033399019143
AAPL,2006-01-18,2006-01-19,5.84,-0.0667785365461726,-0.019085726305230533,-0.07748940941641369,-0.11378521503039885,-0.18675014621252817
AAPL,2005-10-11,2005-10-12,3.35,-0.012959846432952005,0.09176336559373233,0.09612795079874337,0.17889014710563544,0.4424376214990102
AAPL,2005-07-13,2005-07-14,18.79,0.06032219996404309,0.02020148646191433,0.06387607080137214,0.07235120597325517,0.281601825615987
AAPL,2005-04-13,2005-04-14,49.88,-0.10189824122089008,-0.03726754922808684,-0.004220006350647343,-0.08555877599968775,-0.035001698343382515
AAPL,2005-01-12,2005-01-13,42.05,0.08590338462546065,0.00045972277176775656,0.017027281063811905,0.13668650313750197,0.20920353427773875
MSFT,2026-01-28,2026-01-29,5.69,-0.0958801312306341,-0.0044222761800737365,-0.06822147971765558,-0.08035878916403627,-0.05104539858922952
MSFT,2025-10-29,2025-10-30,12.73,-0.019565233020333528,-0.018401182292446805,-0.04050803707596007,-0.06767786066906456,-0.10817592070858728
MSFT,2025-07-30,2025-07-31,8.09,0.04583909413899745,-0.001210179525765187,-0.023998776668046173,-0.06979506105935063,-0.09135748736531457
MSFT,2025-04-30,2025-05-01,7.4,0.07209895751189999,0.00838100814509235,0.018218830544738607,0.028802554844341133,0.06626187862872235
MSFT,2025-01-29,2025-01-30,3.47,-0.07288624641414199,0.005490701701474587,-0.00011532573586325867,-0.023507170778947595,0.03129242791033737
MSFT,2024-10-30,2024-10-31,6.13,-0.03669694717741967,0.005672287732461312,-0.0004745234661911457,-0.015441109356494565,-0.04428700194409907
MSFT,2024-07-30,2024-07-31,0.23,-0.03074352305813921,0.011196779598758866,0.010752887084553686,-0.030354357483026728,-0.03776037979386304
MSFT,2024-04-25,2024-04-26,3.4,-0.01233721365013063,-0.013558251366740381,-0.005124748343817265,0.01891085741380749,-0.01082778400908646
MSFT,2024-01-30,2024-01-31,5.83,-0.01255166718615075,0.0025060467437862943,0.009906154249319288,-0.009868674755042495,-0.031957265915297794
MSFT,2023-10-24,2023-10-25,12.85,0.04138602136123004,-0.025539909815066375,0.0036128477647030532,0.021651011112252094,0.007394067059004028
MSFT,2023-07-25,2023-07-26,5.59,-0.02415280565029554,-0.014241831194346855,-0.01859416432833383,-0.002437772685235484,0.04351955595573476
MSFT,2023-04-25,2023-04-26,9.77,0.06830867779102945,0.012119412075859204,0.021520583666523763,0.048244753580605426,0.04352409036939675
MSFT,2023-01-24,2023-01-25,0.21,-0.00742207751681534,0.01972317835930859,0.02435289870653401,0.06072796716662365,0.1570942001056317
MSFT,2022-10-25,2022-10-26,1.92,-0.07274270833923224,-0.014416446853412479,-0.02978776106806791,0.019908286203358605,-0.0031083885088629692
MSFT,2022-07-26,2022-07-27,-2.69,0.02445942595245998,0.01599860229479977,0.01765235306361146,-0.003080895697389341,-0.03430298204716964
MSFT,2022-04-26,2022-04-27,1.06,0.03513610450400706,-0.0026273067705246955,-0.0043865495009449695,-0.023238314909523994,-0.03607885046560888
MSFT,2022-01-25,2022-01-26,6.97,0.015834653112164143,0.015486831002408996,0.001142692399018319,0.006629737717865902,-0.06064612142208692
MSFT,2021-10-26,2021-10-27,9.3,0.05234475296753294,-0.005997403619904196,0.009764222037506931,0.013378126634103982,-0.05359355422143297
MSFT,2021-07-27,2021-07-28,12.71,-0.004824964228325013,-0.00316861228225207,0.0006712991169295357,0.03421722920227688,0.05087059731343846
MSFT,2021-04-27,2021-04-28,9.67,-0.026222426733350623,-0.014425588415806101,-0.027827179437209137,-0.013779632204583225,0.08310264046068583
MSFT,2021-01-26,2021-01-27,23.99,0.04064544566354156,0.017290695142743173,0.02349506162813242,-0.03567695024259454,0.007175799914840519
MSFT,2020-10-27,2020-10-28,17.72,0.002284094582664986,-9.857128703272267e-05,0.015968522147363773,-0.05223396630076582,-0.030608786875579774
MSFT,2020-07-22,2020-07-23,6.42,-0.02344103410512277,0.0003185426639176203,0.0036185141990028313,0.014570302682792136,0.007509476853420294
MSFT,2020-04-29,2020-04-30,10.34,0.03873212232410683,0.0005817963306233853,0.034135602005022636,-0.02225387942334356,0.023053467254277704
MSFT,2020-01-29,2020-01-30,13.96,0.04182380619206949,0.003399223053447753,0.04357037925046847,0.03611352991311223,0.12894334914476002
MSFT,2019-10-23,2019-10-24,10.98,0.021630267155398064,0.0015506308671568991,0.014656113934749193,0.038847151053416074,0.07957832318605029
MSFT,2019-07-18,2019-07-19,12.88,0.004482447452354932,0.010791521801025272,0.018261720987273744,0.027729104254956116,0.02435370280314464
MSFT,2019-04-24,2019-04-25,14.17,0.032409719971911666,0.0010732074169155226,-0.019785279952797552,0.014552674571795654,0.050829875176920725
MSFT,2019-01-30,2019-01-31,0.82,-0.010278451254063903,-0.016281308804913963,0.007266028243916756,0.043304199551352784,0.15447317236375602
MSFT,2018-10-24,2018-10-25,18.12,0.014752283929237442,0.005214013529758921,-0.03467620505122837,-0.018891716481989396,0.0033249939614868884
MSFT,2018-07-19,2018-07-20,4.84,0.015849682595243664,0.01413751878720948,0.0070466788953091886,-0.0030130395360483675,0.030848690416399704
MSFT,2018-04-26,2018-04-27,11.74,0.026910336226723786,-0.016312966904626136,-0.0048620590265023855,0.009986037630584033,0.0672305386189942
MSFT,2018-01-31,2018-02-01,10.93,0.0170290754177429,-0.004540718725732917,-0.013077373003130832,0.03619241322608213,0.05366966575690979
MSFT,2017-10-26,2017-10-27,15.42,0.05639864802667982,0.004679992404937883,0.0010665967152065914,-0.004036767937070529,0.0022745655550906463
MSFT,2017-07-20,2017-07-21,38.72,-0.0005024039480638898,-0.0023318874154080182,-0.0102857804884523,0.004506652384609122,0.018719769726950775
MSFT,2017-04-27,2017-04-28,4.67,0.010629947642406434,0.011356813248809994,0.001084037245522751,0.012521678002471281,0.04561240199384131
MSFT,2017-01-26,2017-01-27,6.98,0.035590803659274584,-0.003679596611997238,-0.03354032696455167,-0.05319390234754884,-0.007579389494557942
MSFT,2016-10-20,2016-10-21,11.39,0.038423995823957835,0.018208051395836478,0.010249766545814665,-0.0027244649460502757,-0.010670272754645937
MSFT,2016-07-19,2016-07-20,18.18,0.03299546124182462,0.0018100924731547785,0.00763407682631756,0.030032463598617998,0.03824795060727437
MSFT,2016-04-21,2016-04-22,-2.95,-0.06315886098714629,0.008095313046176833,-0.024253946431036955,0.0010881147375443323,-0.007459596018038139
MSFT,2016-01-28,2016-01-29,10.04,0.04584312685515557,-0.006536098152737813,-0.05970465702229932,-0.0689634735579322,-0.14357719376421174
MSFT,2015-10-22,2015-10-23,14.49,0.0920864917907942,0.028559539403895995,-0.006373926634802074,0.023201377054328898,0.0562082051493108
MSFT,2015-07-21,2015-07-22,9.23,-0.02367287750219449,0.018145947414539343,0.01930731287434917,0.04467446159942712,0.07678334640335205
MSFT,2015-04-23,2015-04-24,17.33,0.10867193197892733,0.007499711501526174,0.02089727046631118,-0.020226916877840506,-0.011245101144534031
MSFT,2015-01-26,2015-01-27,4.1,-0.08492366606234802,-0.021633742467675243,-0.03520582305679909,-0.0053338219494654115,-0.02300991624324089
MSFT,2014-10-23,2014-10-24,19.92,0.020022514028479987,-0.003394479193129629,-0.008849500770669705,-0.005517073342558465,-0.02689786231841307
MSFT,2014-07-22,2014-07-23,-8.35,-0.005918892963572953,-0.010525838612189142,-0.020393692629963267,0.006630308002558483,0.016369223540875666
MSFT,2014-04-24,2014-04-25,8.17,0.011731246084723423,0.02088789912706468,-0.015013542350315157,-0.009440309454358031,0.062171548353533224
MSFT,2014-01-23,2014-01-24,14.36,0.05384594834779777,-0.016270916543135838,0.031950646852222264,-0.002068181817213466,0.039590296793586166
MSFT,2013-10-24,2013-10-25,13.99,0.05044763773662142,-0.006069149475392277,-0.007075513379946496,0.03185043208092275,-0.02762464302722134
MSFT,2013-07-18,2013-07-19,-11.37,-0.12869689350193447,0.01747617220406883,0.007361265829465058,0.039618708463412755,0.08947663206498446
MSFT,2013-04-18,2013-04-19,7.91,0.03021984206502326,0.031167842983369498,0.05010157077111255,0.10582007056982579,0.14374517949962984
MSFT,2013-01-24,2013-01-25,0.53,0.0038876935228477905,0.00227369622744511,-0.004796073754718355,-0.001845406867916899,0.05186110141026101
MSFT,2012-10-18,2012-10-19,-5.69,-0.01288500625479383,-0.022486023907818953,-0.0007876217236190142,-0.030434214584879715,-0.0825037629508194
MSFT,2012-07-19,2012-07-20,18.08,-0.004286019892730586,-0.017775823489796228,-0.02814569541693046,-0.00914828281968072,-0.07516043564379749
MSFT,2012-04-19,2012-04-20,2.86,0.04586607523192887,-0.0008446357596678666,-0.03125934157223087,-0.03172381965771809,-0.07272486776745168
MSFT,2012-01-19,2012-01-20,3.15,0.043403110624264274,0.003249927698575794,-0.015171043521924665,0.02495791009482007,0.00654112928624051
MSFT,2011-10-20,2011-10-21,0.28,-0.0223401250851345,-0.01115707686195666,-0.04397537666536433,-0.04541662819862302,-0.024001118688638856
MSFT,2011-07-21,2011-07-22,19.41,0.0028190691057998762,0.01937631222081082,0.03428821433188933,0.042132146070361975,0.0882138753389996
MSFT,2011-04-28,2011-04-29,9.61,-0.023039152428604104,-0.008491673676886191,0.014416054601938177,-0.017088913175306142,0.10831113763893108
MSFT,2011-01-27,2011-01-28,12.95,-0.02075075967201301,-0.00823730192259442,-0.026135168343931037,-0.07901530454106198,-0.11057779787348121
MSFT,2010-10-28,2010-10-29,13.02,0.022871219664171383,0.010161003232026289,-0.02895049730253363,-0.05081722378410092,-0.014363747117122072
MSFT,2010-07-22,2010-07-23,9.87,-0.003726259153709943,0.0008200660219670475,0.0012679524110368323,-0.030124243252776073,-0.07129079925949844
MSFT,2010-04-22,2010-04-23,6.15,-0.021340451536155047,0.00862082319270785,0.011062471628734527,-0.024902564740968414,-0.0680936684920509
MSFT,2010-01-28,2010-01-29,25.26,-0.02800264910899586,-0.007389118948599505,0.0011198661021036838,-0.007279892518086362,-0.007945116776228334
MSFT,2009-10-23,2009-10-26,24.85,0.1007359724303376,0.0014450411360713566,-0.0036681286035538108,0.011974005084689487,-0.012786841250117753
MSFT,2009-07-23,2009-07-24,-1.13,-0.0807040090496488,-0.017456312139967567,-0.004663486372479264,-0.003279991177103092,0.005460568982078806
MSFT,2009-04-23,2009-04-24,0.34,0.08834093605003446,-0.014927574093795304,-0.046235622802350496,-0.07670933688071913,0.08596625394236956
MSFT,2009-01-22,2009-01-23,-4.68,-0.1013031648486944,0.018140837236232388,-0.002445590556595101,0.109234495570246,0.07968087972296822
MSFT,2008-10-23,2008-10-24,1.94,0.059689645325357255,-1.8084605723833747e-05,-0.09562862104989067,-0.011356545983852051,-0.17400832211328876
MSFT,2008-07-17,2008-07-18,-2.71,-0.06765315721881637,-0.00906289282827566,0.015570113311132117,0.042147073418338676,0.1808624095796305
MSFT,2008-04-24,2008-04-25,6.44,-0.06516146133348999,-0.028374334481023666,-0.03346088600519126,-0.0421695494441241,-0.049662314841896316
MSFT,2008-01-24,2008-01-25,8.84,0.037756302430661526,-0.02321469210467142,-0.12474965641419022,-0.1837878921050632,-0.12005877893472916
MSFT,2007-10-25,2007-10-26,15.69,0.10683241795351628,-0.016451425761006333,0.07370364286246178,0.026781259127843238,0.06893452805754552
MSFT,2007-07-19,2007-07-20,-8.42,0.014041007366290659,-0.0020991439493855957,-0.0021451441422415396,-0.03294712204480543,-0.04719212506765824
MSFT,2007-04-26,2007-04-27,9.18,0.03864446334716165,0.002316510699203911,0.005312709439845742,0.0007849880964616585,0.009691108084660005
MSFT,2007-01-25,2007-01-26,9.86,-0.003117751107977962,-0.0017247385157962425,-0.03225439641703953,-0.06809504875327155,-0.10216590384985191
MSFT,2006-10-26,2006-10-27,12.9,0.004240047168408867,0.007429478440803439,0.023695687971374557,0.040084175959908874,0.04709567765575717
MSFT,2006-07-20,2006-07-21,3.1,0.03392943411628768,-0.012787808666081313,-0.016594015670422957,0.03003739333773825,0.08741310874941943
MSFT,2006-04-27,2006-04-28,-3.03,-0.11706214182636865,0.013936673996303495,-0.022478638026268927,0.009528617873506007,0.03913790023359964
MSFT,2006-01-26,2006-01-27,-0.44,0.037808866032336796,0.008335085045105273,0.008663636350329296,-0.030486247596825833,-0.03943307032425181
MSFT,2005-10-27,2005-10-28,1.23,0.01312416357337387,0.0039045163237394487,0.024979375031153994,0.03647074473183087,-0.027703069785534717
MSFT,2005-07-21,2005-07-22,7.22,-0.020283249552010663,0.0032225736383472148,-0.004345287688073296,0.05224559677713725,-0.01019349695076155
MSFT,2005-04-28,2005-04-29,0.82,0.011540701021406363,-0.00838233406115585,-0.014738899063827082,-0.005173549296826341,-0.05718479566260948
MSFT,2005-01-27,2005-01-28,6.42,0.004829625292786188,-0.0023966302889724123,-0.018496893193119757,-0.06324636787923932,-0.036184695986813065
ORCL,2026-03-10,2026-03-11,5.69,0.07913360843429429,-0.009091518577197255,-0.04062254021006928,-0.159942139847426,0.22103492018239912
ORCL,2025-12-10,2025-12-11,38.04,-0.11135353033738316,-0.03390475598435483,-0.07621627666244035,0.020367208066045528,-0.16178366646406572
ORCL,2025-09-09,2025-09-10,-0.62,0.37155166236986137,-0.07065598382216987,-0.09267732254101346,-0.15582088758980217,-0.39832782984727344
ORCL,2025-06-11,2025-06-12,3.37,0.12498809432788005,0.08803384684587245,0.03934384831385895,0.11169942818531009,0.13062795651280368
ORCL,2025-03-10,2025-03-11,-1.35,-0.03603882695874261,0.041232660323697434,0.027377543071844812,-0.032260787869718754,0.12125327146138498
ORCL,2024-12-09,2024-12-10,-0.77,-0.06453101477148326,-0.0030047504852346307,-0.047650106119647484,-0.09484652850502329,-0.11215485596688057
ORCL,2024-09-09,2024-09-10,4.29,0.08368711011612384,-0.001983775170805613,0.04826238594836996,0.07091668499957327,0.09924331124721375
ORCL,2024-06-11,2024-06-12,-1.14,0.11690891570367601,-0.0057887183366417405,0.007604592791896181,-0.0035663492642528105,-0.01326122333881885
ORCL,2024-03-11,2024-03-12,2.47,0.12460741821955978,-0.014270862338659707,0.011906972876217559,-0.04026069050695846,-0.06636489538819812
ORCL,2023-12-11,2023-12-12,0.95,-0.12114070743436067,0.007834570275023545,0.026673043010744912,0.012752121205805267,0.030390790828589642
ORCL,2023-09-11,2023-09-12,3.46,-0.13333786637959855,0.01917887691899889,0.03268257690187226,0.023148689366286224,0.00255731321313335
ORCL,2023-06-12,2023-06-13,5.56,0.04645126841674774,0.04671771528536639,0.04669082739113051,-0.023235112168128236,0.06233797559831711
ORCL,2023-03-09,2023-03-10,1.44,-0.01733611243760458,0.01165507688949674,-0.00027425947957882,0.0544675449657277,0.16589564959410774
ORCL,2022-12-12,2022-12-13,3.15,-0.013330658179039556,0.022034095548604693,0.05368226784634589,0.11409676495511767,0.09511775579722137
ORCL,2022-09-12,2022-09-13,-4.22,0.03491443242606973,-0.05536729562492826,-0.08538031388519085,-0.08881505363338238,0.03709833727552847
ORCL,2022-06-13,2022-06-14,11.95,0.094188517182768,-0.028679483231429326,-0.06496435278650048,-0.02873842165792817,-0.014052986193718198
ORCL,2022-03-10,2022-03-11,-4.02,0.03977486712080558,-0.002329054684890197,-0.01189013806598016,-0.02461375227143381,-0.055033732524361834
ORCL,2021-12-09,2021-12-10,8.53,0.15132539628444852,-0.00809578210411055,-0.038900518539049744,-0.11921134460369476,-0.16689002373207595
ORCL,2021-09-13,2021-09-14,6.4,-0.0338350394434308,0.007158509363595522,0.026737070020149467,0.13073525210251746,-0.027360507016347402
ORCL,2021-06-15,2021-06-16,15.62,-0.05964680720274418,0.00655926935384088,0.008796484893328183,0.08965047310930307,0.10903600027701099
ORCL,2021-03-10,2021-03-11,4.54,-0.08842583241122248,-0.005055010116319925,-0.004730082801146174,0.07698686060668902,0.17426182267307322
ORCL,2020-12-10,2020-12-11,6.13,0.01623221873920211,0.0069511307906603426,0.06126103835674779,-0.004647458255271575,0.03753059755679966
ORCL,2020-09-10,2020-09-11,7.77,0.017741421486238473,0.029986810138048492,0.054491162244521774,0.03470862506961869,-0.055912915440895494
ORCL,2020-06-16,2020-06-17,4.16,-0.04750205314151179,0.04173473820833573,0.07667280285225087,0.054218677186973485,0.034453356305866656
ORCL,2020-03-12,2020-03-13,1.06,0.09015021223010256,0.0007234145018387705,0.09788789001761633,0.08084380306451866,-0.062346954117667996
ORCL,2019-12-12,2019-12-13,1.51,-0.0411897320756085,-0.016409243495446257,-0.03241004607649667,-0.025727413389653675,-0.05234491737093039
ORCL,2019-09-11,2019-09-12,0.24,-0.039083928581489236,-0.0019341151257498135,-0.008952300319563733,0.05650670094692334,-0.02791830910177251
ORCL,2019-06-19,2019-06-20,7.98,0.06548261644337106,-0.013812497238811394,0.006084430611628,0.004424427095631733,-0.0832493208264472
ORCL,2019-03-14,2019-03-15,3.41,-0.006559026855666006,0.006196769037164929,0.004112242098247898,0.0026178707990001104,-0.003528542458432593
ORCL,2018-12-17,2018-12-18,2.36,0.004598998690216294,0.028061952280683644,0.0017737904107181235,0.02682473750998149,0.052396024055183066
ORCL,2018-09-17,2018-09-18,3.75,-0.004570486943316188,0.007092794799909541,0.05089008827223385,0.01940862799367038,0.050830364652862614
ORCL,2018-06-19,2018-06-20,5.14,-0.07740194132275313,0.012807289462043125,0.03870073198551183,0.12108142137476219,0.10064745505710504
ORCL,2018-03-19,2018-03-20,14.81,-0.08801328877453096,0.0012817253980179633,0.0027048294463331013,0.006847492565387636,-0.049117175430020366
ORCL,2017-12-14,2017-12-15,2.67,-0.03917264700345591,-0.018556299177388436,-0.02321353263987569,-0.004313719661405813,0.056631375926863736
ORCL,2017-09-14,2017-09-15,2.68,-0.07791954340446705,-0.010539301555553604,-0.012903003219761455,-0.021848672808378433,-0.02912376855045906
ORCL,2017-06-21,2017-06-22,13.58,0.09799482511180113,0.011728517554872031,0.004147414610280675,-0.0028865593178708515,-0.06897593315295636
ORCL,2017-03-15,2017-03-16,11.75,0.06203817120816013,0.00022554883327874364,-0.002666225400391964,-0.012893166953441448,-0.039920579571431025
ORCL,2016-12-15,2016-12-16,1.74,-0.04569560738774625,-0.0072924019838134235,-0.011161631176524911,-0.0013717410537832375,0.11442316950040121
ORCL,2016-09-15,2016-09-16,-5.06,-0.03913254560175883,0.007777735851864254,-0.004313971169219499,-0.008108653268231958,-0.015478840093718915
ORCL,2016-06-16,2016-06-17,-0.68,0.03300886446877904,-0.005180056905200514,0.004541277458546933,0.005366440094436209,-0.016165573089492735
ORCL,2016-03-15,2016-03-16,3.25,0.03512813040966889,0.0033521685209767504,0.008661848260741678,0.0009404579153342585,-0.07163271270745564
ORCL,2015-12-16,2015-12-17,4.98,-0.03266995133469619,0.002110089976660623,-0.007811075253448374,0.015955357481156063,0.09509081453389401
ORCL,2015-09-16,2015-09-17,1.31,-0.03930281968023486,0.00654238976816679,0.010666682666473526,0.007724321819111868,0.0007988074681057888
ORCL,2015-06-17,2015-06-18,-9.79,-0.05459545675010202,-0.022468073531485055,-0.030382539433934985,-0.05467179271222655,-0.04358741642265296
ORCL,2015-03-17,2015-03-18,-0.22,0.007572901381090347,0.0052418305993925385,-0.009223909548042752,-0.015764105627329217,0.0059649618855595055
ORCL,2014-12-17,2014-12-18,1.05,0.0713523612341993,0.0100781724807808,0.0029469888010564826,-0.011913204520883736,-0.04767529165356921
ORCL,2014-09-18,2014-09-19,-2.91,-0.036995996898779526,0.002195409670450399,-0.007406165948679599,0.015389112320207232,0.0420403740275852
ORCL,2014-06-19,2014-06-20,-3.64,-0.04963873319619638,0.007165875769132302,-0.0064914587844649985,-0.024134029153662584,-0.011168203092705609
ORCL,2014-03-18,2014-03-19,-2.95,0.00686268006879609,-0.010508685328767364,0.018429129104737152,0.04252822242500809,0.05177593583927198
ORCL,2013-12-18,2013-12-19,2.63,0.07241617073069406,-0.012100799557015818,0.01920154465654056,0.0242384986840396,0.022559323252341112
ORCL,2013-09-18,2013-09-19,5.12,0.009062943357102116,0.011712388135007412,0.010621804508923582,-0.034133222045154565,-0.05191594136557931
ORCL,2013-06-20,2013-06-21,-0.66,-0.0942220592835159,0.013630831768221219,0.010424885357254388,-0.00412908343349927,0.032295303000618114
ORCL,2013-03-20,2013-03-21,-1.9,-0.09336795791849373,-0.017939800532022154,-0.01403593232405842,-0.005087801501328704,-0.0043106454261128135
ORCL,2012-12-18,2012-12-19,5.05,0.05114821606931619,-0.010152677724787118,-0.012092290436176545,-0.005369921804769806,-0.036987792705036826
ORCL,2012-09-20,2012-09-21,-0.56,-0.009107737412546335,-0.006190903769971001,-0.0180800831490332,-0.042444167257706944,0.06867153421877426
ORCL,2012-06-18,2012-06-19,4.7,-0.0022436370706566677,0.020577211079660707,0.022764224348390094,0.08079532592063887,0.08883154301298357
ORCL,2012-03-20,2012-03-21,10.36,-0.007216415405078336,-0.019318611957348963,-0.0035552596027418337,0.006164248258506588,-0.01789313527019387
ORCL,2011-12-20,2011-12-21,-5.31,-0.13152099989638943,-0.011963538329004764,-0.014540288190251438,0.044210319800045195,0.03464644032772135
ORCL,2011-09-20,2011-09-21,3.13,0.04850646638465628,-0.008298579548439156,0.009728103350704287,0.02955997516612796,-0.06288615339781167
ORCL,2011-06-23,2011-06-24,5.04,-0.018463557581388734,0.005218915508889976,0.005267742023342459,-0.019165924159597614,-0.040524486782710034
ORCL,2011-03-24,2011-03-25,9.08,0.026509799504979448,-1.3033022810637895e-05,0.028190435073982778,0.05118665490330443,0.011301657626995087
ORCL,2010-12-16,2010-12-17,12.1,0.024934365478942677,0.0042614583348810076,-0.0045033525407434105,-0.038160006208273645,-0.05363388298189509
ORCL,2010-09-16,2010-09-17,15.04,0.06749193031334078,-0.014926659205160897,-0.03963641911217508,0.007292345611724427,0.0017234556212697427
ORCL,2010-06-24,2010-06-25,11.6,0.011568933496451272,-0.006115239405586448,0.0159343643346761,0.05550254631683149,0.12382189159192647
ORCL,2010-03-25,2010-03-26,1.39,-0.0004922572418541993,-0.011018789519908645,-0.022982185930220056,-0.008579362109216504,-0.05162507348509271
ORCL,2009-12-17,2009-12-18,8.91,0.05919518487357345,-0.006465282842907483,0.0031080456174805704,-0.0017302019450917694,-0.017138241264340603
ORCL,2009-09-16,2009-09-17,-0.28,-0.06392966633751684,0.004008691720355451,-0.0008683627091965462,-0.03557891625375642,0.0193010778955629
ORCL,2009-06-23,2009-06-24,3.73,0.05518747108646571,-0.0043442330234779725,-0.001945761152097214,-0.03689721582695693,-0.17041843399972678
ORCL,2009-03-18,2009-03-19,10.35,0.11820044182193157,0.005750246245409429,0.01505740569028391,-0.01086645559857935,-0.01816587255719737
ORCL,2008-12-18,2008-12-19,-0.41,0.08503115876064327,-0.0018094088401764408,-0.01698154323798462,-0.003111778860073411,0.0818278599341844
ORCL,2008-09-18,2008-09-19,8.53,0.03827665956412751,0.006694842601085216,0.05374916052016221,0.09706450609016881,0.11265392594835932
ORCL,2008-06-25,2008-06-26,6.3,-0.013874908500035588,-0.0006092755026533281,-0.017239729141622973,-0.0004962512172447253,-0.02947454652975645
ORCL,2008-03-26,2008-03-27,-0.12,-0.06292214841408938,0.006475998295571772,0.03224931292739841,0.09106084791583813,0.14149703276792358
ORCL,2007-12-19,2007-12-20,15.27,0.033693695840038895,0.013186305895006578,0.030634627511015422,0.019742342902859145,-0.007382320678856136
ORCL,2007-09-20,2007-09-21,4.41,0.05906479738691084,-0.006802325107696516,-0.01902783831071375,-0.04082568120113694,-0.0019118688771193604
ORCL,2007-06-26,2007-06-27,6.8,0.00697603938068081,0.008259089383856888,0.028795288783383777,0.03207679736109392,0.10107059121889961
ORCL,2007-03-20,2007-03-21,11.61,0.03558568032976028,0.01837833073043804,0.010258420376612953,0.004973892320612849,0.020153039306989973
ORCL,2006-12-18,2006-12-19,-0.7,-0.031962828612617455,0.0005626320286815645,-0.0020390521088538005,-0.006972637992981645,0.03117383499883397
ORCL,2006-09-19,2006-09-20,10.82,0.1005843806937432,0.01319641961681739,-0.0092822189441375,0.01438638416024074,-0.07504939804568878
ORCL,2006-06-22,2006-06-23,2.69,0.030024148909414627,-0.019856028624330002,-0.05033894562926222,-0.008854770404152168,0.01866721661583637
ORCL,2006-03-20,2006-03-21,5.2,0.009356564029351144,0.02107004654047029,0.0006520189109866514,0.04016603271837238,0.03264985157075506
ORCL,2005-12-15,2005-12-16,0.07,-0.0032633125704171206,-0.02401276448664169,-0.030745673960822062,-0.03913456244914437,0.026872510878391598
ORCL,2005-09-22,2005-09-23,0.21,-0.06758861814666406,-0.0051685195709771925,-0.01719151518958051,0.011995056009683314,-0.051090654218576614
ORCL,2005-06-29,2005-06-30,11.2,0.03691277891107325,0.0038812473789300306,0.009316051709001405,-0.010231431015415904,-0.08508618263778989
ORCL,2005-03-22,2005-03-23,6.44,-0.0017530795252672648,-0.009988847848029447,-0.010603902999642645,-0.018716560919566416,-0.055040329494103646
IBM,2026-01-28,2026-01-29,5.3,0.05442274780591194,-0.005231091116741582,-0.038914107023607425,-0.20719709097046612,-0.2916013825751226
IBM,2025-10-22,2025-10-23,8.31,0.00975892607123452,0.07063447597730788,0.07591658027512538,0.053191604071555876,0.026436532591134876
IBM,2025-07-23,2025-07-24,5.47,-0.0849160203349697,-0.007256895296246735,-0.024564074977245887,-0.07660138815181505,0.036884874376589716
IBM,2025-04-23,2025-04-24,12.12,-0.08489859073154038,0.006205124483393165,0.023496261980282984,0.0675443776663407,0.08397113478440787
IBM,2025-01-29,2025-01-30,3.81,0.14364916669938244,-0.004628764400875562,-0.020816746341026926,0.0018877798800841505,0.007309346398888139
IBM,2024-10-23,2024-10-24,3.33,-0.05268284945668844,-0.016688130512685362,-0.03513647628931171,0.0014756207377277786,-0.01302899837341509
IBM,2024-07-24,2024-07-25,11.92,0.07055768009955488,-0.012397877946097924,-0.02062851553306755,-0.0034200477618766545,0.13097787571629027
IBM,2024-04-24,2024-04-25,5.2,-0.06861899287830486,-0.020012078688582013,-0.028042404316996117,-0.024178438567308946,-0.002682100047895375
IBM,2024-01-24,2024-01-25,1.86,0.0882648623371709,-0.014535964838743642,-0.020934281341652206,-0.056454495052405296,-0.06321982908771762
IBM,2023-10-25,2023-10-26,3.5,0.06948155001054179,-0.004092643173824628,-0.02153304798291167,-0.011943708906629213,0.0422544359899335
IBM,2023-07-19,2023-07-20,8.93,0.02673665455267693,0.004046586611542002,0.032483917030988296,0.06331466769145078,0.0544602584874162
IBM,2023-04-19,2023-04-20,9.73,-0.005487724752674672,-0.005762604758851819,0.0035405323280708334,-0.005894010953298112,-0.020988381699633685
IBM,2023-01-25,2023-01-26,-0.32,-0.06112530055193077,-0.0027440087090655485,-0.015292773926387504,0.003749714089647971,-0.07921453733712858
IBM,2022-10-19,2022-10-20,0.7,0.05901136927301376,-0.011831125838628997,0.010555306813925913,0.07333763950046546,0.03114463228277553
IBM,2022-07-18,2022-07-19,0.9,-0.08314731387402252,-0.019362208278273396,-0.017875548758307436,-0.03887449756922834,-0.003077835910307858
IBM,2022-04-19,2022-04-20,-1.46,0.08090960733083108,0.026014649177764082,0.03813465576610853,0.0916049603974397,0.14815567087243653
IBM,2022-01-24,2022-01-25,1.91,0.06019831384314034,-0.011010724112543335,-0.046722780144190734,-0.06346549348909158,0.02853519862368281
IBM,2021-10-20,2021-10-21,0.21,-0.10268673418976493,-0.002470383833424239,-0.029830778645120515,-0.07201445243491933,0.0881058271580264
IBM,2021-07-19,2021-07-20,1.82,0.008352582400128594,0.0014054933489708876,0.001418282295264417,-0.0008939586284111289,0.004429941797793324
IBM,2021-04-19,2021-04-20,7.12,0.04640790318780674,0.02955055408690299,0.014886184275932912,0.05381457355181518,-0.03030059046758682
IBM,2021-01-21,2021-01-22,10.38,-0.08554543340127063,-0.004196996782600992,0.03767239574065717,0.021747078118996788,0.10036633931690386
IBM,2020-10-19,2020-10-20,0.04,-0.05671569920619057,-0.017788530559248228,-0.04299449616230766,-0.03285391674936977,0.01096584239927445
IBM,2020-07-20,2020-07-21,4.55,-0.002633196053352549,0.015012392351736015,-0.0007981431087608071,-0.038005578476369095,-0.06267684506686977
IBM,2020-04-20,2020-04-21,2.16,0.019474459360788732,-0.00035453228582826846,0.034972429455012444,-0.025280986535372474,-0.10371611343726239
IBM,2020-01-21,2020-01-22,0.35,0.04218170273702637,-0.008234936627413925,-0.0288428370372088,0.044985005654115895,-0.026658592202373987
IBM,2019-10-16,2019-10-17,0.75,-0.06245767405573022,0.0031114845718173134,-0.005056998075124719,-0.02446377292553703,-0.07593697208300232
IBM,2019-07-17,2019-07-18,3.19,0.04566916638892227,0.005888918967157375,0.001163548077573795,-0.06051886683814345,-0.030717135275104446
IBM,2019-04-16,2019-04-17,0.62,-0.031493714821505425,0.006800476108369091,-0.012433558089706365,-0.0055706556196327695,-0.001591600355175471
IBM,2019-01-22,2019-01-23,1.05,0.08469752102732953,-0.0032407989299079176,-0.004618708199904731,-0.003853267112033487,-0.03758153941978404
IBM,2018-10-16,2018-10-17,0.54,-0.0722143983494854,-0.011668878692944196,0.0029230678245519837,-0.055351101604634745,-0.014090921018206637
IBM,2018-07-18,2018-07-19,1.38,0.04174866862453941,-0.018222373769376632,-0.02888112546976429,-0.03011135230379669,-0.0360191561590919
IBM,2018-04-17,2018-04-18,1.4,-0.06908134768258833,-0.0017781840800616955,0.0058464111587003265,-0.024010325447417658,-0.047206243291492145
IBM,2018-01-18,2018-01-19,0.24,-0.040098141289522604,-0.006714259019839908,0.008605370540533563,-0.002619017209583685,0.0333530382402456
IBM,2017-10-17,2017-10-18,0.73,0.08481036977073186,0.00831391797595038,-0.03611709178346145,-0.07151548274921482,-0.05128980129802674
IBM,2017-07-18,2017-07-19,8.24,-0.04176083150291354,0.0004359516576080136,-0.01649034338461952,-0.023687210321709173,-0.028948698361570102
IBM,2017-04-18,2017-04-19,1.39,-0.05018019562833753,-0.004366297984574441,-0.031328680327481706,-0.06762366868175473,-0.09380624057864395
IBM,2017-01-19,2017-01-20,2.67,0.02252654923036368,0.005416526519641085,0.02974231807869776,0.03088697408489738,-0.03098097008492351
IBM,2016-10-17,2016-10-18,1.76,-0.02691851515876531,0.0009158012489152156,-0.00109089788402561,0.04091321844277829,0.05165976145756379
IBM,2016-07-18,2016-07-19,2.43,-0.0029200650406251416,0.006991201276529191,0.013326760809454719,0.007528761575259502,-0.018320886090213984
IBM,2016-04-18,2016-04-19,8.21,-0.061086319490398444,0.013700127494707504,0.039946951345445125,0.06175558722249708,0.08880956205676105
IBM,2016-01-19,2016-01-20,0.57,-0.05133050931035266,0.0030143057131639672,-0.020744328688824476,0.06331552786113614,0.13277683752242742
IBM,2015-10-19,2015-10-20,1.07,-0.0640443385889341,0.008194317038473065,-0.03694945472202682,-0.05118649227557304,0.003057397875198875
IBM,2015-07-20,2015-07-21,1.34,-0.0512857295327388,-0.014885542646161043,-0.00709130302808425,-0.026993520992367737,-0.018501943369708673
IBM,2015-04-20,2015-04-21,2.46,0.014409880253283047,0.0017823061703581278,0.05003041020019827,0.04775826934005978,0.031102261363372685
IBM,2015-01-20,2015-01-21,7.32,-0.03932810765507122,0.006826643486343764,0.010926593600295686,0.05116776914722698,0.03527276352686015
IBM,2014-10-20,2014-10-21,-18.03,-0.13309092272195122,-0.0017109690236335462,-0.020096576742248518,-0.06057547065872415,-0.07541011681657894
IBM,2014-07-17,2014-07-18,0.2,0.001990892405909772,-0.006700203241324809,0.00981925725805377,-0.010775302394282482,0.00665393695332861
IBM,2014-04-16,2014-04-17,-0.19,-0.04746905554853209,0.00840644486678177,-0.001463888595253593,-0.018700658489674504,-0.06545251760388737
IBM,2014-01-21,2014-01-22,2.1,-0.04483701244256977,0.010826706971085343,0.005611012647472102,0.01765609896646081,0.03249084910718181
IBM,2013-10-16,2013-10-17,0.77,-0.07397507278893312,-0.012760755291966075,0.005845903017278387,0.012881943612129021,0.003059425508608493
IBM,2013-07-17,2013-07-18,3.29,0.013297888540694247,-0.024252402116300975,-0.004244683770217139,-0.04218323662811341,-0.06819578206049781
IBM,2013-04-18,2013-04-19,-1.66,-0.09619923611807368,-0.015859150366651864,0.0049323223525938875,0.02848799219646292,-0.05809340235054017
IBM,2013-01-22,2013-01-23,2.73,0.04569569596222456,-0.0017332674401991932,-0.010547753807675031,-0.034164717439475134,-0.11353104510428369
IBM,2012-10-16,2012-10-17,0.17,-0.054440027219384235,-0.025661546576998706,-0.01396365496467522,0.0030792381568844895,-0.0488198005130388
IBM,2012-07-18,2012-07-19,2.48,0.05360630296974089,-0.005646102700998523,0.004210985080622676,0.0016167565670248685,0.025325574174916765
IBM,2012-04-17,2012-04-18,4.78,-0.0241589239530019,0.003322893149790729,0.013004348869660953,0.04388118728199364,-0.0511017168325949
IBM,2012-01-19,2012-01-20,1.88,0.03212081848182402,0.010321345846419971,0.011275881909905805,-0.003813609718229305,0.04604429990495196
IBM,2011-10-17,2011-10-18,1.94,-0.0611216808600904,0.003388611479120174,0.004326342190183796,0.030746546562328447,-0.05225603451321814
IBM,2011-07-18,2011-07-19,2.03,0.04719055080111523,-0.007820248236109939,-0.016831099018228324,0.027595961279913928,0.09484085587189439
IBM,2011-04-19,2011-04-20,4.92,-0.026625812530694404,0.016317496112055796,0.013986269518473149,0.028206682802645933,0.08251515408124643
IBM,2011-01-18,2011-01-19,2.45,0.04605395980562377,0.0020320769181966236,0.023291182484686868,0.01001249802456905,0.03353575476081838
IBM,2010-10-18,2010-10-19,2.49,-0.01323907543533931,-0.0022312903132715167,0.0020785077588916234,0.022829425272626436,-0.022538087285171926
IBM,2010-07-19,2010-07-20,1.37,-0.02862362095852722,0.0028831098778053788,-0.01186433209923643,0.009810681608432237,0.02186239680552493
IBM,2010-04-19,2010-04-20,1.62,-0.01993034504415736,-0.003577435466469936,0.013145948147183062,0.0772933357643899,0.10144505869990861
IBM,2010-01-19,2010-01-20,3.43,-0.013810278443737722,0.009632626682817391,0.005552984222090163,0.01182157125870087,-0.044941373463685874
IBM,2009-10-15,2009-10-16,0.73,-0.04843613608580699,0.0034082256710132874,-0.0030842406351779816,0.042292866308626165,0.017133946580662363
IBM,2009-07-16,2009-07-17,15.22,0.06715004691385973,-0.0017866043105929652,-0.022516267637703313,-0.038670080749702684,-0.043589506062486905
IBM,2009-04-20,2009-04-21,2.14,0.03346762154200933,0.008459110278653093,-0.009612464964196654,-0.034579618640281584,-0.01375509259362584
IBM,2009-01-20,2009-01-21,7.91,0.08841762212286175,0.0006991809957357376,-0.002548072436842741,0.04789388396847971,0.07030389532174808
IBM,2008-10-16,2008-10-17,1.29,-0.00723365407193266,-0.04102235180897251,-0.02975167399003409,-0.03946677876734528,0.009006265356595211
IBM,2008-07-17,2008-07-18,9.02,0.015068184155651032,-0.010025158076346408,-0.006500698378067105,-0.05664654196586949,-0.09647533449439327
IBM,2008-04-16,2008-04-17,14.11,0.021843829867281617,0.00029062227261378304,-0.0002479755815245621,0.007991859562753945,0.09160620764432248
IBM,2008-01-14,2008-01-15,7.75,0.05672046690605237,0.006648451823735413,0.07312603972213838,0.08181314042734567,0.17339745576160603
IBM,2007-10-16,2007-10-17,0.22,-0.014159797829781828,-0.004834065211288596,-0.006485763972351899,-0.060754756315939185,-0.02860987119896785
IBM,2007-07-18,2007-07-19,1.82,0.04388353444863191,0.0010616393770696009,0.05124716198182355,0.033732943245513236,0.007517890363777813
IBM,2007-04-17,2007-04-18,0.36,-0.01823336227139849,-0.005108492951081067,0.05524678001089045,0.09171756091553518,0.09402706100460234
IBM,2007-01-18,2007-01-19,3.18,-0.037093457266324514,0.012854943263571394,0.01814070557737879,0.01204948483311985,-0.021060781924743033
IBM,2006-10-17,2006-10-18,7.49,0.03769377359914483,-0.001165649819168335,0.009491852767502307,0.014880257239214822,0.06426386828682418
IBM,2006-07-18,2006-07-19,0.93,0.013104161448480145,-0.0009136026629349425,-0.012224376178890717,0.011943418944777351,0.028865674027377386
IBM,2006-04-18,2006-04-19,3.35,-0.015103939206443817,0.0005799605734437829,0.022401460183708033,0.027691673321434185,-0.04545187092480474
IBM,2006-01-17,2006-01-18,8.91,0.01425810964363261,-0.012306910355706302,-0.025412366654826046,-0.035753712867345855,-0.030229638695582817
IBM,2005-10-17,2005-10-18,11.11,0.020884353166249037,-0.008370290276048964,-0.017564380877435948,-0.01898956539852059,-0.09928821719624825
IBM,2005-07-18,2005-07-19,8.21,0.014558340835559846,0.007338255289197626,0.0024162836658017106,-0.019753852152542106,0.025125781019842863
IBM,2005-04-14,2005-04-15,-5.03,-0.06620482389862947,-0.0037179317447956217,-0.04490348671330191,-0.057374468100241716,-0.02905134456542946
IBM,2005-01-18,2005-01-19,3.02,-0.010458097124544485,0.005016116364913503,-0.003978312041608589,-0.007026881275319141,-0.14394843802709778
CSCO,2026-02-11,2026-02-12,1.75,-0.11516141281037806,0.02396213074401854,0.04402229120047174,0.07225973237910976,0.23525628819512345
CSCO,2025-11-12,2025-11-13,1.82,0.0951152392058996,0.008175910047247159,0.003959924138932425,-0.009035584682290487,0.07868532661509597
CSCO,2025-08-13,2025-08-14,1.3,-0.03265614999746125,-0.04239189139408106,-0.01832575560141403,-0.05929044972622821,-0.011494779806378475
CSCO,2025-05-14,2025-05-15,4.64,0.03397380006027073,-0.016293681644251712,-0.0015238266345705131,-0.013721774606844317,0.02580527542024358
CSCO,2025-02-12,2025-02-13,3.41,0.015283426407845635,0.016183210644451163,0.01824901896241027,0.024633777175957827,0.013437279793421797
CSCO,2024-11-13,2024-11-14,4.47,-0.0075084312921677165,0.004866642631201068,-0.006754814984816004,-0.006217371669859917,0.07865626247092017
CSCO,2024-08-14,2024-08-15,2.49,0.04930006760702588,0.01692143916360478,0.02912871599443423,0.010005156807503024,0.12061814557952344
CSCO,2024-05-15,2024-05-16,7.71,-0.02276175216540144,-0.004954406302073999,-0.03083127939722874,-0.08167810637304862,-0.08195761975672744
CSCO,2024-02-14,2024-02-15,3.96,-0.027733990634159378,-0.0076576363650502355,-0.015709875751663716,-0.021382628600884135,-0.04051161830031136
CSCO,2023-11-15,2023-11-16,7.71,-0.09982563182091009,-0.0070723848393372535,-0.004599849871772532,-0.008555965554934097,-0.05708522268415872
CSCO,2023-08-16,2023-08-17,7.68,0.040769262639619885,0.005182698748942505,0.007943039152841003,0.004123037572223209,-0.045625323008292806
CSCO,2023-05-17,2023-05-18,3.25,0.005391392204775247,0.020749882088128113,0.028144941457306838,0.028141852368033016,0.05487888911537997
CSCO,2023-02-15,2023-02-16,2.84,0.07953901171495037,-0.0018163353928171144,-0.020078695648969913,0.025462789299151578,-0.08479692180206277
CSCO,2022-11-16,2022-11-17,2.85,0.04830437187858039,0.02121628769961026,0.018329232572044996,0.049547389177270085,-0.006661552649909419
CSCO,2022-08-17,2022-08-18,1.07,0.059803612298652165,-0.00013299411357692303,-0.02295159230907673,-0.027723333097289804,-0.019505527613522866
CSCO,2022-05-18,2022-05-19,0.93,-0.12930520737270046,0.028806324448527043,0.037682453763784984,0.09656759624127964,0.023046641223456454
CSCO,2022-02-16,2022-02-17,3.78,0.047904276790030065,0.032295384473008615,0.0032626274584053316,-0.016642007148203408,-0.03363050320724492
CSCO,2021-11-17,2021-11-18,1.92,-0.06008166894325517,-0.00529736939809522,0.04229904982546573,0.1449055835068458,0.06486535813966476
CSCO,2021-08-18,2021-08-19,1.46,0.03190955484556146,0.00863110466875483,0.019150150857190518,-0.014049728126247385,-0.06687354313348082
CSCO,2021-05-19,2021-05-20,1.11,-0.009619483176291799,-0.00712846297554659,-0.008331635028591577,-0.017160765883406093,-0.007506114396464758
CSCO,2021-02-09,2021-02-10,4.61,-0.033635155001259576,0.005582217793607791,-0.020692456521639313,0.0241783049795099,0.05346027044103363
CSCO,2020-11-12,2020-11-13,8.04,0.04862245211350036,0.015053637568960276,-0.0026511347032844856,0.05027989047663972,0.0628811665705078
CSCO,2020-08-12,2020-08-13,8.42,-0.10683263853086267,-0.00517967469454228,-0.01390242473121106,-0.05825596243918307,-0.15712228749363044
CSCO,2020-05-13,2020-05-14,12.03,0.020506749039389094,0.004981180673105712,-0.016759738263192103,-0.03969365905615785,-0.08568672281690448
CSCO,2020-02-12,2020-02-13,1.21,-0.04221023127217638,-0.008998219095227356,-0.010933861082559004,-0.003591390503348335,0.051248001593757975
CSCO,2019-11-13,2019-11-14,3.85,-0.07331189442576636,-0.0032281321393725637,-0.003884818307668181,-0.01641684721122738,0.024559234150939746
CSCO,2019-08-14,2019-08-15,1.69,-0.0957194206298182,0.0005962435282576006,0.014643409382696149,0.023974095888534608,-0.026565187016484026
CSCO,2019-05-15,2019-05-16,0.75,0.05999014459646945,0.013975006399673529,-0.011784174188836483,-0.026519542862487144,-0.0788308414725889
CSCO,2019-02-13,2019-02-14,0.98,0.009627824053325185,0.01038400591200861,0.017982335495398738,0.06940080454607256,0.038502747627434
CSCO,2018-11-14,2018-11-15,4.51,0.03304065724249483,-0.011580958933830265,-0.011894824912299762,0.00973463198404767,0.032013944319556176
CSCO,2018-08-15,2018-08-16,1.9,0.025799929534145782,0.012201923241434987,0.01295344876790061,0.025593144114720134,0.06798461822701884
CSCO,2018-05-16,2018-05-17,1.42,-0.047771609400119375,-0.003252005572825012,-0.00037290518661681205,-0.005219459719755237,-0.027231892798329493
CSCO,2018-02-14,2018-02-15,6.59,0.04269581670224909,0.005378883379306698,-0.007968172232396542,0.012790839057927217,0.0412649343528706
CSCO,2017-11-15,2017-11-16,1.62,0.050600809151051473,0.003496189247853998,0.010273094858788134,0.02860586478738858,0.1340807591943971
CSCO,2017-08-16,2017-08-17,0.56,-0.01884696994227053,-0.02002150964377758,0.0027407680544102586,0.014922461355761252,0.03752671041822753
CSCO,2017-05-17,2017-05-18,3.81,-0.07134445254784594,-0.011921553851223177,-0.019162952904276276,-0.021822409998794923,-0.02220232056685445
CSCO,2017-02-15,2017-02-16,1.44,0.0355613404790911,0.0025903918664287318,0.01282261256181938,0.004515707967013061,-0.0006020703677378503
CSCO,2016-11-16,2016-11-17,3.0,-0.05530392936546069,0.006564082117289205,-0.010221704542584531,-0.015713083348549484,0.022491944215459858
CSCO,2016-08-17,2016-08-18,5.09,-0.024695069170124317,0.002774365367506859,0.03187487298888214,0.03197078764754013,0.043527922102259975
CSCO,2016-05-18,2016-05-19,3.39,0.03769464810356482,0.008190753751218471,0.023069175168965117,0.03343303254112473,0.06310964674913411
CSCO,2016-02-10,2016-02-11,5.99,0.10348416741517108,-0.0031942985054576045,0.025785935127409232,0.020022679199553695,-0.04777788829300467
CSCO,2015-11-12,2015-11-13,4.75,-0.03284114472996258,0.006922128934178984,0.018463469943350352,0.008906017839916291,0.04075577690527332
CSCO,2015-08-12,2015-08-13,4.8,0.024316396069397617,0.007855825340324696,-0.035363312898807675,-0.036253769010531345,-0.012563496360230242
CSCO,2015-05-13,2015-05-14,2.48,-0.016777903933686056,0.01612768434226952,0.007001985342094619,-0.007189200462042633,-0.005348677116683187
CSCO,2015-02-11,2015-02-12,3.0,0.061460480874543144,-0.005135123604706471,-0.006012903701237304,-0.036805180853610286,-0.013487217249291916
CSCO,2014-11-12,2014-11-13,2.63,0.021025417884857456,0.024676900130625512,0.03719560141524525,0.062111131500684036,0.036875108289884606
CSCO,2014-08-13,2014-08-14,4.11,-0.03577696112570716,-0.004278469228708892,-0.004842643314181494,0.00804925685856861,-0.0035174450538291158
CSCO,2014-05-14,2014-05-15,6.81,0.07121902955667525,0.004389278434899557,-0.003414736289099718,-0.014407058163271369,0.012282906747627331
CSCO,2014-02-12,2014-02-13,2.55,-0.025034855966843295,0.00750273741930263,-0.011095391356910178,-0.0503274802948912,0.008586607033669313
CSCO,2013-11-13,2013-11-14,4.8,-0.11250552735525521,0.00360340745820964,0.001109190376646918,-0.04640712132762592,0.05628897921517173
CSCO,2013-08-14,2013-08-15,1.43,-0.05086531506659686,-0.0052725467760794675,-0.017275702171766993,-0.024266552593112056,-0.10337162536723343
CSCO,2013-05-15,2013-05-16,3.65,0.12251299792105774,0.004973497509616509,-0.016572279753508612,0.02143517922574456,0.0820943001147112
CSCO,2013-02-13,2013-02-14,6.39,-0.0008219080349050056,0.0011821292886962098,-0.0016614587379555346,0.01698646249639113,-0.057117343238177964
CSCO,2012-11-13,2012-11-14,4.5,0.06437352367836069,0.017547077634331498,0.020536758751009465,0.0767611733933895,0.06991391554061144
CSCO,2012-08-15,2012-08-16,3.44,0.09922204082217867,0.0007647422416683369,0.015150541253779348,-0.012264149465935015,-0.08312875449218715
CSCO,2012-05-09,2012-05-10,2.82,-0.09766838779700782,-0.014831961301470242,0.022468715622600777,0.01670851038287846,-0.034276136723531136
CSCO,2012-02-08,2012-02-09,9.32,-0.014129634477803577,0.002387618887337517,0.0044028225544010535,-0.026326769533318584,-0.059677814481310265
CSCO,2011-11-09,2011-11-10,9.48,0.044222946201275204,0.003209105873536622,0.010790866645616348,0.000592471914633963,0.007119789332000526
CSCO,2011-08-10,2011-08-11,5.22,0.13356724645648133,-0.0023359981194335244,-0.033125801733486004,0.005736076160813841,0.06203349780455625
CSCO,2011-05-11,2011-05-12,13.58,-0.04252795812554222,0.004745929313110908,-0.012986575890566177,-0.051536432996703296,-0.00866587149145348
CSCO,2011-02-09,2011-02-10,6.47,-0.13772319712861913,-0.017597668309864867,-0.027270006250834533,-0.04008309034313906,-0.08906968582805719
CSCO,2010-11-10,2010-11-11,6.03,-0.1575363294035711,-0.006193257568685495,-0.030536316930963148,-0.0633090110778789,-0.023950274114336922
CSCO,2010-08-11,2010-08-12,3.28,-0.08797976822894438,0.002945905390189796,0.0471657656076887,-0.06088032779289532,1.3033496448322524e-05
CSCO,2010-05-12,2010-05-13,11.36,-0.017945340363008433,-0.005005527828330303,-0.014106290011465239,-0.048223785891785775,-0.008539147045190987
CSCO,2010-02-03,2010-02-04,14.19,0.04177620312842478,0.0212495545289888,0.01736979957922391,0.015140266768317145,0.0537792985697334
CSCO,2009-11-04,2009-11-05,16.5,0.02349950493091102,-0.00721661760471759,-0.04254993186848899,-0.029320656335662054,-0.06936073281128508
CSCO,2009-08-05,2009-08-06,8.39,0.002250664780158118,-0.018493207544999835,-0.05267678882596205,-0.044362598676917164,-0.019266932073064957
CSCO,2009-05-06,2009-05-07,20.0,-0.03784295684835359,-0.034942277332721594,-0.029754853254412517,0.007936761020690186,0.0793476735252554
CSCO,2009-02-04,2009-02-05,8.11,0.03682269011765138,0.013705211596842348,0.0015861067113808192,0.052332394297885054,0.11035625088999046
CSCO,2008-11-05,2008-11-06,8.31,0.019277958762292657,0.004762960307951536,0.015478885154444066,-0.026784299434743808,0.010494464105337498
CSCO,2008-08-05,2008-08-06,2.56,0.056699447389198854,0.00026665767365108284,0.018671977831746234,-0.03094541835938458,-0.007821568429710934
CSCO,2008-05-06,2008-05-07,4.65,-0.0097240319993106,-0.0005228348900360169,-0.010122707474942705,0.059239281986423364,-0.05577955120184619
CSCO,2008-02-06,2008-02-07,0.66,0.006649836959040423,0.013264925527727622,-0.002842570481089046,0.06273247332749377,0.06731261108017073
CSCO,2007-11-07,2007-11-08,2.32,-0.09828777126612676,-0.02171025291792328,-0.0001288732957958061,-0.09905700691349573,-0.12997566090431933
CSCO,2007-08-07,2007-08-08,2.18,0.04913945322620794,0.020795148838554045,0.00311065574809688,0.016396409731319617,0.002992114078005814
CSCO,2007-05-08,2007-05-09,2.1,-0.048137150799024364,0.0021541835673795084,-0.0040418956937156025,-0.011268066097709029,0.1558691921335036
CSCO,2007-02-06,2007-02-07,5.82,0.018597147816060478,0.003089111744650541,-0.02518254810965137,-0.03828126597981796,-0.049851653490116665
CSCO,2006-11-08,2006-11-09,5.68,0.07838410115911121,0.0006885953403918954,0.0005515648484715197,-0.01333973308528158,-0.001809898912688901
CSCO,2006-08-08,2006-08-09,5.84,0.14332199277731894,-0.014194119282422979,0.04531314905667805,0.06590466035141929,0.1339594071269008
CSCO,2006-05-09,2006-05-10,11.25,-0.047850816788103434,-0.021664091561317655,0.01553261143708129,0.009855187533894805,-0.1406140045641603
CSCO,2006-02-07,2006-02-08,5.26,0.087895798014483,0.009390264185863306,0.015356548077595233,0.04760549104931644,0.07037592600873688
CSCO,2005-11-09,2005-11-10,4.17,-0.048834458905189226,0.015253819163147497,0.002287598936284496,-0.00091870271774952,0.09916042690035631
CSCO,2005-08-09,2005-08-10,2.15,-0.057492146698695956,-0.01438427850495938,-0.013303662772233937,0.005196975452109065,-0.03617338785021684
CSCO,2005-05-10,2005-05-11,4.21,0.02359403914860514,0.01908913996766559,0.02397593056389069,0.02195979893391553,-0.011905478774136169
CSCO,2005-02-08,2005-02-09,0.7,-0.022854664209364883,-0.006440410790415574,-0.01138807925952623,0.045082291231122174,0.03687341113032194
INTC,2026-01-22,2026-01-23,81.51,-0.17480448300815832,-0.062322385776000244,0.027087360896906,-0.022026253130867812,0.4458218367177351
INTC,2025-10-23,2025-10-24,3121.29,0.02268544104723258,0.021117752863809347,0.0375687171725787,-0.07184319412650242,0.39869165520151717
INTC,2025-07-24,2025-07-25,-1280.64,-0.12333067147910026,-0.0007151366487080368,-0.04300903014180979,0.18518089273445004,0.7839775531634554
INTC,2025-04-24,2025-04-25,2769.76,-0.05465279582378324,0.022561196161756003,-0.0008461526894385507,-0.051703374286434345,0.01639724982505464
INTC,2025-01-30,2025-01-31,8.71,-0.016219124243852412,0.004156256808951264,-0.015239296400693214,0.20034749350194836,0.12299133135933682
INTC,2024-10-31,2024-11-01,-1533.52,0.05582426179934552,-0.027156246252821648,0.0817653374620324,-0.025605785523713953,-0.21994882207807465
INTC,2024-08-01,2024-08-02,-80.18,-0.26872044810397033,-0.034656636702719235,-0.07675037072498314,-0.025179645898242065,-0.019477044131939847
INTC,2024-04-25,2024-04-26,31.74,-0.08158098141422532,-0.01985257624561132,-0.03670178491176357,-0.07414419934327099,-0.06991113955774308
INTC,2024-01-25,2024-01-26,20.29,-0.11497848596169824,-0.003566576400522603,-0.0382936019214728,-0.05035322467482872,-0.25300569882949453
INTC,2023-10-26,2023-10-27,87.04,0.0989994397561118,-0.007735237863837785,0.014692962346736893,0.13771845895283374,0.20562397721406445
INTC,2023-07-27,2023-07-28,546.43,0.06879061475137949,-0.030685033169908005,-0.020327658562546147,-0.05685941183474452,-0.0010566469299116976
INTC,2023-04-27,2023-04-28,72.19,0.040578103056286396,-0.02345919470052049,0.009765887408425322,-0.07233339187186527,0.011547627658212267
INTC,2023-01-26,2023-01-27,-50.48,-0.06516536220973024,0.005089386933144424,0.06026302268215278,-0.08539608451032044,0.03325842738638207
INTC,2022-10-27,2022-10-28,80.04,0.05003332242415226,-0.014792242453724458,0.01574323793210597,-0.016058969353041075,0.003855201348166526
INTC,2022-07-28,2022-07-29,-58.29,-0.12362054212371587,0.02086246585776974,-0.019090110926713866,-0.055755791663093746,-0.16727621588628205
INTC,2022-04-28,2022-04-29,9.16,-0.023416472716458303,0.025409720387055135,0.02592356202200463,0.022189514119570486,-0.048545491094653004
INTC,2022-01-26,2022-01-27,19.78,-0.050408694045010805,-0.031495434286424207,-0.030831692358698648,-0.014608444660807018,-0.00989924821077992
INTC,2021-10-21,2021-10-22,53.61,-0.10830591014756163,-0.006373579321150458,-0.022828637963202447,-0.02662730987111761,0.09116831170436912
INTC,2021-07-22,2021-07-23,19.28,-0.06984617766801293,0.022262163913676414,0.01683548103154975,-0.020076044839030027,0.01467848863931942
INTC,2021-04-22,2021-04-23,21.71,-0.07162613406729257,-0.01018997686388956,-0.030209280911568936,-0.043192416370100184,-0.09952428099929411
INTC,2021-01-21,2021-01-22,36.91,-0.03162838372317622,-0.025475955392463945,0.013160349406423744,0.0671438179064332,0.03329276121424307
INTC,2020-10-22,2020-10-23,0.23,-0.1079647380040436,-0.012225347508921458,-0.025685310792570193,-0.07906765872763721,0.18931270618085838
INTC,2020-07-23,2020-07-24,10.61,-0.15303966928086832,-0.027454719148207407,-0.07410929001098887,-0.07724429134822441,0.01607996071243778
INTC,2020-04-23,2020-04-24,14.95,-0.027842856979390485,-0.010874803408412292,-0.02956998175248904,0.01249064616023876,-0.12353560828080279
INTC,2020-01-23,2020-01-24,21.4,0.09926014843445707,-0.024572329350371125,-0.044893547864647276,-0.07424298817290853,-0.00818523006176275
INTC,2019-10-24,2019-10-25,14.56,0.08591174584411121,-0.00032294939743438,-0.014167163944800665,-0.005050609599410949,0.022399494362008276
INTC,2019-07-25,2019-07-26,17.96,-0.027023139943307628,0.01965398501422777,-0.02531493642795224,-0.06580989922455804,0.019390943429304475
INTC,2019-04-25,2019-04-26,2.35,-0.11115641140889732,-0.02674391403683296,-0.015082588679008468,-0.10847909410146306,-0.0344609684704561
INTC,2019-01-24,2019-01-25,4.56,-0.027770700955132677,0.0005846755139135018,0.019823059818103284,0.08428449208208644,0.15067719395261814
INTC,2018-10-25,2018-10-26,21.92,0.07704881879368597,-0.0008063306754549915,0.006355249924070883,0.03687798994037572,0.02848107204260608
INTC,2018-07-26,2018-07-27,6.98,-0.0814775802413833,0.005433256565923972,0.0331517029186581,-0.01598076134369264,-0.03190362595409524
INTC,2018-04-26,2018-04-27,21.15,0.01516071691470322,-0.013359865358765988,0.008751167020087602,0.03649122837451069,-0.06592362277081854
INTC,2018-01-25,2018-01-26,24.67,0.08841044156644551,0.004633172945668895,-0.03963744562075178,0.01757186274106215,0.11300177220572949
INTC,2017-10-26,2017-10-27,25.75,0.07928962369693582,0.00304972821576055,0.040822317785067064,-0.0018134106993394905,-0.07860035406732724
INTC,2017-07-27,2017-07-28,6.05,0.018217172914521518,0.005097571097741893,0.03372891217386198,-0.0012374570970011822,0.12260127386402808
INTC,2017-04-27,2017-04-28,2.0,-0.019778806504048285,0.0019059963120826584,0.019307113561911615,-0.004741895053489875,-0.07810410695387715
INTC,2017-01-26,2017-01-27,5.69,0.007375252286836553,-0.008542630656653172,-0.033192328926851644,-0.06739185803718728,-0.06866754858212898
INTC,2016-10-18,2016-10-19,10.74,-0.05668049119919838,-0.00038630443359322086,-0.014094757794454238,-0.028192722739641907,-0.01791013529213492
INTC,2016-07-20,2016-07-21,10.81,-0.02540539844130485,0.0068952038582124064,0.012277881719643613,0.016185359600492166,0.11066316054236769
INTC,2016-04-19,2016-04-20,12.78,0.006948003353548282,0.004441187911233269,-0.004242494104110928,-0.030014689273700212,0.07278923650724511
INTC,2016-01-14,2016-01-15,17.03,-0.061975282838015455,1.238117445190312e-05,-0.004471427178691645,-0.0349077557629659,-0.024075128417559988
INTC,2015-10-13,2015-10-14,8.84,0.02938304356210031,-0.01687896181140458,0.004532537761647415,-0.033514227015205345,0.014615089708825857
INTC,2015-07-15,2015-07-16,10.06,0.0007423531067669575,-0.015229335098132846,-0.03349258647504083,-0.009281526546149443,0.13058832639863538
INTC,2015-04-27,2015-04-28,-0.78,0.030294108790734353,0.000177631034201986,0.0076523779421342475,0.022319616153472888,-0.12647158619525645
INTC,2015-01-15,2015-01-16,12.06,-0.0010826537883470433,-0.01200895858434703,-0.03650355327060806,-0.08213406016116198,-0.14115652277768642
INTC,2014-10-14,2014-10-15,2.0,-0.000807600727790958,-0.012889220892373321,-0.0019289896715908306,-0.019897603683206366,0.0847459615139825
INTC,2014-07-15,2014-07-16,5.08,0.09852766204797758,-0.01605111245054558,-0.007764114015260448,0.006434038934417519,-0.0014544050947978837
INTC,2014-04-25,2014-04-28,1.86,-0.010643001929068974,0.0010416790224963002,-0.005777091089417485,-0.0016798605972387914,0.2535297513445489
INTC,2014-01-16,2014-01-17,-2.33,-0.025222485541545936,-0.012997974021476955,-0.013056176192972169,-0.03629973593351776,0.037988936692362474
INTC,2013-10-15,2013-10-16,9.05,0.0040500991471990044,0.0025997027576645237,-0.012840264495008746,0.011021534349899609,0.024381506138259956
INTC,2013-07-17,2013-07-18,-1.46,-0.04970787551609912,-0.010382729879041985,-0.008100635179188909,-0.02804520784168474,-0.0024921677180862467
INTC,2013-04-16,2013-04-17,-8.83,0.025789536313142847,0.02038949751364083,0.06102911792705035,0.042924675812986424,0.014440028208679623
INTC,2013-01-17,2013-01-18,3.7,-0.04760121760813951,-0.009158028537650686,-0.02114212256562642,-0.030031749889168236,-0.007268314683547716
INTC,2012-10-16,2012-10-17,14.89,-0.011951840283449977,-0.0029081278997573623,0.02028614518101768,0.003355560450416406,0.012193473040593261
INTC,2012-07-17,2012-07-18,4.18,0.028651967651444288,-0.008344176497180444,-0.016381950343281937,-0.014991547558483198,-0.21476443193162575
INTC,2012-04-17,2012-04-18,6.09,-0.027574142924499778,-0.002880924864975931,-0.007403978940730638,-0.003305646250677974,-0.07449302275891212
INTC,2012-01-19,2012-01-20,7.14,0.029968078449842173,0.01508585298809706,0.014252807958077596,0.012018398780384132,0.029195704022731084
INTC,2011-10-18,2011-10-19,13.23,0.0337512117626424,-0.030365891339259488,-0.0071934966503177655,0.013663482245481084,-0.03237106538317036
INTC,2011-07-20,2011-07-21,15.62,-0.024101507290831825,0.01335939511859463,0.02035084423061273,0.023748192289869685,0.12422417960274457
INTC,2011-04-19,2011-04-20,29.27,0.07177869103700951,-0.002773717629623196,0.04230831882896546,0.09624964227627131,0.06264955398609884
INTC,2011-01-13,2011-01-14,10.97,-0.01592804576842366,-0.0017014133548154398,0.00913705060174863,-3.329493113835014e-05,-0.075882033624183
INTC,2010-10-12,2010-10-13,4.49,-0.027247060877522378,0.008058716347991046,0.02121435837807273,0.06666859619819254,-0.0016476285643440836
INTC,2010-07-13,2010-07-14,19.61,0.02340989996323417,0.006748717746176913,0.018847896042871515,-0.08022531562654855,-0.1473988949090469
INTC,2010-04-13,2010-04-14,13.02,0.03136856438533697,0.028936547455769457,0.01627808488713922,0.019502057968202147,-0.028457868514950913
INTC,2010-01-14,2010-01-15,30.76,0.0009159782148564499,-0.0004759319794600536,0.010978455797718167,0.03844145586909198,0.0689856039357899
INTC,2009-10-13,2009-10-14,18.28,0.005941405135371447,-0.011340117673797057,-0.03668674211390688,-0.047949315845649876,-0.04180391905161196
INTC,2009-07-14,2009-07-15,104.69,0.05952962701514242,0.026539675890629666,0.035833159860437114,-0.03113681281581626,-0.039168236740728
INTC,2009-04-14,2009-04-15,285.83,-0.01577094207294527,0.0026233757903137978,0.011529567475675795,-0.06339565800224278,-0.0020259808314744276
INTC,2009-01-15,2009-01-16,-26.98,0.04227982879126113,-0.01126088094339639,-0.009977028877004024,0.03998844086597053,0.139130889475366
INTC,2008-10-14,2008-10-15,2.64,-0.005926013904320682,0.01771572989193415,-0.03423847583725481,-0.04357562896122802,-0.045800961199080725
INTC,2008-07-16,2008-07-17,9.3,0.027009478555640953,-0.001682632742285639,-0.0170277191634024,0.08004165577910083,-0.015870975231121687
INTC,2008-04-15,2008-04-16,-2.87,0.04011040629985119,-0.0023658634120227173,0.013072937359851489,0.05505984968314692,0.028782080263954124
INTC,2008-01-15,2008-01-16,-4.77,-0.10821273333930559,-0.0017493618938099198,0.05527249779775034,0.048640770363963526,0.07182837936752096
INTC,2007-10-16,2007-10-17,2.78,0.04257253234751879,0.012986899811968766,-0.008614328808802418,0.014194639264189846,-0.053346585172125205
INTC,2007-07-17,2007-07-18,-1.08,-0.03197184606613168,0.004096744845766054,-0.0038311088990787834,0.017847413260041356,0.008257253112688101
INTC,2007-04-17,2007-04-18,0.83,0.028014275991236293,0.021817326490317535,0.027616363963487656,0.014855182215728124,0.16669175670934
INTC,2007-01-16,2007-01-17,1.87,-0.04771825773748095,-0.015179919878513637,-0.016008084440742754,-0.007980651740965294,-0.0424749440961395
INTC,2006-10-17,2006-10-18,20.69,-0.02131070229849108,-0.005400158805656585,0.016010600052166035,0.03734510856359807,-0.051382032937507205
INTC,2006-07-19,2006-07-20,12.9,-0.06789295693811481,0.009973918557441785,0.006576843911381358,0.04992956605166743,0.1710376271699321
INTC,2006-04-19,2006-04-20,5.02,-0.0001946979144906713,-0.02020318459350323,0.03315277797768368,0.0013082794461908298,-0.02282144382852347
INTC,2006-01-17,2006-01-18,-6.76,-0.11700826009282894,-0.012683370476507139,-0.0524296217631226,-0.05380570735885082,-0.14626914251962297
INTC,2005-10-18,2005-10-19,10.34,0.0041778197998070254,0.014661697043624522,-0.022748060208726884,0.024136992305688665,0.003887709061364264
INTC,2005-07-19,2005-07-20,0.8,-0.03689373453853029,-0.009108232654504334,-0.016683200692089506,-0.03638486431431276,-0.10741899937501698
INTC,2005-04-19,2005-04-20,10.39,0.026374740776634487,0.011471211938666404,0.02125410567581576,0.10431296248292932,0.1693095022818787
INTC,2005-01-11,2005-01-12,5.77,0.015851184844165478,-0.006668685952476272,-0.01601828195706334,0.008420748672055556,0.0019594948879716467
TXN,2026-01-27,2026-01-28,-2.89,0.09571500417152579,0.014937205765110706,0.05122899662135738,-0.0011551554545363718,0.2609797063417947
TXN,2025-10-21,2025-10-22,5.81,-0.044232132913050726,0.0027396264848018603,-0.09055018924644043,-0.063829191125929,0.10286655581344628
TXN,2025-07-22,2025-07-23,5.81,-0.1406368347542406,-0.0033376687157695706,0.01716296470185852,0.07960195203717824,-0.09557732682346187
TXN,2025-04-23,2025-04-24,16.76,0.06785862944031895,-0.002722688953803898,-0.0370901123225017,0.054415726214576576,0.18320692486249257
TXN,2025-01-23,2025-01-24,8.29,-0.061035775525682734,0.022284322243156462,0.012568819401428843,0.10773914195301937,-0.07291592121906654
TXN,2024-10-22,2024-10-23,2.38,0.04015845158116138,0.02197730065135528,0.02718793157501076,-0.03277311570605912,-0.06957069155653706
TXN,2024-07-23,2024-07-24,-1.48,-0.012719345910566893,-0.0004884561121210051,0.016881122697533613,0.021903172849329744,-0.07266365352803916
TXN,2024-04-23,2024-04-24,12.41,0.05824582590736238,0.006315850626954056,0.012242712690470836,0.11866291430079046,0.08525812208970596
TXN,2024-01-23,2024-01-24,-2.1,-0.03123922941382451,-0.021020689930559056,-0.04590473587079147,-0.06515790860694726,-0.07698101951938441
TXN,2023-10-24,2023-10-25,0.33,-0.024038708145202925,0.027631572798622606,0.006750682938035046,0.005833053215911876,0.07492566098820497
TXN,2023-07-25,2023-07-26,5.84,-0.04579031017401436,0.016402969557591907,-0.0015321095791986927,-0.0008789273547452625,-0.0758221392867553
TXN,2023-04-25,2023-04-26,2.51,-0.044994438197973885,-0.014982975072466376,-0.015800920301988652,0.007047523942427247,-0.000676396046258132
TXN,2023-01-24,2023-01-25,7.92,-0.016868458617950832,-0.016360718728519963,0.021645243009591253,-0.01217521078443684,-0.015009958536917667
TXN,2022-10-25,2022-10-26,5.58,-0.03169782183923642,-0.0016912142881864156,0.03064825399024451,0.08935667397251468,0.077970415165028
TXN,2022-07-26,2022-07-27,17.26,0.03727456654352834,0.012000290241702682,0.043153005283635526,-0.021092396367314414,-0.012878928632029885
TXN,2022-04-26,2022-04-27,8.08,0.00024008764115035497,0.012877368020866697,0.012124925313613755,0.0581751913274805,0.01791763444320016
TXN,2022-01-25,2022-01-26,18.97,0.01463160162285404,-0.014800754960347495,0.004993477256372669,-0.03099116915378397,-0.007832075500692426
TXN,2021-10-26,2021-10-27,1.61,-0.06190054149710433,-0.005533509805453862,-0.006349270323867229,0.006968077465021372,-0.013292357612592398
TXN,2021-07-21,2021-07-22,13.62,-0.03076472088042559,0.011364287743673485,0.026028130394756932,0.0016514088184700348,0.03602119871502252
TXN,2021-04-27,2021-04-28,19.45,-0.04935114574191568,0.015627259161607565,0.00853244706020928,0.03768693549956392,-0.018349010569509883
TXN,2021-01-26,2021-01-27,38.01,-0.0318094272697399,0.030066940038838696,0.02108066432764777,0.03183959945076986,0.049226769977096074
TXN,2020-10-20,2020-10-21,16.41,-0.03281664019090358,0.008817402141126696,0.02546919443411777,0.01879014491451647,0.09106947069502058
TXN,2020-07-21,2020-07-22,71.15,-0.03748501678110916,-0.014401806374463866,-0.001391985785140104,0.020362578171746692,0.09158219604999007
TXN,2020-04-21,2020-04-22,27.62,0.012878226076779131,-0.013502338639548861,0.01570620936606626,-0.006569998057854853,0.04722543457008688
TXN,2020-01-22,2020-01-23,12.84,0.024638206893140335,-0.01889128045842947,-0.054348258112346004,-0.041072368481252175,-0.01710628958341054
TXN,2019-10-22,2019-10-23,5.22,-0.09113311895377518,-0.006173564234439821,-0.016492727447767197,-0.05181462100723466,-0.0017873050331189688
TXN,2019-07-23,2019-07-24,11.63,0.07967275234513216,-0.008013837364756804,-0.011852365625713346,0.012700475553987456,0.01735209977638441
TXN,2019-04-23,2019-04-24,10.5,0.02352190785559327,-0.010023824984847218,-0.016632671718267544,-0.06983620843229432,-0.02519637464976654
TXN,2019-01-23,2019-01-24,4.42,0.05398870905560549,0.014263767068143807,-0.030469495216425058,2.4623148558333696e-05,0.02835111841308935
TXN,2018-10-23,2018-10-24,4.91,-0.042081746336456116,-0.020549053975387754,-0.002412627221704877,0.054906140253745406,0.04816107842568973
TXN,2018-07-24,2018-07-25,7.28,-0.026242193005338144,0.0030657199653637557,-0.0030885882804390086,-0.011216583406837621,-0.09357002388064006
TXN,2018-04-24,2018-04-25,11.81,0.06108499994597616,-0.012883697719137666,0.0012429442544804603,0.04793443110593154,0.05758270047303937
TXN,2018-01-23,2018-01-24,-1.13,-0.08328040808617942,0.0036780868910717412,0.009779130331438957,-0.0022242963540088923,-0.029001351853980673
TXN,2017-10-24,2017-10-25,12.48,-0.0008519946738436701,0.0021515692708864442,0.0033491010183841485,0.012627275324992304,0.1438558637358518
TXN,2017-07-25,2017-07-26,10.34,0.017424873946039643,-0.01199228447199241,-0.008817984804705636,-0.002298343026052807,0.10029975193241603
TXN,2017-04-25,2017-04-26,16.89,-0.004815936164912493,0.0015185863044882009,-0.010755897448921359,-0.016217218560782398,-0.02709842491829506
TXN,2017-01-24,2017-01-25,8.4,0.02251087792471429,0.009699282059361214,-0.014740926629421058,-0.04201868925826058,-0.004211983928529062
TXN,2016-10-26,2016-10-27,8.88,-0.0019319205942361917,0.003944966259458171,-0.012394254186713027,0.020839719144849278,0.0358321458516111
TXN,2016-07-25,2016-07-26,4.93,0.09280380181071435,-0.0010392849774065738,-0.025280873770525902,-0.0251521220092894,-0.015406293541511573
TXN,2016-04-27,2016-04-28,7.73,0.001389017647193902,-0.022714808911320716,-0.022974158505844278,0.026329956360521933,0.07852278663568124
TXN,2016-01-27,2016-01-28,9.99,0.021832710791274024,0.0108271303329317,-0.010624672576914573,0.010818968906051829,0.04550809679729717
TXN,2015-10-21,2015-10-22,12.89,0.09736857956716172,0.0043588749378753455,-0.037183395756987925,-0.011907256835589575,-0.06063098226934571
TXN,2015-07-22,2015-07-23,-0.83,0.012987887596279224,-0.018928626722631292,-0.0015910811022297189,-0.0250128167313185,0.0757475690974252
TXN,2015-04-22,2015-04-23,-0.15,-0.06658984637902698,-0.002138031564231202,0.009565458416375905,0.009417396384282517,-0.0906456763129434
TXN,2015-01-26,2015-01-27,9.76,0.006702406643208092,0.0027309149067721306,-0.011275428552564581,0.04075352286385647,-0.041958637184360326
TXN,2014-10-20,2014-10-21,9.16,0.04127435833157245,0.003903951138140238,0.014626814605119165,0.05707385785232022,0.10275997904875189
TXN,2014-07-21,2014-07-22,5.26,0.003666727113278867,-0.020949220973391358,-0.03546405334713498,-0.023879980692004255,-0.0689402913520708
TXN,2014-04-23,2014-04-24,-1.38,0.04067093872349614,-0.0357453556798476,-0.06342679690792752,-0.05123834008220729,-0.03461255308754163
TXN,2014-01-21,2014-01-22,-0.22,0.023103716319784917,-0.003463607748877884,-0.005136824705393561,-0.0011285586453938512,0.018779458911758473
TXN,2013-10-21,2013-10-22,11.99,-0.01641127418782906,-0.008865371990380178,0.03434885133695276,0.03349903594345727,0.03404567545979176
TXN,2013-07-22,2013-07-23,40.67,0.04499782036233668,0.0036652672725719926,0.006063994748808033,0.02360132057410591,0.03201626263581914
TXN,2013-04-22,2013-04-23,30.03,0.027542674513683973,0.008049383292710433,0.010169915397308493,-0.02629172479383879,-0.014499504701559474
TXN,2013-01-22,2013-01-23,6.76,-0.020138193107069324,3.440619971528669e-05,-0.006199921762574223,-0.018886714460612963,-0.0035424770476060186
TXN,2012-10-22,2012-10-23,12.94,0.014817356585863806,-0.0022000290938758438,0.046914267257955,0.07112866303058318,0.13320279706078053
TXN,2012-07-23,2012-07-24,9.13,-0.0063416544763681415,0.002034388967588674,0.00347636991374789,0.06413527428284116,-0.019156176878093678
TXN,2012-04-23,2012-04-24,11.88,-0.029546229884777397,0.005759736386374392,-0.00392535509381986,-0.021555566487042488,-0.10934374479108377
TXN,2012-01-23,2012-01-24,36.87,-0.029579788598710244,0.00024256679296597028,0.0020184554396529553,-0.015880348258219712,-0.0432190042392846
TXN,2011-10-24,2011-10-25,5.45,0.02416467545659584,-0.009190013187666546,-0.021991856256698528,-0.03714237969307743,0.0012425375174667241
TXN,2011-07-25,2011-07-26,5.16,0.002680135924810201,-0.016901863485305646,-0.01547753977926758,-0.03858199020480413,0.049106777739518104
TXN,2011-04-18,2011-04-19,-5.14,-0.00733225214489408,0.0034502622442411646,0.006170755023076291,-0.0009962838524875117,-0.11232424843439737
TXN,2011-01-24,2011-01-25,0.47,-0.004168008576246329,0.0061354625550829045,0.02178019739678483,0.03142891823917604,0.002873610958674888
TXN,2010-10-25,2010-10-26,4.25,0.004549592628747545,0.022254503543881032,0.023159140388927968,0.11452640456865859,0.09240677034783307
TXN,2010-07-19,2010-07-20,2.41,-0.017063670416254784,0.0020977370970237663,0.0044002767315225455,-0.008358096340564725,0.047755179942056136
TXN,2010-04-26,2010-04-27,4.52,0.022462402317367736,-0.008353301043059425,-0.017635478602614274,0.013515913482372244,0.028964973320619203
TXN,2010-01-25,2010-01-26,5.5,0.009469087320382652,0.0029521257135587398,-0.006384108481984674,0.05157628533777725,0.02903608698993687
TXN,2009-10-19,2009-10-20,6.83,0.03706123572536413,-0.018920910889705156,0.031464532751835694,0.07944406164094286,-0.005415531334877599
TXN,2009-07-20,2009-07-21,11.36,-0.012690322486627936,0.010612588257254307,0.024272994155140726,0.001266637213411581,-0.12069896430534555
TXN,2009-04-20,2009-04-21,389.85,-0.02465982596441396,0.03767351155656562,-0.0061293730315433725,-0.007856062699224342,0.2131206253839999
TXN,2009-01-26,2009-01-27,53.21,0.004262225062788172,-0.01015056938572867,0.06329311519883174,0.10114462465373542,0.12362302724799767
TXN,2008-10-20,2008-10-21,-2.63,-0.07375613752005339,0.020627064001937367,0.17799044178869328,0.036393026027007225,0.0019181963457206574
TXN,2008-07-21,2008-07-22,-4.35,-0.16700689790699885,0.022102428806937358,0.011127840725190907,0.02700276898293008,0.005273039605187879
TXN,2008-04-21,2008-04-22,-0.86,-0.02245198503705037,0.009922724052106147,0.024375002152287495,0.09139200319052954,0.1020065247449623
TXN,2008-01-22,2008-01-23,2.58,0.01488385471361986,-0.004481957340247034,0.01367604636816977,-0.014897013933055758,-0.05950563960572641
TXN,2007-10-22,2007-10-23,4.13,-0.08737223287874551,0.005026487447155725,0.017896120174581753,0.035077665044412676,0.06547713595805071
TXN,2007-07-23,2007-07-24,-0.83,-0.026445810397969005,0.007002027064948235,0.004198544061117526,-0.032087595065080854,-0.06141409565583511
TXN,2007-04-23,2007-04-24,11.95,0.07782608957087844,0.0028461840555960016,-0.0037402271323042635,-0.010401245922185831,0.050717782163191893
TXN,2007-01-22,2007-01-23,1.54,0.04276015847011694,0.005460663871465377,0.04330795217430805,0.02570454868775407,0.06394112272119323
TXN,2006-10-23,2006-10-24,-0.44,-0.03469655066639166,0.0034719455514160558,-0.009197007725461726,-0.04659915824958205,-0.07033273003339358
TXN,2006-07-24,2006-07-25,0.43,0.05035847366287216,0.016274217663937218,0.0035131869710904873,0.09610665190300094,0.00847111310388704
TXN,2006-04-18,2006-04-19,-0.86,0.03636196053156859,0.03084590180161384,0.015230860292599124,-0.034939558941485815,-0.11216759331917658
TXN,2006-01-23,2006-01-24,1.9,-0.03524189871156502,-0.026936914823249336,-0.054131430804280845,-0.009734868974692334,0.1195247548215761
TXN,2005-10-24,2005-10-25,5.13,-0.07800819060526143,-0.008284923321505322,-0.005367436654222235,0.08635701351275227,0.04995281056031575
TXN,2005-07-25,2005-07-26,11.11,0.05168372963490975,-0.019128269647711527,0.0034277943560296897,0.0004105115961056116,-0.04357843510211479
TXN,2005-04-18,2005-04-19,4.8,0.050911793754120804,0.007744380193574596,0.017128395474376834,0.1163968181207311,0.20507157209931148
TXN,2005-01-25,2005-01-26,-0.14,0.08516175006017868,0.009118393096418487,0.020372523761241546,0.12121949336853621,0.08914869833548489
QCOM,2026-02-04,2026-02-05,2.87,-0.05665036816821223,-0.011554606776945198,0.010534228213192165,0.009649142149035228,0.18079530223038076
QCOM,2025-11-05,2025-11-06,4.32,0.009383971078991471,-0.01432175179247508,0.004924916505964827,-0.008491800432299579,-0.16268093765968383
QCOM,2025-07-30,2025-07-31,2.05,-0.0895156266954944,0.026134411612011132,-0.006128735690229203,0.06902435985618238,0.08324907141827875
QCOM,2025-04-30,2025-05-01,1.19,-0.08693950298231468,0.01917703877991883,0.061345598134768364,0.018519422093314697,0.0650655470615602
QCOM,2025-02-05,2025-02-06,14.2,-0.029042167714268485,0.0011213484335321766,0.011089775253955159,0.0074342059508455405,-0.1042198240324993
QCOM,2024-11-06,2024-11-07,4.74,0.009401717506885676,-0.015898407386948588,-0.047908741600512283,-0.0931545046626635,-0.0370474994177693
QCOM,2024-07-31,2024-08-01,3.32,-0.019474810988689528,-0.009978946442667502,0.028554711825471202,0.005225980225636695,-0.026025770501016954
QCOM,2024-05-01,2024-05-02,5.31,0.07984536766097117,-0.014949541759889273,-0.02753552262839709,0.09338971644586924,-0.1459377055818295
QCOM,2024-01-31,2024-02-01,16.1,-0.02991789483712004,-0.0064172914223503685,0.031459921399414226,0.11329147622702807,0.15927457503666576
QCOM,2023-11-01,2023-11-02,5.93,0.04676279274234707,0.009281368481324659,0.016196805962508165,0.04612710282048438,0.14793005332175135
QCOM,2023-08-02,2023-08-03,3.35,-0.0845653728181942,0.028111470291537377,-0.01950417831032114,-0.031662745624172484,-0.014974874136375771
QCOM,2023-05-03,2023-05-04,-0.24,-0.0681790503161771,0.0021290929526369684,-0.040922594663885925,0.036098901834477504,0.11692791350722853
QCOM,2023-02-02,2023-02-03,0.72,-0.028617854027469414,-0.009368030357961854,-0.03420797150150645,-0.0687456431930249,-0.1349410683964195
QCOM,2022-11-02,2022-11-03,-0.13,-0.07949965537059545,0.012657683087634375,0.09789929429086874,0.12061508202250293,0.22905067396690582
QCOM,2022-07-27,2022-07-28,3.13,-0.062305895121615995,-0.024069964446516434,0.011189930641128942,-0.03446346343002804,-0.13078545740597936
QCOM,2022-04-27,2022-04-28,10.08,0.08189504240923862,-0.020403134082859098,-0.011475188603281117,-0.037493783945281356,0.0996920439966743
QCOM,2022-02-02,2022-02-03,7.59,0.025140945837399897,-0.002636269852396289,-0.03417523045434223,-0.057935567066521365,-0.11646739332375011
QCOM,2021-11-03,2021-11-04,12.82,0.14355666362809916,0.04085833593449206,0.05995730494464613,0.16384354004180435,0.16542873397784807
QCOM,2021-07-28,2021-07-29,14.11,0.06764772505525851,-0.0030248555047786008,-0.03007096057549341,-0.06975498242822042,-0.1558205511837738
QCOM,2021-04-28,2021-04-29,14.09,0.027754567484251647,-0.02062327802924846,-0.044461314684821396,-0.06152548987635853,-0.04245327422280143
QCOM,2021-02-03,2021-02-04,3.27,-0.11417588726180161,-0.018330679435824893,-0.0279913694793269,-0.11232549663287039,-0.15323768287408812
QCOM,2020-11-04,2020-11-05,22.83,0.11681921808847151,-0.0025225658306766707,-0.018795845735502414,0.0326569940351642,0.02607148689337402
QCOM,2020-07-29,2020-07-30,20.56,0.1634290529831357,-0.022641988302098848,0.004094020217220162,0.00715208602209505,0.1371641701607671
QCOM,2020-04-29,2020-04-30,9.65,0.02826937724455525,-0.01204206788616935,0.011672752159745392,-0.01955285800308193,0.06985332530845922
QCOM,2020-02-05,2020-02-06,16.15,0.003939270310799214,-0.02987619335253877,-0.015623064516366414,-0.0288674953243091,-0.01218316172309264
QCOM,2019-11-06,2019-11-07,9.46,0.04914505566054461,0.04254354009369399,0.0011110595300831694,-0.08294500192498,-0.06722403985015091
QCOM,2019-07-31,2019-08-01,4.44,-0.028702669834158367,0.006827059661848933,0.0049809147122290565,0.08140112599241367,0.10727185012056162
QCOM,2019-05-01,2019-05-02,8.68,0.021385311372650317,0.014885777644509934,-0.023035170238424274,-0.17854817713615245,-0.1721359751123518
QCOM,2019-01-30,2019-01-31,10.45,-0.02232331543914645,0.001336089561341014,0.020021613182575893,0.055645503012757835,0.6889174453020752
QCOM,2018-11-07,2018-11-08,8.64,-0.10724984981547492,-0.013143079513291633,-0.019155785446420825,0.05532530112575251,-0.08843518770461412
QCOM,2018-07-25,2018-07-26,5.92,0.07423110119586185,-0.007222094625401132,0.022068743812915126,0.04294157834606649,0.05796549754541214
QCOM,2018-04-25,2018-04-26,14.87,-0.00205008121354755,0.01174219112962982,0.01068577984358643,0.14622616054137083,0.1259448534984997
QCOM,2018-01-31,2018-02-01,7.45,-0.002197576880472174,0.010841980900557657,0.019486798876454325,0.02187245674252558,-0.17296318121707732
QCOM,2017-11-01,2017-11-02,13.27,0.07337261133550177,0.12375815690460135,0.17572017463022527,0.17760469514327326,0.1550591640593464
QCOM,2017-07-19,2017-07-20,2.94,-0.04707656598253129,-0.0015188248757544986,-0.027827577776730728,-0.015271016199214449,-0.04735685108397669
QCOM,2017-04-19,2017-04-20,12.01,-0.006475130612173641,0.00014812821159415623,-0.0034080006012306985,0.059628189341458304,0.03433209189346731
QCOM,2017-01-25,2017-01-26,0.58,-0.024873943423641354,0.005084741834527562,-0.01891467492582921,0.026337905583243337,-0.052492977597675905
QCOM,2016-11-02,2016-11-03,15.21,-0.009771411020935261,-0.0021847789024100894,-0.04854738609118536,-0.0610954558162925,-0.29657882174438566
QCOM,2016-07-20,2016-07-21,19.09,0.08649956447750928,0.01587210814560147,0.03940339683397487,0.039918228849153525,0.11517132893626048
QCOM,2016-04-20,2016-04-21,7.79,0.0013436700351205921,0.018772885522639893,0.01617612329863738,0.043921570522573394,0.04051553823474263
QCOM,2016-01-27,2016-01-28,7.09,-0.09587656055080995,0.015769236043662316,0.03432096100678028,0.1525947841018347,0.1052839155768861
QCOM,2015-11-04,2015-11-05,5.64,-0.15697050497746035,0.04653878334434114,0.05483464346929057,0.03750730870206653,-0.031216778731189887
QCOM,2015-07-22,2015-07-23,4.62,-0.04416729756014681,0.0081060400455224,0.03952578143190477,0.003162332848472671,0.005750734922708944
QCOM,2015-04-22,2015-04-23,5.04,-0.010797247241219554,-0.0037835939141137587,0.007811243014359759,0.01452603685420284,-0.07177332034917983
QCOM,2015-01-28,2015-01-29,6.87,-0.10888219203787586,-0.006737261886663792,0.04643995700075254,0.09556025714742566,0.04519084974576226
QCOM,2014-11-05,2014-11-06,-3.93,-0.09502897152220757,-0.019637591247204655,-0.004127432942196307,0.02173181872791763,-0.05576709611805564
QCOM,2014-07-23,2014-07-24,19.35,-0.06801345705223683,0.003763045170514734,-0.00417605391134912,0.00359855055272984,0.0029706418506986187
QCOM,2014-04-23,2014-04-24,7.06,-0.03367183913332483,0.0048604189042663615,0.01172148989770494,0.012332552586381107,-0.027180023065062286
QCOM,2014-01-29,2014-01-30,-14.88,0.01674793857714274,0.018962461184230728,0.009491069523799633,-0.011681478153671598,0.023074400986817123
QCOM,2013-11-06,2013-11-07,-3.08,-0.02021999901953686,-0.008125087385534968,0.03674895057893002,0.07031144922303079,0.07704274271028067
QCOM,2013-07-24,2013-07-25,0.17,0.01921856515678866,0.01769838785575395,0.018930195949946826,0.07548832311842513,0.04685962777404451
QCOM,2013-04-24,2013-04-25,0.08,-0.04921970953589183,-0.01296807004901146,-0.0005521489608222296,-0.02017447912340109,-0.0730832794222156
QCOM,2013-01-30,2013-01-31,12.19,0.046876334472440884,0.00046685932077927816,-0.0005403292105823354,-0.011857784012254236,-0.13221382296130402
QCOM,2012-11-07,2012-11-08,8.81,0.0393844941321746,0.014789078743389084,0.027006397349478295,0.025084961189957733,0.008869521692828286
QCOM,2012-07-18,2012-07-19,-1.4,0.0630342492453404,-0.0038562777796963266,0.007391055539649027,0.039741357315575154,-0.031142593141933572
QCOM,2012-04-18,2012-04-19,5.59,-0.05968417906572798,-0.006625745575719599,0.003861726736680726,-0.036506050318360184,-0.11580571497957293
QCOM,2012-02-01,2012-02-02,7.67,0.022115430396450142,-0.008584609988341985,-0.0002746067566681276,-0.0033655545249540175,-0.004147042432951054
QCOM,2011-11-02,2011-11-03,2.71,0.08423105868349512,0.013049303116093314,-0.0007527743179291946,-0.016781101553286604,0.009679336561332796
QCOM,2011-07-20,2011-07-21,2.82,-0.013961888618022833,0.008462949996576041,-0.0024969026247079196,-0.009324316893500995,0.05383240749496643
QCOM,2011-04-20,2011-04-21,6.98,0.04708314564809868,-0.0010617820845910675,-0.017174421687319974,0.008997854681443762,0.007467531482969192
QCOM,2011-01-26,2011-01-27,14.09,0.05925754189548971,-0.003666740487993647,-0.0046205559040912725,0.0605629758036077,0.0058144674202731395
QCOM,2010-11-03,2010-11-04,16.55,0.04187342006459116,-0.003969130414978039,-0.003617453668976034,0.008793934350580956,0.06897665585899859
QCOM,2010-07-21,2010-07-22,6.75,0.055183341555447685,-0.009445252264891568,-0.016019994913653912,-0.011134042719248782,0.06994559750111828
QCOM,2010-04-21,2010-04-22,5.23,-0.09263430779207593,-0.03398794593521115,-0.007576974261214842,0.01629379002922693,0.049159853876498905
QCOM,2010-01-27,2010-01-28,10.88,-0.12993316948678946,-0.020998230351229052,-0.037446424810824275,-0.10984590840189601,-0.17669080455561537
QCOM,2009-11-04,2009-11-05,23.49,0.017584613361922852,-0.0014800945717043934,0.0024025218217278432,-0.005161838040772304,-0.12624046121095966
QCOM,2009-07-22,2009-07-23,4.95,-0.03395671868694905,-0.005150308299070816,-0.028907316035008068,-0.040637810347441516,-0.2318552004067127
QCOM,2009-04-27,2009-04-28,7.96,0.033854572222557944,-0.0013823476272505353,-0.02883786406321609,-0.03945579719695358,-0.02115148973402725
QCOM,2009-01-28,2009-01-29,-34.32,-0.014270386602860174,0.003832337095187821,-0.002798614541397959,0.081649760065577,0.21206704553999667
QCOM,2008-11-06,2008-11-07,5.35,0.038155871721633816,0.003289805329262263,0.0008594862273467729,-0.02926024082324752,0.07898731388844704
QCOM,2008-07-23,2008-07-24,0.22,0.20434254914374428,0.038765922551290855,0.044984261724022145,0.025240395000484916,0.013478661469491504
QCOM,2008-04-23,2008-04-24,3.65,0.035993763351694685,-0.00740087350784302,0.007560612104608566,0.054185990397764394,0.13671546049316852
QCOM,2008-01-23,2008-01-24,-1.14,0.06156737900165732,0.004299243611639025,0.032108726596760784,0.07105709492739831,0.026630071923692933
QCOM,2007-11-08,2007-11-09,1.89,-0.056290708514459165,-0.011338408129526467,0.08108567980887837,0.020813994245557188,0.1507147514377215
QCOM,2007-07-25,2007-07-26,7.0,-0.0015343973372966557,0.009916112139815692,0.0018868376715269752,-0.0901516102369262,-0.05445277286242156
QCOM,2007-04-25,2007-04-26,3.31,0.010861067253690182,-0.013988036621215505,-0.02719453815981665,-0.04717014822743115,-0.08660046540607302
QCOM,2007-01-24,2007-01-25,1.58,0.004568566961730358,-0.016120244271786155,-0.03617346279167721,0.11489876265334886,0.08241399125030102
QCOM,2006-11-02,2006-11-03,1.94,0.023048697595061785,-0.02032739023265362,-0.04617695250049336,-0.006546008962928784,-0.04346127266915145
QCOM,2006-07-19,2006-07-20,1.47,-0.04838136255634318,-0.032280560358411536,-0.05215943860176109,-0.003999388843378027,0.015521039901779998
QCOM,2006-04-19,2006-04-20,3.21,-0.0069415553016825005,-0.008832068937869475,0.004427406459512229,-0.06838266717591124,-0.23763409170988936
QCOM,2006-01-25,2006-01-26,2.24,-0.018258949287936588,0.0016826411872099545,-0.009440221702073592,-0.020713824695679506,0.07120681297858633
QCOM,2005-11-02,2005-11-03,-2.14,0.09993909666303158,0.019027694856279864,0.028504915201285286,-0.010652068033326856,0.035376488736714284
QCOM,2005-07-20,2005-07-21,10.4,0.09210378272759223,0.0007523353390888055,0.004664079148585021,0.027902504748905654,0.10614496051848932
QCOM,2005-04-20,2005-04-21,6.62,0.05303282895010808,-0.01896697621240695,0.01934799743231619,0.02646581039104845,-0.0446341091750011
QCOM,2005-01-19,2005-01-20,4.48,-0.09707083840088548,0.006655920929265369,-0.04281412862684009,-0.08755540412870744,-0.11577544102731763
AMD,2026-02-03,2026-02-04,15.98,-0.17385334081259163,-0.02592423483484163,0.058477699617618395,0.003415193027824115,0.7479015983587003
AMD,2025-11-04,2025-11-05,2.48,-0.004357232531163047,-0.0619503482204411,0.001427395614403748,-0.16746469435738465,-0.07611861782269169
AMD,2025-08-05,2025-08-06,-0.55,-0.07982210595949912,0.05772826331421488,0.1114409541364465,-0.0339760089940655,0.48495247168427347
AMD,2025-05-06,2025-05-07,2.83,0.0019015923791920741,0.006384133898185151,0.1258599597835861,0.09590271737687317,0.6333542290447216
AMD,2025-02-04,2025-02-05,0.36,-0.030567767216018393,-0.019991894973777846,-0.0011657479287681127,-0.06533969084939928,-0.058760496286279995
AMD,2024-10-29,2024-10-30,0.46,-0.0693737256389444,-0.010881213800097322,-0.04256977300174791,-0.11562402652072723,-0.25137373790653705
AMD,2024-07-30,2024-07-31,1.26,0.02274030077721112,-0.06848045732258623,-0.05105837730955043,-0.0005860276234082029,0.007174971587723622
AMD,2024-04-30,2024-05-01,2.04,-0.0804011583024804,0.0037469185867788912,0.03115256043201131,0.1113301744594406,-0.12360046339074315
AMD,2024-01-30,2024-01-31,-0.01,-0.039942549711307174,0.003549623023120674,-0.012138317111088703,0.09594355749837757,-0.11719335680033316
AMD,2023-10-31,2023-11-01,3.59,0.10629847467578157,-0.02110798264924485,0.016850361166842687,0.041608782022616086,0.4264192218458731
AMD,2023-08-01,2023-08-02,1.05,-0.027410876560264974,0.037616839436644955,0.019972841289566445,-0.027194895994344104,-0.06313863522551522
AMD,2023-05-02,2023-05-03,6.5,-0.07195054758040054,0.06821995372778156,0.17684160823373363,0.4299125558079795,0.2754702741467123
AMD,2023-01-31,2023-02-01,2.51,0.14276685551281498,0.028803188246379507,0.0009558496277543016,-0.01800064202724727,0.039531797497084575
AMD,2022-11-01,2022-11-02,-4.83,0.00555286965302737,0.03553963925300718,0.0239762816764979,0.23478419209873924,0.19246494580442142
AMD,2022-08-02,2022-08-03,1.37,0.004577047100517095,0.06000915407683416,-0.003579937276549039,-0.08827889455928462,-0.3231852134382276
AMD,2022-05-03,2022-05-04,22.23,0.07145771917540067,-0.020281081745358143,-0.031044105190596638,0.11943374382476302,0.011938253950551259
AMD,2022-02-01,2022-02-02,21.38,0.05794903536060181,0.0016739399024576773,0.08177742612188599,-0.04049750062384261,-0.20699650348781162
AMD,2021-10-26,2021-10-27,10.04,0.002880309512477308,-0.018808008583291014,0.043720528704088046,0.25633545430125104,-0.019366032453910664
AMD,2021-07-27,2021-07-28,16.95,0.07150908680578605,0.04711377345593237,0.21246297783704904,0.08292165973862509,0.18157695525724926
AMD,2021-04-27,2021-04-28,18.31,-0.015771777240975227,-0.007681797657071332,-0.0697198404864362,-0.07160394689815552,0.03931359456960304
AMD,2021-01-26,2021-01-27,9.46,-0.030235764685758948,-0.023458084217399477,-0.03056435662399204,-0.09341769243838871,-0.1851408042909416
AMD,2020-10-27,2020-10-28,15.49,-0.033390226862745176,0.01104065914983221,0.01311577121598062,0.02474120167821603,0.0597602460751514
AMD,2020-07-28,2020-07-29,8.78,0.09735501053033135,0.031298164740221734,0.09967265047725937,0.06145211710920817,-0.020425869045070044
AMD,2020-04-28,2020-04-29,-2.32,-0.07155708058710863,-0.014356805934098937,0.0026041846236065647,-0.06906771339321471,0.19414333102800474
AMD,2020-01-28,2020-01-29,4.6,-0.04517037623330156,0.023485943813356114,0.02993762451302473,0.015456190504886558,0.31103490924453325
AMD,2019-10-29,2019-10-30,-2.29,-0.01939216974643221,0.026810714470422936,0.07478334980188928,0.1522709700052769,0.4451184913435531
AMD,2019-07-30,2019-07-31,2.3,-0.07713372595959633,-0.010667928646043268,-0.009573476285841154,0.03955000156899213,0.027159164282406056
AMD,2019-04-30,2019-05-01,5.54,-0.024770673562350964,0.05736205487035628,0.025110993417775784,0.08930092620540409,0.2289416556631898
AMD,2019-01-29,2019-01-30,-5.44,0.12971942561651617,0.048384779630336716,-0.011921377258540922,-0.022427181216602587,0.10608727305011012
AMD,2018-10-24,2018-10-25,4.57,-0.21906317601256575,-0.0675192753212811,0.036599282504919506,0.030996975209629962,0.10047209551430858
AMD,2018-07-25,2018-07-26,10.31,0.1272729655844309,0.038928461521787416,0.027330671401571194,0.20606713376605024,0.30998223516790546
AMD,2018-04-25,2018-04-26,25.67,0.0814899543410097,0.005401808718329404,0.0038922997189352326,0.1903037588777079,0.4521758736062531
AMD,2018-01-30,2018-01-31,62.73,0.041296740371733254,-0.03452688206323362,-0.1052707987855227,-0.08354284173924664,-0.14078240220325222
AMD,2017-10-24,2017-10-25,32.56,-0.12233014196618208,-0.027245393476381885,-0.13270495938726223,-0.09536813948667255,-0.06587873126504684
AMD,2017-07-25,2017-07-26,7900.0,0.039901830293192386,-0.04243101265714677,-0.09421419187927704,-0.14287252519535198,-0.09379592565528216
AMD,2017-05-01,2017-05-02,2.46,-0.2269585163059522,0.007997790649120873,-0.01637163084888804,0.07311998421819954,0.3278625484991129
AMD,2017-01-31,2017-02-01,39.28,0.13635602323669382,0.01758319418815102,0.11726106881139087,0.10578177459459326,0.052315167408120145
AMD,2016-10-20,2016-10-21,855.41,-0.035527578396819304,0.07090049858430891,0.11102411672656631,0.3147660277438593,0.43649076758778027
AMD,2016-07-21,2016-07-22,41.55,0.07879200851843993,0.14997590305280506,0.17520991661584362,0.2988099511020168,0.15955633944979764
AMD,2016-04-21,2016-04-22,5.19,0.48315629535304205,-0.13361584400080895,-0.09764248698570033,-0.01342228025147163,0.3159592339342743
AMD,2016-01-19,2016-01-20,1.27,-0.10179974849267703,0.1555087339514034,0.16997472628707255,0.026421723367045846,0.37502478037198683
AMD,2015-10-15,2015-10-16,-45.26,-0.025099314038574128,0.03559042658217937,0.1183162745648052,0.029364510047840797,0.22530377193231643
AMD,2015-07-16,2015-07-17,-3.11,-0.09561385106204778,0.005069095357312703,-0.04595477236955148,0.042334221101561154,0.09134383881430419
AMD,2015-04-16,2015-04-17,-44.14,-0.03265897318082778,-0.04402068374719925,-0.1263199216355826,-0.12236712001655292,-0.22348269521302555
AMD,2015-01-20,2015-01-21,-100.0,0.0179135282663756,-0.006707964114500253,0.08794658215561912,0.21500276091070392,0.024509621056918895
AMD,2014-10-16,2014-10-17,-27.95,0.03120253638565207,-0.02809212944383621,-0.056940284787189044,-0.12411481338923824,-0.10470972552444002
AMD,2014-07-17,2014-07-18,-28.95,-0.1768487425255304,-0.011182994809554203,-0.018327337705716595,0.08839446053314659,-0.2369297202265087
AMD,2014-04-17,2014-04-21,271.75,0.0908560697980596,0.0391447973666843,-0.037979570207603675,-0.01637088590440683,0.06761280368034273
AMD,2014-01-21,2014-01-22,5.93,-0.12560325516586723,-0.0054307721797410835,-0.0140609518223197,0.006534648961212253,-0.01035403254827405
AMD,2013-10-17,2013-10-18,80.75,-0.15040204266630575,-0.04538313626977686,-0.06276966879681833,-0.040954771509962073,0.20164916608569872
AMD,2013-07-18,2013-07-19,27.54,-0.0871729544007509,-0.0342085033006998,-0.05175437104194014,-0.0720678486999472,-0.030276502971812613
AMD,2013-04-18,2013-04-19,25.07,0.02678139930986556,-0.008487021209667267,0.0510738949840992,0.5740662534109595,0.7103830958018502
AMD,2013-01-22,2013-01-23,32.92,0.1027447503903971,0.021710120062226057,-0.033990403741943065,-0.05464850013846778,-0.14077261779543482
AMD,2012-10-18,2012-10-19,-26.27,-0.19377589450766797,-0.03683699345549418,-0.03623208493343211,-0.10832423639165312,0.08665168628904074
AMD,2012-07-19,2012-07-20,-14.38,-0.1304628658220074,-0.006475108698485776,-0.04699924085472562,-0.07027676273763406,-0.4097401201481623
AMD,2012-04-19,2012-04-20,28.63,-0.021587176079768122,-0.0392714000998049,-0.07310009164009124,-0.16600113657980042,-0.36601828992461616
AMD,2012-01-24,2012-01-25,17.86,0.024990115989992567,0.011073662313797472,0.025939208741221687,0.05250642153735652,0.1078248398794972
AMD,2011-10-27,2011-10-28,47.16,0.1301119222383822,0.005587501362087188,-0.021193271266137015,-0.03861490149712321,0.10772153868747192
AMD,2011-07-21,2011-07-22,12.78,0.15969282061059964,-0.009910976378507241,-0.013892973548016885,-0.0653613531618592,-0.29541302854226603
AMD,2011-04-21,2011-04-25,58.57,0.004053908131835815,0.01208462402500321,0.01862551982364491,-0.01231492377241783,-0.23889228600258405
AMD,2011-01-20,2011-01-21,33.33,-0.050115534042216026,0.012880696136439163,-0.001567975199789795,0.16952001732886357,0.06605461105154142
AMD,2010-10-14,2010-10-15,93.97,-0.011984639214100867,-0.027399813396445594,-0.03782600944278636,0.050388598066995804,0.08579510669265189
AMD,2010-07-15,2010-07-16,79.59,0.0178598999732017,0.003591596096393479,0.025899999487231984,-0.1348727488224638,-0.11715627038632603
AMD,2010-04-15,2010-04-16,181.25,0.00701098347754936,-0.027215535767664445,-0.02562296321366586,-0.057128565151938315,-0.15653986402667863
AMD,2010-01-21,2010-01-22,-58.42,-0.07051975933263188,0.01898424686807676,-0.03663410613481466,-0.015317457840051674,0.12843119161663807
AMD,2009-10-15,2009-10-16,60.26,-0.07775739138277504,0.014382505872351237,-0.01695156043585211,0.1309262363009771,0.5357877112964666
AMD,2009-07-21,2009-07-22,-20.73,-0.153095937679257,-0.010814816653202053,0.023092763828286067,-0.05460438280965019,0.5899986101917309
AMD,2009-04-21,2009-04-22,1.65,-0.007261979661107754,0.05024199699248921,0.020341935468285888,0.2807342583928134,0.08147381022334255
AMD,2009-01-22,2009-01-23,-22.33,-0.06881642462480086,-0.03584398928833166,0.06133976422034737,0.0776382804101452,0.5924002833656812
AMD,2008-10-16,2008-10-17,53.28,0.041290079642275934,-0.08383233594211503,-0.21409028435821353,-0.3521027119987158,-0.4018191339924657
AMD,2008-07-17,2008-07-18,-15.92,-0.09732349838837151,-0.013458913074246182,-0.058396549911253315,0.17964393500262044,0.0962271959567147
AMD,2008-04-17,2008-04-18,-7.67,-0.005321343159321312,0.0044047198317023195,-0.016271244140571794,0.15803100356306832,-0.1055660715395812
AMD,2008-01-17,2008-01-18,47.73,0.11202120958907369,-0.02379979223980111,0.031082316978064295,-0.10682297976221444,-0.18284432608851975
AMD,2007-10-18,2007-10-19,19.95,0.00772159860715127,-0.009436023767624202,-0.09233361128300754,-0.05813430263917385,-0.44398375498185105
AMD,2007-07-19,2007-07-20,-16.38,0.008866659497590135,-0.012094451561342368,-0.05050310742833897,-0.17563950696838648,-0.11269220233105581
AMD,2007-04-19,2007-04-20,-108.74,0.008805316828993437,-0.004706377933830774,0.0051771751840556934,0.07407482211411454,0.07291014782270988
AMD,2007-01-23,2007-01-24,-132.97,-0.09659428318227903,0.012987612590483089,-0.028554625855973015,-0.10628884307776965,-0.153193709117188
AMD,2006-10-18,2006-10-19,-1.85,-0.14468061247657393,-0.04257980997972466,0.008922620996251851,0.008650465594332468,-0.1947606380668172
AMD,2006-07-20,2006-07-21,-10.0,-0.13527082526733836,-0.06587883392448046,0.013488741607233345,0.2561380729984546,0.2810744589229288
AMD,2006-04-12,2006-04-13,42.37,-0.07478000625970072,-0.0373469179822975,-0.021158014828543292,-0.00852008234368029,-0.27163338489895816
AMD,2006-01-18,2006-01-19,73.27,0.13010064376992492,-0.020276181306890795,0.09574244797239517,0.11753393198501239,-0.1825834297019614
AMD,2005-10-11,2005-10-12,119.24,-0.08202754952140856,0.030595800692286956,-0.003214168302233089,0.12600176699557908,0.48160922637898484
AMD,2005-07-13,2005-07-14,156.13,0.02101291447622944,0.00710840808493074,0.02619324497063369,0.03334033658050117,0.22994948481857513
AMD,2005-04-13,2005-04-14,-314.48,-0.03161298597748452,-0.035822138895032496,-0.08017920114638633,-0.060595661018100655,0.1115804741004871
AMD,2005-01-18,2005-01-19,-32.8,0.022596420223848557,0.015122802236981925,0.039341857394660895,0.10051439851487509,0.027408987685374253
NVDA,2026-02-25,2026-02-26,5.32,-0.04411266491702959,-0.03684440579434989,0.003207926164886299,-0.012195857652577136,0.08001211443862544
NVDA,2025-11-19,2025-11-20,3.46,0.00746800620025978,-0.019704331365040018,-0.06744333311732364,-0.04409036823532819,-0.011814303725639519
NVDA,2025-08-27,2025-08-28,4.1,-0.014630347406634492,-0.027282689011222216,-0.07039766169620465,-0.03364066914346886,-0.025499362266384717
NVDA,2025-05-28,2025-05-29,8.02,0.029093387964540418,-0.028050378458025493,0.0006632930359540268,0.08820872922434941,0.19986218867383676
NVDA,2025-02-26,2025-02-27,5.25,-0.03570732142795918,0.024094772487915694,-0.058641494311814535,-0.04469118350598544,0.09999306005892361
NVDA,2024-11-20,2024-11-21,8.52,-0.008021510104700313,-0.03528065172814998,-0.07236563764699666,-0.08065521286282384,-0.09735227965644688
NVDA,2024-08-28,2024-08-29,5.66,-0.07776015624672272,0.005591448382287867,-0.09330083305165848,0.005851926934116403,0.13743893817005604
NVDA,2024-05-22,2024-05-23,9.74,0.09836246934145076,0.0191059577140833,0.053523958076657774,0.10273284225625257,0.1603524537784935
NVDA,2024-02-21,2024-02-22,11.4,0.10920396307407154,0.00286290194738803,0.0061657781068551465,0.1321052710738051,0.13106891264043696
NVDA,2023-11-21,2023-11-22,18.73,-0.0352583169705597,-0.019910798433452226,-0.042978354901088256,-0.037354745032790015,0.2879776830833667
NVDA,2023-08-23,2023-08-24,29.35,0.03561209556763345,-0.03132719163565867,0.015668331769123522,-0.10633371432505678,0.00989916442022154
NVDA,2023-05-24,2023-05-25,18.8,0.23626487112522376,0.012483663162031311,0.0034630582596375525,0.025579984190297944,0.14194717992695294
NVDA,2023-02-22,2023-02-23,9.45,0.14174516010384242,-0.00529089506400926,-0.0076769704822877705,0.16418908572447433,0.272574025677244
NVDA,2022-11-16,2022-11-17,-17.32,-0.048677015010967994,-0.02163530272472569,0.0173056737742876,0.08065801519853999,0.39754182861315535
NVDA,2022-08-24,2022-08-25,-1.49,0.02524125538763844,-0.05843034093558952,-0.16692141337035893,-0.18177980816743566,-0.08743891726252284
NVDA,2022-05-25,2022-05-26,4.86,0.07605861832498295,0.029229619115157757,0.03577690743736883,-0.017700404217500076,-0.05909347503630136
NVDA,2022-02-16,2022-02-17,7.97,-0.05476812089103633,-0.028821082374433704,-0.015860511230682106,0.05936145026319517,-0.2136840488669539
NVDA,2021-11-17,2021-11-18,5.81,0.04777759994622155,0.043145995136680715,0.017476647974753345,-0.10464577395476615,-0.11646467872939525
NVDA,2021-08-18,2021-08-19,2.26,0.026887106944692762,0.04346212876918143,0.10010763906345033,0.09965095314232553,0.46955555165300633
NVDA,2021-05-26,2021-05-27,11.44,-0.012719583939474144,0.04705579107079805,0.12706518427810654,0.20825279852073475,0.3478700318904804
NVDA,2021-02-24,2021-02-25,10.37,-0.04566668034539645,0.035736774950840045,-0.055704873434776925,-0.08032136650706478,0.03810523518163489
NVDA,2020-11-18,2020-11-19,14.21,0.009216679144385176,-0.01937962073395183,-0.029781163010950018,-0.04848878529085887,0.006930501662312238
NVDA,2020-08-19,2020-08-20,10.66,-0.008703528604067534,0.04113613556296625,0.010423587460699713,0.022916838402415096,0.03271451276524906
NVDA,2020-05-21,2020-05-22,6.86,0.011289063110447972,-0.046498520046702185,-0.058593562456635384,-7.634678105961079e-05,0.20769648413408848
NVDA,2020-02-13,2020-02-14,12.88,0.0627603437434936,0.02597283310681242,-0.012008098784023646,-0.03231885753076624,0.22349661200669735
NVDA,2019-11-14,2019-11-15,13.17,-0.02970226295330236,0.038881855094246465,0.035473723264063506,0.07873458459773719,0.24073220253714855
NVDA,2019-08-15,2019-08-16,8.24,0.04580163046951102,0.05827017700624859,0.031897547669565096,0.09138150331786021,0.23356480318353467
NVDA,2019-05-16,2019-05-17,8.75,-0.021848605484460215,-0.023925371277685348,-0.061996749345603064,-0.08476029724175649,-0.030381433374618183
NVDA,2019-02-14,2019-02-15,6.5,0.02051833270997938,-0.00617950462575334,0.0008287927058929778,0.052530433429698986,0.004692598582987317
NVDA,2018-11-15,2018-11-16,-4.09,-0.17919872147105864,-0.10307533499248489,-0.04644870828383796,-0.037340396723155034,-0.06137595218920078
NVDA,2018-08-16,2018-08-17,5.09,-0.06668144626292583,0.010195839416319075,0.10332423392319501,0.1045017216892623,-0.18588827819162923
NVDA,2018-05-10,2018-05-11,23.49,-0.017317613768933593,0.0027845838561799674,-0.028177382784323024,0.0036321652376378744,-0.04122347442524266
NVDA,2018-02-08,2018-02-09,29.95,0.037386662046643315,-0.032135184707914766,0.006274544597437481,0.011763187378512452,0.054794334520521515
NVDA,2017-11-09,2017-11-10,23.84,0.037308283328336356,-0.017169461921182738,-0.021224276806790954,-0.1306038037443391,0.0037636286308460054
NVDA,2017-08-10,2017-08-11,23.84,-0.08117613402830803,0.06985103329918063,0.04129785317095702,0.06371443000376598,0.27970869878039895
NVDA,2017-05-09,2017-05-10,4.53,0.17933202860304687,0.04499766306644126,0.06989753820124456,0.30374582287193297,0.3435851643842984
NVDA,2017-02-09,2017-02-10,15.49,-0.05197296650637728,-0.05156134625029829,-0.07170373304460442,-0.12967231436485882,-0.1316071432821605
NVDA,2016-11-10,2016-11-11,37.75,0.25724808284714706,-0.05000746898655761,0.05165952151606179,-0.025481015252045935,0.25313047337090766
NVDA,2016-08-11,2016-08-12,10.97,0.07365469940776248,-0.0038351927532590535,-0.01273906333270447,-0.02484590240379181,0.15201332101394116
NVDA,2016-05-12,2016-05-13,12.97,0.1448661519308737,0.019660930970412993,0.07818112541109223,0.12671994801747744,0.36969236949401063
NVDA,2016-02-17,2016-02-18,19.38,0.10083245442026478,0.01378422607519536,0.04362465631846235,0.03124219848360177,0.297695839745757
NVDA,2015-11-05,2015-11-06,30.68,0.12710081560290787,0.0048941400420557946,-0.01975990480378964,0.06147663212789045,-0.02010464320920491
NVDA,2015-08-06,2015-08-07,66.67,0.1267102793400271,0.02221346735147467,0.01729963403655521,0.02432098674841554,0.2371731038786402
NVDA,2015-02-11,2015-02-12,18.52,0.0542358176923774,-0.0036677763820436304,-0.009310444846192478,0.03664705512001554,-0.08391481835959247
NVDA,2014-11-06,2014-11-07,10.05,-0.02183244469159229,0.00847430432773466,-0.004426468706189901,0.03940223613333216,0.02048697095265406
NVDA,2014-08-07,2014-08-08,21.16,0.07100556659916357,-0.008160779418139419,-0.010728249334815088,0.008150574014060386,0.0013931713471677654
NVDA,2014-05-08,2014-05-09,27.87,-0.012468066367031239,0.019627513747851433,-0.005464793495240872,0.019722117806810102,-0.043541804742242896
NVDA,2014-02-12,2014-02-13,32.45,0.06264810950974775,0.026162977395491893,0.06892362791628592,0.02211610784114404,0.033484724935515464
NVDA,2013-11-07,2013-11-08,1.25,0.043617963284364514,0.008185631172699548,0.023635208971739097,-0.04038217077692896,0.00407900510605308
NVDA,2013-08-08,2013-08-09,22.34,-0.008302289932166973,-0.0071000783753474295,0.0688638136270191,0.059355660554908485,-0.021574670928139694
NVDA,2013-05-09,2013-05-10,15.98,0.04561430748149098,-0.02142780183055193,0.001094162285855127,-0.010338597847946773,-0.03425297149169326
NVDA,2013-02-13,2013-02-14,17.61,0.02235939252861807,0.0011821292886962098,-0.013869930696300603,-0.028774320957764443,0.04683213148650167
NVDA,2012-11-08,2012-11-09,9.18,-0.02214202290456535,-0.02294551482442697,-0.05349214758705356,-0.010708449532006226,-0.08568745105647446
NVDA,2012-08-09,2012-08-10,23.18,0.0249155108620549,0.013492709167014949,-0.007462758311537421,-0.11061274779283226,-0.13482590432338104
NVDA,2012-05-11,2012-05-14,4.17,0.07120810041186398,-0.004159823652670758,-0.04801930828069367,-0.038347382361266225,0.030776266646995065
NVDA,2012-02-15,2012-02-16,9.61,0.006569618782732878,-0.039120436310862705,-0.04658973672869582,-0.1482199647335003,-0.19188370201725646
NVDA,2011-11-10,2011-11-11,11.04,0.01767107404340318,-0.009884725871659783,-0.033144255146470236,-0.010697298380922371,0.012651962593110078
NVDA,2011-08-11,2011-08-12,12.04,-0.008158351192699698,0.016878635002621323,-0.042892855182911416,0.11553653014249576,0.06996679893188018
NVDA,2011-05-12,2011-05-13,37.47,-0.0780513478198126,-0.024326633586076007,-0.006101909145549977,-0.021704212158403124,-0.17269507636990433
NVDA,2011-02-16,2011-02-17,5.7,0.12947966954010526,-0.004033094792271985,-0.08538687290555202,-0.2696546619214172,-0.3071617136861815
NVDA,2010-11-11,2010-11-12,3.02,0.05637703564111862,-0.010651894878786483,0.036204456786872674,0.06252070179277291,0.6502077235032846
NVDA,2010-08-12,2010-08-13,-70.7,0.06649005812573205,-0.025097383929809758,0.06896948441025197,0.0924042411919117,0.2112680115118959
NVDA,2010-05-13,2010-05-14,3.98,-0.08685561052320723,0.0017883547470438632,0.024223566693009402,-0.08499828409062771,-0.27847295144620465
NVDA,2010-02-17,2010-02-18,30.26,-0.06725522091550495,-0.007471923057744911,-0.0140321285378604,-0.007878898737782025,-0.25365273803834665
NVDA,2009-11-05,2009-11-06,89.24,0.07743394496713019,2.0128055005397272e-05,0.007151988858964176,0.188013921417423,0.20929832414617
NVDA,2009-08-06,2009-08-07,537.5,0.015266228643895818,-0.03074757857060595,-0.017100720271112646,0.09361774434448411,-0.1553610883668871
NVDA,2009-05-07,2009-05-08,7.41,-0.20894325275706982,0.0381728310205377,-0.009211706967828803,0.15163324053528404,0.35625909052279425
NVDA,2009-02-10,2009-02-11,-89.08,-0.12306065214115602,0.020141337527072922,-0.024737403993304485,0.3054793924254161,0.01480827491235881
NVDA,2008-11-06,2008-11-07,73.61,0.0489000236572833,-0.05111568357322016,-0.100616977422198,-0.15301546661352372,0.1650567882963393
NVDA,2008-08-12,2008-08-13,-3.85,0.10809140110980586,0.05281431727545627,0.15614991292575053,-0.1360689462539285,-0.08925403379636743
NVDA,2008-05-08,2008-05-09,-9.42,0.028069665878047267,-0.03963819671480928,0.056373469126838716,0.0679015424030126,-0.4320692310759843
NVDA,2008-02-13,2008-02-14,3.56,-0.1317178966557483,-0.014816504098911998,-0.016156195100638704,-0.14860577534479524,-0.07612556319762931
NVDA,2007-11-08,2007-11-09,15.01,-0.05717227833284999,-0.08989894674034604,-0.031757089421254436,-0.021138096963674746,-0.19175085171549322
NVDA,2007-08-09,2007-08-10,20.1,-0.0009224541382754081,-0.01450440669929276,0.02477737279253822,0.14711726174973405,0.21096408996602567
NVDA,2007-05-10,2007-05-11,1.85,0.05282227703298137,-0.0077734800983721986,-0.015081240711496191,0.04090824228151324,0.2564420796191519
NVDA,2007-02-13,2007-02-14,1.39,-0.009663615894865973,0.004655563087859527,-0.02622753059625682,-0.1047778837158071,0.007226852139712303
NVDA,2006-11-09,2006-11-10,5.08,0.00019874179800172254,0.04283669251813649,0.038817081798660835,0.023973218946673036,-0.09900749510935936
NVDA,2006-05-11,2006-05-12,-19.37,-0.08309164514815603,0.012422044116318753,-0.059400088699927966,-0.193331005659083,-0.06577546156488179
NVDA,2006-02-16,2006-02-17,8.33,0.05059992409699676,-0.018790806440890595,-0.004201921604392478,0.0031441976772381697,0.08797689263251307
NVDA,2005-08-11,2005-08-12,21.71,0.07720440811714568,0.019202642052368546,-0.020247115496755286,0.060635894371763976,0.13473689493549668
NVDA,2005-05-12,2005-05-13,32.74,0.14883923157477252,-0.005779241765668575,0.008916360066119289,0.08709882533504221,0.04588199862839781
NVDA,2005-02-17,2005-02-18,21.62,0.10505443950368631,0.02760224119765231,0.023474940344353046,-0.10050255699314847,-0.07140228920892555
ADBE,2026-03-12,2026-03-13,3.18,-0.06834970264191387,1.0818334305051636e-05,0.013348708240159435,-0.07572071062015251,-0.16180518607165728
ADBE,2025-12-10,2025-12-11,1.9,0.008770372852531017,0.027873897694975613,0.033780628509244126,-0.07667803989959321,-0.20319984754456466
ADBE,2025-09-11,2025-09-12,2.48,-0.010257505932214417,-0.011792781633320093,0.034976857334857,-0.029995308521284736,-0.07207757776985946
ADBE,2025-06-12,2025-06-13,1.71,-0.04400461784243126,0.016144508366325416,-0.03776214960882196,-0.11540172044683594,-0.20171364995748475
ADBE,2025-03-12,2025-03-13,2.17,-0.12062379207964558,0.024072460289140674,0.005634874167141035,-0.027737060920211665,0.010892521647934972
ADBE,2024-12-11,2024-12-12,3.01,-0.1349210190601393,-0.018637111453873367,-0.04829535620840053,-0.09706612925744595,-0.11944684729293797
ADBE,2024-09-12,2024-09-13,2.49,-0.08865815185367165,-0.030105600263963028,-0.041343200934873314,-0.11163264264825212,-0.05862320545406163
ADBE,2024-06-13,2024-06-14,1.92,0.13967797170095042,-0.020465510955880672,-0.0053222715863388,0.034450332761032154,0.08009305967044233
ADBE,2024-03-14,2024-03-15,2.23,-0.1325527199000457,0.0375120773017934,-0.007985058021983793,-0.03485220558480273,-0.11364571780311228
ADBE,2023-12-13,2023-12-14,3.17,-0.09440379043156544,0.0017149093043463681,0.020989773139432177,0.012038576236260923,-0.11653455401949775
ADBE,2023-09-14,2023-09-15,3.06,-0.04103639646349433,0.006088006034764559,-0.001024929490155424,0.0643415592880412,0.14010193578128494
ADBE,2023-06-15,2023-06-16,3.22,0.02368701492745151,-0.013633376850698764,-0.01339546380012191,0.04130270883144904,0.10185411374076336
ADBE,2023-03-15,2023-03-16,3.25,0.048699757721647696,0.025420717645229907,0.04810156272581079,0.028598200277591745,0.24412724799978092
ADBE,2022-12-15,2022-12-16,2.72,0.03191916549966023,-0.020408988673786266,0.000673565158766487,-0.013264778775732067,0.0100684158279718
ADBE,2022-09-15,2022-09-16,1.66,-0.1749566791893652,-0.019240759837623855,-0.004209527863525575,0.03384234343441339,0.09438626894584168
ADBE,2022-06-16,2022-06-17,1.31,-0.011782618951278856,-0.01907582516195383,-0.005917692774398908,0.002760508301546505,-0.048814295380643635
ADBE,2022-03-22,2022-03-23,0.78,-0.0663325225282797,0.006774837447133697,0.05429583970072649,0.00011732934320329846,0.0251917424161322
ADBE,2021-12-16,2021-12-17,0.04,-0.09753938037125132,-0.0017087164199776073,-1.6994572364703586e-05,-0.07043831997737293,-0.1525710577613122
ADBE,2021-09-21,2021-09-22,3.11,-0.032518712097803326,-0.004547111071608212,-0.06948653571858876,-0.023183301413270296,-0.1611132610097673
ADBE,2021-06-17,2021-06-18,7.55,0.05478704018895619,-0.01120404584418,-0.0032973872204473675,0.04024198033543036,0.06992434293566174
ADBE,2021-03-23,2021-03-24,12.68,0.010925038643462504,-0.006777511256555013,0.030110385343036672,0.059673173668060686,0.17845411988421933
ADBE,2020-12-10,2020-12-11,5.66,-0.01468697003571906,0.0265607298232321,0.044658518184316875,-0.04740243423642454,-0.13113356656075636
ADBE,2020-09-15,2020-09-16,6.56,-0.021458514330473855,0.005223969440350196,0.032156713935677206,0.03267887616115095,-0.0848792063539241
ADBE,2020-06-11,2020-06-12,5.68,0.04567545179175547,-0.022126465984931176,0.033784373281407376,0.04888261417252471,0.03658992035050357
ADBE,2020-03-12,2020-03-13,1.96,0.08267229306542756,-0.038027850508753125,0.025755550124323623,-0.07382170115597475,-0.014329839371877595
ADBE,2019-12-12,2019-12-13,1.43,0.03752704330143608,0.01156118804873274,0.014698631089501646,0.04695001112191277,0.11065938944086484
ADBE,2019-09-17,2019-09-18,3.86,-0.014477450141287984,0.005571654032841766,-0.0011939960105286085,-0.020705868630057744,0.03570582478693041
ADBE,2019-06-18,2019-06-19,2.58,0.04388822937804915,0.027875488356702505,-0.004534029465101952,0.040150085860457096,-0.07655847629428558
ADBE,2019-03-14,2019-03-15,5.79,-0.03187143597186615,-0.0010196219026747944,0.017436280800170012,0.02599045096263941,0.04653395122599613
ADBE,2018-12-13,2018-12-14,-0.27,-0.044529621273858844,-0.017859760816194226,-0.02166904671315495,0.048362884616778956,0.07813243592893948
ADBE,2018-09-13,2018-09-14,2.32,0.019679084458038343,-0.018150407359192156,-0.058635168970227136,-0.0469647605196678,-0.01899645006048012
ADBE,2018-06-14,2018-06-15,7.63,-0.018066086720561536,0.017424414759226625,-0.023899479699569404,0.0033826205607843107,0.01726872670636359
ADBE,2018-03-15,2018-03-16,7.78,0.03255561525523576,-0.0014111091420391242,0.01221300615869747,0.029355064069626846,0.10267121245045097
ADBE,2017-12-14,2017-12-15,8.92,-0.00036182387496230817,-0.010678880420704195,-0.01789206998601167,0.05776992397191605,0.20114491691499548
ADBE,2017-09-19,2017-09-20,9.2,-0.038659936164384345,-0.0017220476443918775,-0.023499811734678633,-0.0023627370231082967,0.104592640343111
ADBE,2017-06-20,2017-06-21,7.85,0.03470570977664822,-0.003360161323124,-0.005204101667311112,0.022435750545215738,0.04028745543094581
ADBE,2017-03-16,2017-03-17,7.84,0.043847794010647645,-0.004414839186771213,0.018806217878410858,0.03384093508294539,0.0633843629787818
ADBE,2016-12-15,2016-12-16,4.46,-0.023512568375924747,0.014626237025177957,0.011218798181259704,0.043004781555439964,0.12183218567553467
ADBE,2016-09-20,2016-09-21,3.66,0.0699668216688456,-0.005002217914880536,0.012066369819668132,0.012795678444384229,-0.07578722218283618
ADBE,2016-06-21,2016-06-22,4.45,-0.04181904161037031,0.010378907042871255,0.010961742415274589,-0.014475212415396177,0.021831088703793355
ADBE,2016-03-17,2016-03-18,8.65,0.04924540798562904,-0.011266963209408787,-0.005340342101110562,0.009725611370269505,0.020199832906715898
ADBE,2015-12-10,2015-12-11,3.41,0.037618457850587705,0.01507462827188033,0.00211358031242892,0.01750680899241175,-0.06615751386099822
ADBE,2015-09-17,2015-09-18,8.36,0.027493267766145024,0.020309454118535797,0.036441352961976925,0.05131311294112928,0.1096987410719803
ADBE,2015-06-16,2015-06-17,5.99,-0.019624998181801856,0.00859701944863378,0.06603147169793622,0.046146940461441854,0.07765218769006621
ADBE,2015-03-17,2015-03-18,13.77,-0.027396749464922876,0.007813076813514619,-0.030933109632266365,-0.026663950661060087,0.036310369657689856
ADBE,2014-12-11,2014-12-12,21.22,0.09950532795574174,-0.03233102990692016,-0.05435177488464804,-0.08290418275590694,-0.0184489933408698
ADBE,2014-09-16,2014-09-17,6.25,-0.051160338367959635,0.0037334215761397616,0.026986804314698687,-0.008937148981982612,0.014364940057875586
ADBE,2014-06-17,2014-06-18,24.09,0.07060583331947123,-0.0028999308551681535,-0.010067968379087522,-0.02510146539910396,-0.048221259541334494
ADBE,2014-03-18,2014-03-19,19.18,-0.009692973389568316,0.006876740117547575,-0.05047207927921893,-0.0694306467310255,-0.05658598436640272
ADBE,2013-12-12,2013-12-13,0.89,0.11779825667119526,-0.04548326500002631,-0.05167381381100156,-0.04535484514455934,0.05631957306952895
ADBE,2013-09-17,2013-09-18,-4.33,0.07614282378564674,-0.011827298879890424,0.004907520126057441,-0.011926632120275005,-0.007556891696367529
ADBE,2013-06-18,2013-06-19,7.24,0.06110225516283174,0.005555768108063797,0.01288236445546087,0.014016266808686728,0.0017941259566414125
ADBE,2013-03-19,2013-03-20,12.01,0.02945046918668015,0.0019478508058692334,0.0014985529667645991,0.05705874944076128,-0.03915883333768888
ADBE,2012-12-13,2012-12-14,8.08,0.0543188017941002,-0.015479365022665337,-0.007988836169435798,-0.026607620045435487,-0.002684214566889498
ADBE,2012-09-19,2012-09-20,-0.71,0.05956393694855744,-0.01985418589655752,-0.041254579062811825,-0.029936952213041934,0.08956697054768414
ADBE,2012-06-19,2012-06-20,1.27,-0.027649894001510078,-0.0013190877494908548,-0.001080273510146168,-0.01973383235607218,-0.04460195812331458
ADBE,2012-03-19,2012-03-20,0.28,-0.02051272952047234,0.013700549520701766,0.039132275014373885,0.019966286346342565,0.00469598080348721
ADBE,2011-12-15,2011-12-16,10.6,0.05824611129705359,-0.013776499628328831,-0.0362856496190791,-0.015570747297252607,0.054370106858224965
ADBE,2011-09-20,2011-09-21,2.17,0.015549875314716854,0.009022182134919232,0.02161389967183791,0.00681657550605963,0.01549155275742864
ADBE,2011-06-21,2011-06-22,7.2,-0.03796731782925089,0.017204160730963425,0.0220550558054613,-0.06022702919304346,-0.09893444978237231
ADBE,2011-03-22,2011-03-23,1.84,-0.019791143282235635,0.01916091552650445,0.01610233955138196,0.0369158214826657,-0.02292317987615977
ADBE,2010-12-20,2010-12-21,7.76,0.06556217110791729,-0.01216314041817379,-0.002933680321657528,0.0613143300227994,0.010943496423634569
ADBE,2010-09-21,2010-09-22,9.81,-0.18758611100665068,-0.0016372954512703375,-0.03287957505406791,0.018508174286130608,-0.031144884958167918
ADBE,2010-06-22,2010-06-23,3.23,-0.0634390429868058,0.012620604715062433,-0.07499829432090344,-0.06135526229825661,0.04364097400626532
ADBE,2010-03-23,2010-03-24,7.4,0.042490991180080595,-0.01590390119617291,-0.03259435019543633,-0.0505661842131544,-0.04271022860556328
ADBE,2009-12-15,2009-12-16,6.79,0.06126140359561438,-0.010435513120716222,-0.03382421621963394,-0.07705825510783959,-0.12448151022627585
ADBE,2009-09-15,2009-09-16,4.65,-0.07166467929350806,-0.01380138734549674,-0.013280028870025773,0.03897464246880067,0.03761720410355296
ADBE,2009-06-16,2009-06-17,1.47,0.009673917144570554,-0.005923558608874391,-0.022715905268804293,0.05357549263411365,0.05729276705943542
ADBE,2009-03-17,2009-03-18,2.21,0.10353041154173748,0.007233384634346973,0.008818165522074262,0.05197802460829615,0.21412230290740708
ADBE,2008-12-16,2008-12-17,4.99,-0.021473948877907878,0.004391625469215454,0.014038048850556373,0.02853782781195402,0.015783551112823258
ADBE,2008-09-16,2008-09-17,8.14,-0.019603879843809846,0.06472495556049362,0.0630775153016383,-0.060462416892834825,-0.14602730802428132
ADBE,2008-06-16,2008-06-17,7.95,-0.026412089543671247,-0.0013745921547446693,0.026984984752016716,0.07261111712275559,0.06112090009737803
ADBE,2008-03-18,2008-03-19,6.33,0.11286865312200134,-0.027155498802528544,0.002842338008373524,-0.018862732559118633,0.17915672823215756
ADBE,2007-12-17,2007-12-18,2.6,0.006865378230415331,-0.003806801143447114,-0.0046648378656453104,-0.07368571686350078,-0.15158600324018234
ADBE,2007-09-17,2007-09-18,10.58,-0.016997727000232166,-0.003157908361159256,-0.01988424284269341,0.03139764227365105,0.011730451486624438
ADBE,2007-06-14,2007-06-15,3.62,-0.042944122039521804,-0.0006958067003091095,-0.028215275022965502,-0.05103044910726262,0.05961169362538976
ADBE,2007-03-20,2007-03-21,2.3,0.05400402418716688,-0.009394139854768224,-0.02946438415715047,-0.048513149201920736,-0.08555937536241431
ADBE,2006-12-14,2006-12-15,-0.13,0.053380142105066586,-0.032765912420162246,-0.036949510449183154,-0.10044744221432023,-0.06212017204351028
ADBE,2006-09-14,2006-09-15,10.0,0.10106618655271271,0.012419997728562171,0.005335140018851159,0.020556679718364723,0.005745689883422722
ADBE,2006-06-15,2006-06-16,2.76,0.00547861946121464,-0.0038143552158099725,0.05250846343796933,-0.04203242407740393,0.06886459722756011
ADBE,2006-03-22,2006-03-23,8.68,-0.004562625151005695,0.003634986444828847,-0.02569379777931613,0.023110658264169803,-0.16252233478462164
ADBE,2005-12-15,2005-12-16,7.14,0.1306699840579152,-0.004387193992333005,-0.04721480026814162,0.011887268288393704,-0.1114038584771061
ADBE,2005-09-15,2005-09-16,8.88,0.07576261500330106,-0.02080502676728957,-0.0291911039461471,0.0564387171832651,0.17421100763154174
ADBE,2005-06-16,2005-06-17,3.61,-0.02689993674295299,-0.008306627793965071,-0.04739573237336536,-0.08792757904362358,-0.16317609587733095
ADBE,2005-03-17,2005-03-18,6.94,0.07407380643636774,-0.012658064728350737,0.0002471266935584193,-0.15806250723764192,-0.0761631751612798
CRM,2026-02-25,2026-02-26,24.85,0.07293682424264225,-0.018660179451847836,0.02121694542192709,-0.007752023350955595,-0.1796893229146015
CRM,2025-12-03,2025-12-04,13.55,0.05012595771593853,0.05107879520925773,0.05318701263907899,0.029397965531165582,-0.22253256819861167
CRM,2025-09-03,2025-09-04,4.7,-0.048821929110172024,0.03055897524658746,-0.0038072773230015677,-0.05314217113915698,-0.1092708961350719
CRM,2025-05-28,2025-05-29,1.31,-0.0351895876790671,-0.0046887571361348135,-0.004260108254861006,-0.019236660570800757,-0.16195601415899408
CRM,2025-02-26,2025-02-27,6.43,-0.020431024712989965,-0.00560224971908041,-0.00891819763464885,-0.030152302713436607,-0.06519118475159713
CRM,2024-12-03,2024-12-04,-1.47,0.10467976185000882,-0.015996404881441717,-0.03506384386927697,-0.07145357280213305,-0.16816344118841753
CRM,2024-08-28,2024-08-29,8.63,-0.02149798020869198,-0.025537561651067686,-0.01851732141239948,0.051431039371278686,0.2630296779196244
CRM,2024-05-29,2024-05-30,2.75,-0.17845681019027693,0.06625539827675242,0.09046938888283429,0.1345938690875812,0.1422006083313292
CRM,2024-02-28,2024-02-29,0.96,0.028849988433160556,0.016710919083750664,-0.033969905749557605,-0.05616728865386267,-0.16241568150229557
CRM,2023-11-29,2023-11-30,2.52,0.11672244032963675,0.02623962518491174,-0.01611756156713473,-0.001034477482860563,0.07629188813490262
CRM,2023-08-30,2023-08-31,11.45,0.04217058441125743,-0.0015492608605074398,0.025626000871243004,-0.03691497182367465,0.0023059512720622344
CRM,2023-05-31,2023-06-01,4.84,-0.031179397496418626,-0.013850732996048887,-0.033158612785272434,-0.062481509613449226,-0.059083584319423954
CRM,2023-03-01,2023-03-02,23.43,0.13654441332013434,-0.016895538558541756,-0.026467215265016053,0.034968055050758506,0.09475667111410835
CRM,2022-11-30,2022-12-01,14.55,-0.061595912535728825,-0.015445448173570075,-0.08741653759340107,-0.041093116221358805,0.16501331098330185
CRM,2022-08-24,2022-08-25,15.75,-0.029238828124874106,-0.016062171882099907,-0.06214684878422605,-0.03537565704663692,-0.0966628680694116
CRM,2022-05-31,2022-06-01,3.73,0.08009884380597099,0.05098509989117406,0.0705358358036865,0.012332630065771788,-0.05539202151151912
CRM,2022-03-01,2022-03-02,11.85,-0.0035506995571734645,-0.021828990193878628,-0.010431539999932737,-0.02915111263019976,-0.15628827191352823
CRM,2021-11-30,2021-12-01,37.89,-0.12210790223396295,0.023252335706252625,0.016667079560071407,-0.04544363971552312,-0.1355196483074117
CRM,2021-08-25,2021-08-26,59.49,0.03512790932015242,-0.01364616148448805,-0.029122094981824165,0.06869862418581618,0.070573005070377
CRM,2021-05-27,2021-05-28,36.96,0.034344950275426056,-0.007098893357427083,-0.004950334577561222,0.006155260947730445,0.020567235402658923
CRM,2021-02-25,2021-02-26,38.5,-0.0705556433805885,-0.019436600354210132,-0.03511008684304573,-0.07870264281176287,-0.057191646663789175
CRM,2020-12-01,2020-12-02,132.27,-0.1148545559739137,0.0011332899843432553,-0.001114643173236285,-0.015748585734991494,-0.09144748985683337
CRM,2020-08-25,2020-08-26,115.91,0.29278186764772274,0.01250178366626331,-0.013097877763320609,-0.06215396182981914,-0.061661036868033925
CRM,2020-05-28,2020-05-29,0.74,-0.012851627634393514,0.004940377552097974,-0.054562652349348206,0.05763518862453465,0.060831904671239556
CRM,2020-02-25,2020-02-26,18.38,-0.0041536691358105005,0.007342018200522826,-0.02214476084413164,0.025238782109268665,0.02760533371352436
CRM,2019-12-03,2019-12-04,13.56,-0.027807375219991215,0.00964493911772979,-0.0097593901075681,0.02201775953784124,0.11400505181147191
CRM,2019-08-22,2019-08-23,40.37,0.05441738280859998,0.01249478506495283,0.0030084440663979972,-0.031415775712925864,-0.02654887274722162
CRM,2019-06-04,2019-06-05,52.62,0.06137941180888418,-0.0010116059956428725,-0.06438053597634819,-0.07910312831835276,-0.05486846172068016
CRM,2019-03-04,2019-03-05,26.3,-0.04095655631583717,0.00491034858391437,0.006661087436603763,-0.006871105992302118,-0.012786373713750798
CRM,2018-11-27,2018-11-28,21.65,0.0861024908786614,-0.004356229010205825,0.02735956831611519,0.0500665168972666,0.13707727391570534
CRM,2018-08-29,2018-08-30,50.56,-0.006866612511017056,0.0035143939162609605,-0.0019385479651959914,0.039306620396045044,-0.09475214237429708
CRM,2018-05-29,2018-05-30,61.89,0.008781918877381223,0.006357713456080494,0.03076615876189437,0.03783877132961044,0.09025534072831087
CRM,2018-02-28,2018-03-01,3.79,0.04993800385631775,0.015693708727631206,0.034117802117578755,-0.013148523339017282,0.050727630604258556
CRM,2017-11-21,2017-11-22,6.45,-0.01068119944819823,0.0006853351432127841,-0.043706448559642785,-0.06541806083014001,0.026681555279577163
CRM,2017-08-22,2017-08-23,4.43,0.007442046775990807,0.01393473279653401,0.013303780337426296,-0.005577893620386298,0.08725547939988099
CRM,2017-05-18,2017-05-19,7.68,-0.015568170013800953,0.01254294214301388,0.024978138027455188,-0.03005025874069167,-0.0016955503354874057
CRM,2017-02-28,2017-03-01,12.82,0.01657838289596536,-0.007305150310154218,0.009491551750990812,-0.0036532473439331303,0.07636689625532189
CRM,2016-11-17,2016-11-18,13.96,0.05794568508769804,-0.028382117642655635,-0.07129653514036616,-0.14446791674901205,-0.041347077297363866
CRM,2016-08-31,2016-09-01,9.35,-0.04630602883945334,-0.015178665187042917,-0.0036208129119424948,-0.060346841340012,-0.05859450288452217
CRM,2016-05-18,2016-05-19,2.78,0.05944489358202565,-0.00718084996521684,0.0026988686443276677,-0.023896890368379498,-0.10525875855837152
CRM,2016-02-24,2016-02-25,-0.51,0.08691377016313973,0.0066230375121260066,-0.0018043138912984258,-0.0006186047091103486,0.11079388105884602
CRM,2015-11-18,2015-11-19,12.17,0.029028063242819924,0.0006962467462925392,-0.013151331950250311,-0.009573163570787857,-0.16142693852565237
CRM,2015-08-20,2015-08-21,8.74,0.010238681022225249,-0.015449243469216056,0.008577743938768867,0.045001456405723284,0.058039246308634995
CRM,2015-05-20,2015-05-21,15.55,0.017799339591405783,0.03119142118012541,0.00885957582902186,0.03646183351258603,0.024330700661650773
CRM,2015-02-25,2015-02-26,2.67,0.1362134662543244,-0.008837703478083214,-0.06184941469410776,-0.03593625441180237,0.05579581782533927
CRM,2014-11-19,2014-11-20,8.9,-0.06689787599244612,-0.007237601736695631,0.019049342557858395,0.016641293354143327,0.05031826081558188
CRM,2014-08-21,2014-08-22,9.42,0.07825925355693508,-0.014601914529561166,-0.019503375678904256,-0.045943553083989785,0.014516947113135892
CRM,2014-05-20,2014-05-21,13.22,-0.059177133378295665,0.05893473304584784,0.06675050424935502,0.11435610234544114,0.028737400947990377
CRM,2014-02-27,2014-02-28,15.82,-0.029283607565744774,-0.007077149725891352,-0.03670907778489718,-0.10624112728410251,-0.1610390217816502
CRM,2013-11-18,2013-11-19,4.02,-0.0740761286822611,0.019623649208344696,-0.01755954275683691,-0.0031581900587407397,0.17369226777279256
CRM,2013-08-29,2013-08-30,30.42,0.1500200836084462,0.004637989603524684,-0.022895624278554294,0.024938335391956112,-0.03545591297802453
CRM,2013-05-23,2013-05-24,-0.3,-0.05152744321994185,-0.03951484683559647,-0.04529109679643706,-0.10078584223954823,-0.00369650877438632
CRM,2013-02-28,2013-03-01,28.4,0.0888956632453044,0.01604889421903355,-0.0007380846967364185,-0.06678332559657751,-0.17946898345825113
CRM,2012-11-20,2012-11-21,3.18,0.075489801737183,-0.009405174711622832,-0.019335309899268793,0.030507996319846242,-0.01549493956046133
CRM,2012-08-23,2012-08-24,8.31,0.0016477873797280385,0.003288878639347237,-0.020146720411432284,-0.0008873563669866691,0.0782344220247605
CRM,2012-05-17,2012-05-18,8.21,0.08915831992969914,0.006647329813719738,-0.008436153845382766,-0.10159559998406953,-0.11153726452096635
CRM,2012-02-23,2012-02-24,7.39,0.11495779622877644,-0.0036986812498602806,-0.001731122881279079,0.047095086946841835,0.069662603065899
CRM,2011-11-17,2011-11-18,10.03,-0.12219211089260607,0.006236442241393414,-0.001226077265328529,-0.08020684826770053,0.039089113125159614
CRM,2011-08-18,2011-08-19,0.35,-0.06246490971154672,-0.0020604708418510143,0.011239545469598378,0.1523272617435678,0.08330677321111102
CRM,2011-05-19,2011-05-20,2.77,0.09764929374545339,0.002665563326763043,0.032738085469132705,-0.009342569552306612,0.00882291188629436
CRM,2011-02-24,2011-02-25,17.76,0.03094031393384089,-0.053448514898087884,-0.06487706497680379,-0.078498075510953,0.04430873653685907
CRM,2010-11-18,2010-11-19,3.21,0.22388822478719073,0.02342864714916304,0.061097779981409084,-0.059780046181619806,-0.07462759129801433
CRM,2010-08-19,2010-08-20,6.26,0.1556903305696894,-0.0003558406933152902,-0.005033135093005958,0.024342152863586763,-0.11441783632247704
CRM,2010-05-20,2010-05-21,-0.99,0.04380943978073526,0.00021723680249907673,0.03714139582387288,0.12026645675529157,0.18411885113059623
CRM,2010-02-24,2010-02-25,6.67,-0.011202138192267563,-0.0015150973550045466,0.024545512643710188,0.0586658908226767,0.23397300252363384
CRM,2009-08-20,2009-08-21,11.14,0.16149550924371625,-0.01648597908013283,-0.03044049356472167,0.024816055813613236,0.16040708110768964
CRM,2009-05-21,2009-05-22,12.96,-0.08584742015435365,0.011731731769818232,0.03582190812689956,0.02322561050239358,0.10604172648362487
CRM,2009-02-25,2009-02-26,23.42,0.06332206905458537,0.0030841317127041634,0.14552898684063575,0.1438737381024855,0.0805718894533689
CRM,2008-11-20,2008-11-21,4.41,0.04068843770889996,0.12201718826084229,0.17486658518536324,0.2892146075756761,0.18561961622430068
CRM,2008-08-20,2008-08-21,-13.4,-0.19315305600815325,0.03660396616074868,0.0648670675697105,0.07124877608934599,-0.18592668652691857
CRM,2008-05-21,2008-05-22,1.91,0.07266526043678745,0.024111039889295638,0.08446275600203368,0.15452229473354306,0.04991956515066598
CRM,2008-02-27,2008-02-28,-3.13,0.1794571565138413,-0.009178683609414873,-0.021124958943668837,-0.043603798748587774,0.0763240138787935
CRM,2007-11-15,2007-11-16,-0.76,0.11561556772299764,-0.04291987893428373,-0.0583447250466993,0.029001151696493643,0.029388613934429264
CRM,2007-08-15,2007-08-16,-1.01,-0.07492900041551065,-0.04818532642066875,-0.07522557987030265,0.07651040777517948,0.18588308468222903
CRM,2007-05-16,2007-05-17,8.46,-0.02958142446735368,0.05688712771145932,0.04532764082235652,0.044666898741443806,0.051803009042688086
CRM,2007-02-21,2007-02-22,-0.17,-0.04516412946948056,0.010271739676028901,-0.02222781469501467,-0.0637294664331095,-0.07884996784271947
CRM,2006-11-15,2006-11-16,9.41,-0.04061627226564757,-0.006241566823016131,-0.019085787927296094,-0.06797906098890216,0.13763848817864033
CRM,2006-08-16,2006-08-17,43.68,0.16620362135887623,-0.030298429880966093,0.004109272100623396,0.019268791815960862,0.18440964989185615
CRM,2006-05-17,2006-05-18,7.18,-0.03635475507747421,-0.010889494329336391,0.04831950323167966,-0.024104928880194332,-0.07996982595617763
CRM,2006-02-22,2006-02-23,3.05,0.007309506700092339,-0.009025195710214207,0.07751346430237271,0.09062913737410883,-0.1491173423634422
CRM,2005-11-16,2005-11-17,26.39,0.05193602686803378,-0.020352668005181762,0.05528768157846642,0.17891049814813598,0.13259500355323373
CRM,2005-08-17,2005-08-18,2.67,-0.07577968824837189,0.005582615962566928,-0.025109256729955565,0.1463937471113157,0.33421759137811313
CRM,2005-05-18,2005-05-19,60.0,0.11572524027852849,0.046057764106986476,0.13148262448351034,0.1356033883202057,0.20868365061204153
CRM,2005-02-17,2005-02-18,54.64,0.14605107903298675,0.011733188566025232,0.0049025466362986325,-0.023076409518224095,0.0013221092911405163
AMAT,2026-02-12,2026-02-13,7.89,0.058976656507702785,0.01027692127520985,0.052894183353597635,-0.004723559698088131,0.1307418169921506
AMAT,2025-11-13,2025-11-14,3.65,-0.0037020210622623617,0.021262967859682957,0.012292115935244041,0.14518030590643782,0.4389408603175644
AMAT,2025-08-14,2025-08-15,5.13,-0.14651760851306928,0.01115985169843603,0.004485616278147919,0.03256662391793541,0.3954355896897097
AMAT,2025-05-15,2025-05-16,3.45,-0.06046262546443604,0.0011407356377937106,-0.0205797980710819,0.05507704311726758,0.06247911621172886
AMAT,2025-02-13,2025-02-14,3.67,-0.07513259316531429,0.013612424513117727,0.019056743335766124,-0.009301021196281511,0.0595898297409454
AMAT,2024-11-14,2024-11-15,5.71,-0.05694176796760486,0.0068570531972700355,0.02130094965881879,-0.030422340991866692,-0.04013992477318484
AMAT,2024-08-15,2024-08-16,4.68,0.011675678841655879,0.005061214425622795,-0.037395553939999826,-0.11139831687913393,-0.17479039455069523
AMAT,2024-05-16,2024-05-17,5.27,-0.024251843570894605,0.035956422475775796,0.043458573085150776,0.11388547568263774,-0.07786293220984453
AMAT,2024-02-15,2024-02-16,11.78,0.06997654078743598,-0.04675685750566316,0.008698878066828897,-0.022398935025426114,0.0022610252869319503
AMAT,2023-11-16,2023-11-17,6.44,-0.04610620394813014,0.01908739319871877,0.008935416817138053,0.03030103988544197,0.1475143129150278
AMAT,2023-08-17,2023-08-18,8.88,0.039041027795556404,0.03632299116044413,0.006161667467474707,-0.03453966452313828,0.03989421511770441
AMAT,2023-05-18,2023-05-19,9.49,0.0017800072603204597,-0.0035568143779743933,0.07117837673104188,0.04573476051523895,0.03770426206772015
AMAT,2023-02-16,2023-02-17,5.68,-0.01741855794956071,-0.015975246093366757,-0.0035188468106026605,0.10652187537956315,0.03873724053090877
AMAT,2022-11-17,2022-11-18,16.87,0.003138841624026112,0.007838323762272337,-0.009038589377136752,0.03165708123306454,0.06911876917738224
AMAT,2022-08-18,2022-08-19,8.69,-0.0023536802025099224,-0.015687054183459614,-0.013437107150461647,-0.06451945032046846,0.09127378397964425
AMAT,2022-05-19,2022-05-20,-2.77,-0.03813882930863888,0.013884264927634504,0.05926361585518625,-0.07065298027430766,-0.10162972975182538
AMAT,2022-02-16,2022-02-17,1.89,-0.003833873258811904,-0.016387352508112407,-0.005281656024661574,-0.028188632453856277,-0.10724125304789922
AMAT,2021-11-18,2021-11-19,-0.93,-0.039748108650923264,-0.013714834741835324,0.01870769004342898,-0.005643206907861575,-0.014746192067452868
AMAT,2021-08-19,2021-08-20,6.82,-0.010852728840920256,0.0249298044346542,0.059929786802119356,0.08532155886930426,0.17311766768338877
AMAT,2021-05-20,2021-05-21,7.92,0.020998707427476893,0.03581881148747401,0.06319115722528901,0.01834391020556314,-0.0707929003231762
AMAT,2021-02-18,2021-02-19,8.75,0.03842309991831172,-0.0277176904895321,0.016039519588586626,-0.038542574993374545,-0.032475173112180844
AMAT,2020-11-12,2020-11-13,6.71,0.019178323593200597,0.01045379254723211,0.06456268217018657,0.2007793537469551,0.46087447128483916
AMAT,2020-08-13,2020-08-14,11.88,0.018620417817393542,-0.013233352290352718,-0.0838962871486818,-0.1670751029869556,0.0011047834669031253
AMAT,2020-05-14,2020-05-15,0.4,-0.005937489923572237,0.014121707706439057,0.017322552765187238,0.028086259979477557,0.07598114789569888
AMAT,2020-02-12,2020-02-13,5.82,0.03993758802906333,-0.00932083760957747,-0.03238747279054488,-0.04126582461266837,-0.06868274153894982
AMAT,2019-11-14,2019-11-15,5.03,0.07778216630938783,0.0039349362791478715,-0.09283572563690834,-0.05522569576575698,0.002952904138304957
AMAT,2019-08-15,2019-08-16,5.09,-0.01914834707672941,-0.0019685287218456082,-0.014166674382547262,0.05777561870328074,0.14663581156065542
AMAT,2019-05-16,2019-05-17,5.67,0.026179642923907398,-0.04842290086081891,-0.05950518773690261,-0.05902068983006381,0.10283062377836005
AMAT,2019-02-14,2019-02-15,2.45,-0.0514942812856779,0.0033846523593377142,0.011758934632831064,0.0058854239006862485,0.0022673601603910853
AMAT,2018-11-15,2018-11-16,0.22,0.0411340873340067,-0.010768467739182386,0.04571149513965045,0.013532338836542923,0.09151583611221237
AMAT,2018-08-16,2018-08-17,3.04,-0.09036038091534804,-0.0076233444760887,-0.027873020479916466,-0.1267874089451756,-0.21183239723509906
AMAT,2018-05-17,2018-05-18,6.46,-0.099249196499541,0.0023781353921223936,0.02814699028737544,-0.04398828416905887,-0.0699444643344479
AMAT,2018-02-14,2018-02-15,8.04,0.06317781680805723,0.018969904465314213,0.05170526270757336,0.09464151102750695,0.02156520096461434
AMAT,2017-11-16,2017-11-17,2.88,0.007372718216084984,0.01829682875820904,0.0004917274854203679,-0.09850525413463596,-0.10687009136065218
AMAT,2017-08-17,2017-08-18,3.07,0.013530786415663965,-0.023129978544443652,-0.02770689022213968,0.05317242892439156,0.22069997609201963
AMAT,2017-05-18,2017-05-19,3.52,0.02031075495497925,0.009668513526882805,0.020260284781855153,-0.02463688029567379,-0.04175976681670357
AMAT,2017-02-15,2017-02-16,1.68,-0.005783406164967753,0.015242598231998805,0.026172065044149706,0.10549170701332478,0.2351712341454555
AMAT,2016-11-17,2016-11-18,0.91,0.021092189622820667,0.012292465606536407,0.030036641944581666,0.02042201149214895,0.06753425617511022
AMAT,2016-08-18,2016-08-19,5.12,0.08533351341203077,-0.01648601224541757,0.020334323809410026,0.04432754289154306,-0.014646611292621348
AMAT,2016-05-19,2016-05-20,7.12,0.1347194195065693,0.011954178733310283,0.06016810561276431,0.03063563155143023,0.14030469443121185
AMAT,2016-02-18,2016-02-19,2.95,0.07690816859034821,-0.003053500340530757,0.023229772162326245,0.05085901620197597,0.003285629891735864
AMAT,2015-11-12,2015-11-13,0.95,0.05183254526625458,0.013795786017132716,0.027077409922147355,0.051141994746322084,0.004128261658670751
AMAT,2015-08-13,2015-08-14,-0.39,-0.04054424285571234,0.017851036843916646,-0.008872939181663209,0.007071887401331356,0.017417229805094414
AMAT,2015-05-14,2015-05-15,4.58,0.002024351582479156,-0.003601808338873802,-0.0005962307583249338,-0.003725190897922559,-0.12434290638306666
AMAT,2015-02-11,2015-02-12,0.78,-0.01596792164189864,-0.0007889211645459859,0.034235918154320144,0.023109512624267525,-0.1839701082533599
AMAT,2014-11-13,2014-11-14,0.38,0.013299735226094844,-0.015535284080491762,-0.005717211885501561,0.05271758843465035,0.0340116089431628
AMAT,2014-08-14,2014-08-15,3.84,0.06749128504729907,-0.025282328044199276,-0.027036834133242427,-0.03132619526746305,-0.0358264175808829
AMAT,2014-05-15,2014-05-16,1.82,0.0718322611171327,-0.00812192751088614,-0.015688934120158926,0.07823029950852578,0.0057326700989097645
AMAT,2014-02-12,2014-02-13,2.74,0.05564511147371376,0.00460347457609056,0.012772221166218234,-0.011680176232976902,-0.004331159093507342
AMAT,2013-11-14,2013-11-15,5.4,-0.017851493765361548,-0.029605845883273085,-0.01378484073175934,-0.038829935948167416,0.06149324531077838
AMAT,2013-08-15,2013-08-16,-8.14,0.010252814722643389,0.0019107239980046264,0.0017085079664518332,0.0007207043771297883,0.07244111477829729
AMAT,2013-05-16,2013-05-17,21.64,0.0058746148424184685,-0.003282162018681256,-0.014440188061278447,0.07691046870751883,0.03720015791761977
AMAT,2013-02-13,2013-02-14,83.77,0.015061490629610264,-0.003165477834906727,-0.014039398798499692,-0.06330373004869838,-0.014155102464444402
AMAT,2012-12-05,2012-12-06,79.59,-0.004249057590455685,0.0043176054863351965,0.015624240660979671,0.0362304271465006,0.16756782666642756
AMAT,2012-08-15,2012-08-16,10.13,0.014533515487210824,0.00033070576168947596,0.0018037472864581572,-0.02351197686166584,-0.09418242499672125
AMAT,2012-05-17,2012-05-18,12.05,-0.00487976375254473,0.011769187867589181,0.007847106768403833,0.029531388402280756,0.04914081850063501
AMAT,2012-02-16,2012-02-17,54.25,-0.006771874473022299,-0.01593166790585221,-0.03493277709224285,-0.04327062840195206,-0.14444285782809985
AMAT,2011-11-16,2011-11-17,7.75,-0.05632832692759426,-0.02495459801990807,-0.06524549717264605,-0.09970469402828208,0.017901945411092024
AMAT,2011-08-24,2011-08-25,5.5,-0.05369582505607795,0.008593204258296128,-0.009493976257028747,0.00529854288922571,-0.008024865418856386
AMAT,2011-05-24,2011-05-25,3.14,0.002576787729658081,-0.02048032097697694,-0.04064345165387473,-0.047844592649675,-0.06976778902850156
AMAT,2011-02-24,2011-02-25,10.5,0.02069187181511878,0.017479751583451275,0.04131031302197963,-0.035156128294456246,-0.14310460163930527
AMAT,2010-11-17,2010-11-18,17.29,1.545287877968704e-05,-0.01223703598369652,0.005748688883841169,0.04030569978511389,0.16685003441650492
AMAT,2010-08-18,2010-08-19,14.67,0.012970085069081372,-0.020523395351214613,-0.0426113230324382,-0.07208244340547687,-0.004851859908165723
AMAT,2010-05-19,2010-05-20,5.12,0.023917861287474085,-0.012234774447796193,0.005702051227436167,0.013133723980766732,-0.12322308486701927
AMAT,2010-02-17,2010-02-18,-2.61,-0.0315113055059123,-0.016269128548965228,-0.029465028499714663,-0.05440895412561564,-0.004878101526197165
AMAT,2009-11-11,2009-11-12,273.64,-0.008736259994034712,-0.01321145686988745,-0.033766513912377394,0.02460487347297713,-0.03277837556033558
AMAT,2009-08-11,2009-08-12,63.79,0.015986747374518995,0.01505559599432793,-0.018021096459171493,-0.041047228593163565,-0.1573087036298908
AMAT,2009-05-12,2009-05-13,-16.82,-0.034228515131755954,-0.0022008866511731284,-0.022455870415502233,-0.054678855167892504,0.08258089709604755
AMAT,2009-02-10,2009-02-11,-1043.4,0.0036947222442663685,-0.036541593879301226,-0.0815332652530778,0.13476148353035466,0.09682993498394121
AMAT,2008-11-12,2008-11-13,25.98,0.05201081506919869,-0.050358014537821516,-0.11165556992569481,-0.057003334411409146,-0.06004913053380001
AMAT,2008-08-12,2008-08-13,1.26,0.06350116673056816,-0.0184084279565071,-0.037307679310556674,-0.11639584719098928,-0.14741384059966445
AMAT,2008-05-13,2008-05-14,11.63,0.002336266777831275,-0.025568951403398543,-0.04166134303266911,0.017759852692230793,0.02060761606252204
AMAT,2008-02-12,2008-02-13,14.01,0.06071486216006994,-0.027363144626452507,-0.020055900976895025,0.09237169157142744,-0.05473495236378367
AMAT,2007-11-14,2007-11-15,7.67,0.031123808736876146,-0.0186755339526381,-0.018928081331834545,-0.06949233577066549,0.11658315147599396
AMAT,2007-08-14,2007-08-15,7.02,-0.032035066509943255,-0.008990044524039509,-0.02946144274085949,-0.04597663175140765,-0.1686761904604699
AMAT,2007-05-15,2007-05-16,21.43,-0.06832295462477422,-0.010018901098993171,-0.0055410382157323745,0.00472942184509928,0.18113576018531197
AMAT,2007-02-13,2007-02-14,0.26,0.0437987225226697,0.009283146026580091,0.014625682548897512,0.024698370407419068,0.006420820529450699
AMAT,2006-11-15,2006-11-16,-3.44,-0.03355180907468858,0.007500955620556304,0.030246401552859847,-0.01126878270861753,0.020314601352074302
AMAT,2006-08-15,2006-08-16,10.85,0.003076718505393261,0.0038209668345452474,0.012268130719228942,0.08042943473265973,0.038780437207666996
AMAT,2006-05-16,2006-05-17,12.07,-0.023039594189298573,-0.0038143977264641915,-0.0023182774538195172,-0.00015187989607834407,-0.10964425815325318
AMAT,2006-02-15,2006-02-16,11.76,-0.02584491224293628,-0.009314370341330536,-0.060052319573489776,-0.13907377414427702,-0.11734134839157051
AMAT,2005-11-16,2005-11-17,5.78,-0.03390773831112193,-0.009697864426858827,0.03538594245346127,0.07252228470090483,0.14770117786800063
AMAT,2005-08-16,2005-08-17,7.89,0.04596329640328023,-0.005406556729468437,-0.0023846175289952143,-0.018750591291628815,-0.029541612538146578
AMAT,2005-05-17,2005-05-18,5.99,-0.02512773117112066,-0.01801060466283866,0.02363864033668106,0.03637218965043765,0.05272156677222628
AMAT,2005-02-15,2005-02-16,9.43,0.017208087982387488,-0.0016297182210346373,0.012573786765154749,-0.0607367308245641,-0.03502844165810859
MU,2026-03-18,2026-03-19,33.21,-0.021347407386986816,-0.03376558506095473,-0.1802764249903217,-0.05449535307933173,1.3028147023315484
MU,2025-12-17,2025-12-18,20.58,0.07252172175060234,0.06082177820106982,0.12233113787391581,0.46450996402563405,0.8777889433186989
MU,2025-09-23,2025-09-24,5.94,-0.009069217675769847,-0.025563980578039436,0.11528098146691979,0.2179544100164641,0.514724122584113
MU,2025-06-25,2025-06-26,19.75,-0.02332096928887506,-0.014809641924344752,-0.05145893325052542,-0.15738718749851233,0.21487682060891844
MU,2025-03-20,2025-03-21,9.49,-0.0693557115110135,0.00552915988918512,-0.05154830466095839,-0.2056465717804996,0.2126474796833704
MU,2024-12-18,2024-12-19,1.36,-0.16796488831144718,0.02278065334252788,-0.000936261869901811,0.21766285512202455,0.21613844313767694
MU,2024-09-25,2024-09-26,5.88,0.16718550798230591,-0.02020949680112616,-0.06552454278095565,-0.03860713524930259,-0.21532279262898868
MU,2024-06-26,2024-06-27,17.27,-0.06582229288681274,-0.0013588951915747272,-0.01990065176026823,-0.16832201314388295,-0.3375938096652542
MU,2024-03-20,2024-03-21,273.75,0.15603238288044596,0.005173065203723182,0.07256089342944061,0.024680953379735304,0.2993605812450313
MU,2023-12-20,2023-12-21,5.85,0.044789336072284414,0.009805741196876827,-0.005822496499749308,-0.00037131090128195154,0.02300206791093018
MU,2023-09-27,2023-09-28,9.27,-0.04652834625036062,0.04583157580047814,0.0684301251388697,0.0286427561617405,0.21894898497322401
MU,2023-06-28,2023-06-29,8.74,-0.04127955234821912,-0.03076548080032826,-0.05643511502123566,0.06594147050801258,0.07801282829961331
MU,2023-03-28,2023-03-29,-115.83,0.05046174461568209,-0.012937233794203418,-0.11818490814509097,-0.05139878596793157,-0.04682369365603667
MU,2022-12-21,2022-12-22,-114.02,-0.02513750457884356,0.009825591612876439,0.008936322274664121,0.19098215536955432,0.14564609916636928
MU,2022-09-29,2022-09-30,5.82,0.01838244053868232,0.005933943956073717,0.04260965510777415,-0.008224241421723066,-0.07220266156168664
MU,2022-06-30,2022-07-01,5.96,-0.04467238411249519,0.05552061071285963,0.07180635457920981,0.0905281551450714,-0.01244515513175215
MU,2022-03-29,2022-03-30,8.07,-0.014885129974942846,-0.0006522622273502643,-0.04141049711437361,-0.04488725961497908,-0.10725308062426675
MU,2021-12-20,2021-12-21,2.58,0.08559312707418498,-0.01374822220922689,0.029402253987247162,-0.0256432064217208,-0.08629338398834197
MU,2021-09-28,2021-09-29,3.35,-0.028584435361024174,0.004394389279505306,-0.02340076989573625,-0.0909890390468564,0.23280686659250982
MU,2021-06-30,2021-07-01,9.15,-0.04038768938270676,-0.004897476677927282,-0.02892702334566344,-0.050353538261341924,-0.09320210333396539
MU,2021-03-31,2021-04-01,3.68,0.052934162760432724,0.00014715321598002262,0.0041148379873754415,-0.11026916539962728,-0.16825596731050285
MU,2021-01-07,2021-01-08,12.96,-0.01662024656006844,0.022886805954188683,0.0572078276344824,0.06085871767809259,0.14370943376523782
MU,2020-09-29,2020-09-30,10.9,-0.05760587199854594,0.01402281756415591,0.013349174229442928,0.08931130894266559,0.3964302760283902
MU,2020-06-29,2020-06-30,7.45,0.034791521217481636,-0.04233048133115003,-0.06049170773696988,-0.07628499710724235,-0.0930876039802192
MU,2020-03-25,2020-03-26,21.41,-0.03910593632326265,0.0005383450221543296,-0.04673449417065001,-0.09741152622975979,-0.052440421213976185
MU,2019-12-18,2019-12-19,1.55,0.02470627139316628,0.005335275342086332,-0.020223523567934,0.04393847175048671,-0.1154100795769133
MU,2019-09-26,2019-09-27,15.55,-0.11908229291783523,-0.012969344507111846,0.03456610766470969,0.09055990652559442,0.1893572883701602
MU,2019-06-25,2019-06-26,33.01,0.1267939553872519,0.024262254663993676,0.04016732048728966,0.25687829257213,0.2955847036685251
MU,2019-03-20,2019-03-21,3.05,0.08141973094518717,-0.034629337865685894,-0.09158693605421031,-0.03199122741526128,-0.2790827510628423
MU,2018-12-18,2018-12-19,0.03,-0.056848703331881745,0.012139079855582158,0.023485577309746652,0.07180304238241297,0.1497811414070067
MU,2018-09-20,2018-09-21,6.21,-0.014284507100718824,0.012709336319116527,0.015301014379708766,-0.04198177365725553,-0.11118686237592568
MU,2018-06-20,2018-06-21,0.44,0.00778014411671335,-0.04119054293519553,-0.09377340377054988,-0.09419716837745518,-0.3218844684269898
MU,2018-03-22,2018-03-23,2.98,-0.06655110946290621,-0.0024558419131897047,-0.07430650910476222,-0.12875596833354297,0.020554973065766147
MU,2017-12-19,2017-12-20,10.88,0.05103386713571667,-0.031130983539041535,-0.08926632011522306,-0.12137725228546425,0.31786803988190804
MU,2017-09-26,2017-09-27,9.91,0.05916578279619866,0.02225661091069142,0.054157071078992036,0.0860810174865414,0.12205126689480927
MU,2017-06-29,2017-06-30,7.17,-0.06688034503234397,-0.025808104350920513,0.01907600842566204,-0.07882620313424493,0.1094554450095
MU,2017-03-23,2017-03-24,4.58,0.0927367013903515,0.01263383926070194,0.008492731613042315,-0.07957735177990677,0.040224816944871344
MU,2016-12-21,2016-12-22,11.63,0.12750756595870671,0.0015545036290232073,-0.046556538183845864,-0.02451111962622432,0.07974925296287871
MU,2016-10-04,2016-10-05,46.97,-0.0009967881197673334,0.0009991720673128146,-0.04307332618327431,-0.030311902098423493,0.1956709853965246
MU,2016-06-30,2016-07-01,17.49,-0.06808710293260256,-0.040006690623862085,-0.005376966394061489,0.05135895309602789,0.4078978976066743
MU,2016-03-30,2016-03-31,44.7,-3.629204134281139e-05,0.04667424212097315,0.01146000091964039,0.10044679749846108,0.267651322480144
MU,2015-12-22,2015-12-23,4.76,-0.05339099197660513,0.014237667890875105,0.000645545774172307,-0.17791847193388244,-0.19803464456010655
MU,2015-10-01,2015-10-02,16.76,0.04449653053948999,0.08654209224681919,0.1089592993064441,-0.025452723056045956,-0.1685997033394513
MU,2015-06-25,2015-06-26,-3.8,-0.17964635625093406,-0.02633378482853399,-0.05338423185451491,-0.06389042255954935,-0.14515249745820213
MU,2015-04-01,2015-04-02,11.87,-0.014792180215964734,0.019454648746221936,0.030821920335539543,0.06381686904736661,-0.299188765761046
MU,2015-01-06,2015-01-07,5.43,-0.052658492363727105,0.03116468307539466,-0.056695639493739014,-0.10014085893392588,-0.17735324400274688
MU,2014-09-25,2014-09-26,0.83,0.058286845325346004,0.021624322874224444,0.010224436164630313,-0.07445189108977712,-0.030200777822205538
MU,2014-06-23,2014-06-24,12.47,0.02673699735713908,-0.009442860682461918,0.03357092061494327,0.016071739278143093,-0.03718478805799008
MU,2014-04-03,2014-04-04,11.85,-0.05955960423267903,-0.027478404216830676,-0.03798197007329018,0.1733969493239873,0.4427785258717911
MU,2014-01-07,2014-01-08,49.68,0.14845248956902402,-0.027047114109668535,-0.028834797245614108,0.042966700356421916,-0.07421887485883105
MU,2013-10-10,2013-10-11,-24.27,-0.10031598112673479,0.00966363527459757,-0.012975073925300062,0.034125760478231015,0.3337253758713108
MU,2013-06-19,2013-06-20,163.23,0.022980074703423115,0.023378155979993487,0.04319773999125065,-0.052875753372017886,0.1400825486736561
MU,2013-03-21,2013-03-22,5.54,0.07898841003749946,-0.011759470414609785,-0.06862860963352635,-0.07637294789260118,0.3043542211618244
MU,2012-12-20,2012-12-21,-33.48,-0.06993656278092808,-0.01115925547768637,0.005825516237321859,0.18493063380761576,0.3492897525057215
MU,2012-09-27,2012-09-28,-6.31,0.0019883915573035704,-0.03775662070467778,-0.03012289556066927,-0.06708618425148527,0.04989953257963331
MU,2012-06-20,2012-06-21,-67.79,-0.04974682821025245,0.008227987739282128,0.05399514487514634,0.0014296243918567875,0.05485827951424338
MU,2012-03-22,2012-03-23,-23.04,-0.03490765673432816,-0.03189194855377253,-0.04402074666917977,-0.1902342399591379,-0.250559787984609
MU,2011-12-21,2011-12-22,-77.94,0.09626841914106543,-0.010500499286790421,-0.020556204552580892,0.19083628481223625,0.23932735463356525
MU,2011-09-29,2011-09-30,-25554.55,-0.15918645655337205,-0.11241504701719707,-0.0404823679570786,0.03012210216149125,0.11509281956256534
MU,2011-06-23,2011-06-24,-58.2,-0.1030472186702408,0.009119333361610638,0.02992330096023621,0.03895457597653618,-0.002472173155658064
MU,2011-03-23,2011-03-24,184.21,0.09865795447298709,0.0012920025674616475,-0.015518887017658023,-0.02026217412820719,-0.2925641594242614
MU,2010-12-22,2010-12-23,-47.7,-0.026245025162003555,-0.01677078876787541,0.008881594638087575,0.23787681474860012,0.2696760483567462
MU,2010-10-07,2010-10-08,-24.6,0.08769098143109688,0.009596319372311646,-0.007318393015697033,0.08794589939681385,0.01667550812368601
MU,2010-06-28,2010-06-29,-0.84,-0.049579431648652195,-0.011261420349205742,0.00714206622377489,-0.1131224558732895,-0.3160109966920116
MU,2010-03-31,2010-04-01,59.88,-0.06086700031267478,0.034131135404962265,0.040207854993944636,-0.08920351337989763,0.06808929311689038
MU,2009-12-22,2009-12-23,108.36,0.06747061194928539,0.012282546462172528,0.061612334893502485,-0.04659270000197757,0.0019644970955696728
MU,2009-09-29,2009-09-30,46.26,-0.021569242391182852,-0.05933338602325988,0.0004495102771413517,-0.15589800839527534,0.16803658550423028
MU,2009-06-25,2009-06-26,12.81,-0.026867775050685272,-0.007403082165679642,-0.018964110570399484,0.17029260378500677,0.5207719447109949
MU,2009-04-02,2009-04-03,-35.18,0.037077988800022554,0.012277033140222327,-0.04307681042013456,0.09254470137382542,0.02701470142333684
MU,2008-12-23,2008-12-24,-65.85,-0.0030687214792801676,-0.005769486901714416,0.023827677820755344,0.34712902172256066,0.4918433219686943
MU,2008-10-01,2008-10-02,-15.56,0.14186574996630763,0.004571570362706723,0.05516411134930033,0.12786472368705115,-0.25654505950941264
MU,2008-06-26,2008-06-27,-2.61,-0.15743607621811273,-0.019922426982667996,-0.08195766189745812,-0.21867809720835618,-0.2644742709370701
MU,2008-04-02,2008-04-03,-12.47,0.12851880112249847,-0.0033233939391252854,0.03689826376180694,0.16315877904873854,-0.036878495576875836
MU,2007-12-20,2007-12-21,-24.24,-0.060353693299457056,-0.004770045119551591,-0.024223104796102568,-0.013891073392530706,-0.10190680381649275
MU,2007-10-02,2007-10-03,31.32,-0.05037505764993411,-0.01366488881961847,-0.018659970463943965,-0.027072098914983522,-0.28603679416923355
MU,2007-06-28,2007-06-29,-32.59,-0.010467943831517168,-0.013030851904304863,0.05328053100761365,-0.020426996681654708,-0.1803498715536359
MU,2007-04-04,2007-04-05,-2900.0,-0.06269831608297305,-0.030057604040430452,-0.029207985266592962,-0.011559092132195747,0.02739555137269245
MU,2006-12-21,2006-12-22,2.69,0.04467105736956578,-0.003744661862273402,0.0020518135713931684,-0.07170370633812584,-0.19137662411968248
MU,2006-10-05,2006-10-06,0.4,-0.1632776122962195,0.011296546497093773,-0.01728309122885907,-0.08795056945847002,-0.14434369849277473
MU,2006-06-28,2006-06-29,47.03,-0.08388566140816756,-0.004046574564551264,-0.012009520266012097,0.04071775423886437,0.13702542631615833
MU,2006-04-10,2006-04-11,-154.38,-0.0028886218353944004,0.012703932937514706,0.07475827354745657,0.06960547633012237,-0.004463537739106016
MU,2005-12-21,2005-12-22,-7.12,-0.01194024603267807,0.00018090048588637053,-0.006986403642471273,0.03482946464817216,0.033496798658039006
MU,2005-09-29,2005-09-30,195.24,0.12161856126890802,0.02914035161015771,0.01885497131757019,-0.021034946735364768,-0.012372599736578227
MU,2005-06-23,2005-06-24,-606.33,0.019417935571956813,-0.04018108190045766,-0.040539098789252215,0.07236634448269652,0.1342926046638515
MU,2005-03-29,2005-03-30,21.82,0.023065209436729406,-0.011497330379825144,-0.04267578075042544,-0.07305755729167696,0.015087985077330446
AVGO,2026-03-04,2026-03-05,1.32,0.05887684574635621,0.006225557356345224,0.031999754084096055,-0.01799998119379187,0.26874994382932327
AVGO,2025-12-11,2025-12-12,4.38,-0.11998538167182304,-0.05438890048237088,-0.05560543925487005,-0.033518689914181055,-0.04464062031719829
AVGO,2025-09-04,2025-09-05,1.6,0.10204008538271836,0.029673280517504175,0.05887873423617496,-0.02468819774688047,0.10088533357455698
AVGO,2025-06-05,2025-06-06,0.59,-0.05958443403937108,-0.01163298191811557,0.010739815918731632,0.06486250861555298,0.14986416042147233
AVGO,2025-03-06,2025-03-07,6.11,0.029888491523986316,-0.0272729776778744,0.025738698754244838,-0.12735386134853466,0.28330054375662517
AVGO,2024-12-12,2024-12-13,2.04,0.2324244086272783,0.10782961916800549,0.00048393227944532047,0.03256763666484841,-0.06244516251963528
AVGO,2024-09-05,2024-09-06,2.79,-0.09186110420778892,0.01668729227976251,0.1839489743212377,0.229964171516704,0.09888413146937314
AVGO,2024-06-12,2024-06-13,1.08,0.13893941954150502,0.03277444215313574,-0.01916250930681107,-0.014300787819229388,-0.1294157217326357
AVGO,2024-03-07,2024-03-08,5.44,-0.03444240351152428,-0.011060213401093422,-0.055349812287326494,0.008440328200904679,-0.014567096148889958
AVGO,2023-12-07,2023-12-08,0.94,0.03303349800310884,0.08606071798639614,0.17240433221239249,0.11771133343456497,0.3736532250587026
AVGO,2023-08-31,2023-09-01,1.03,-0.022544654462442137,0.003920686003701546,-0.009261784862252487,0.01173876237431637,0.07867870777347807
AVGO,2023-06-01,2023-06-02,1.75,-0.0190991833798968,-0.010029660401842166,-0.013715898593442022,0.0441711916667602,0.04827716142140415
AVGO,2023-03-02,2023-03-03,1.65,0.042084444883449645,-0.0004396966676092351,0.016890077476097387,0.004442096826970499,0.23519056429841934
AVGO,2022-12-08,2022-12-09,1.64,0.050263729065881835,0.007447327245131197,0.04152027257486657,0.06657104357995869,0.15216258009392902
AVGO,2022-09-01,2022-09-02,1.92,0.0096641260012722,-0.0002655526014566645,0.009902627017094545,-0.01768180872040126,0.03929926258422478
AVGO,2022-05-26,2022-05-27,4.05,0.05213307782730303,0.0002106887440818106,-0.029447279993936815,-0.058965838852605645,-0.08283458092875895
AVGO,2022-03-03,2022-03-04,3.01,0.030492599678328514,-0.012954241547322831,-0.0024386625227292846,0.007842138514121633,0.021522570974158994
AVGO,2021-12-09,2021-12-10,0.51,0.07066526126848305,-0.007004142829702076,0.0248518838829902,-0.0027276193767208357,0.04003302493552341
AVGO,2021-09-02,2021-09-03,0.72,0.006332373913758849,0.0013853013607917353,0.016918290516075185,0.014257253683332083,0.1119805700448504
AVGO,2021-06-03,2021-06-04,2.47,-0.002719648748093384,-0.022651047146422187,-0.01309900984986323,-0.036334606565009864,-0.015098558337645951
AVGO,2021-03-04,2021-03-05,0.58,-0.03369551244207858,-0.05920096698581101,-0.024899248266970098,0.030937224884997727,-0.04902985607068966
AVGO,2020-12-10,2020-12-11,2.42,-0.023487751194370077,0.019212283109523276,0.06778499477391686,0.07834739986674588,0.048566837034307975
AVGO,2020-09-03,2020-09-04,4.0,0.010138532617398943,-0.00686935604494443,0.009931143886232618,0.022107586980313454,0.052103889418989136
AVGO,2020-06-04,2020-06-05,0.03,0.0014559877858062453,-0.010699473052801167,-0.005698759248605412,0.01855341910525743,0.00745107518788557
AVGO,2020-03-12,2020-03-13,-2.02,-0.029399886987103496,-0.08970536023104336,-0.01991159754521621,0.09902934903978333,0.17102362106946378
AVGO,2019-12-12,2019-12-13,0.63,-0.02267285562601218,0.017573684657618438,0.005878483915525701,-0.05005310939731755,-0.08509541192746539
AVGO,2019-09-12,2019-09-13,0.72,-0.028602227933828717,-0.0026282476419133838,-0.007105836629698881,-0.012077652591014676,0.04554590187444085
AVGO,2019-06-13,2019-06-14,0.55,-0.05234946084160186,-0.0002301026809052864,0.01885676616307408,0.049886229299535456,0.08214677746172638
AVGO,2019-03-14,2019-03-15,6.12,0.06605339118064668,0.008603701024979982,0.024458577280586535,0.0704104777108836,-0.04171722974436032
AVGO,2018-12-06,2018-12-07,4.8,0.009720727243048843,0.04487390211178499,0.12669858524273558,0.0638528015800579,0.12440858110191488
AVGO,2018-09-06,2018-09-07,3.25,0.055349901868735674,0.03278692535801997,0.004761762309974049,0.0526787321492288,0.07308106744610143
AVGO,2018-06-07,2018-06-08,2.99,-0.023908880484928896,0.009756332816102775,0.046862238425835034,-0.03143867564047231,-0.1844390204467503
AVGO,2018-03-15,2018-03-16,1.07,-0.021944001976915928,-0.025391511791171606,0.024226842854352504,0.017811756399033096,0.023555593047919876
AVGO,2017-12-06,2017-12-07,1.65,0.005217524044804689,-0.020535664681466614,-0.02326330063587012,-0.004007613953459055,-0.09587212480661467
AVGO,2017-08-24,2017-08-25,1.77,-0.0440993049353835,-0.009569340608541421,0.01566110836325807,-0.060044461681517225,0.06241484487138771
AVGO,2017-06-01,2017-06-02,5.47,0.051537157765950026,-0.008377142857749376,-0.040850232543677145,-0.0756144295109995,-0.04677004256109818
AVGO,2017-03-01,2017-03-02,4.39,0.022540304853059467,0.0041112811563319696,0.027640176138277628,0.02124464878735599,0.09626778728838414
AVGO,2016-12-08,2016-12-09,2.73,0.054029635443719526,-0.004045350713690166,0.002588073521929357,0.008355902057446185,0.1948860829582657
AVGO,2016-09-01,2016-09-02,4.38,-0.02331626644870577,-0.01463357397756726,-0.04055642539645865,-0.007729167050075647,-0.0001675610033833319
AVGO,2016-06-02,2016-06-03,6.45,0.050284856554768886,-0.0033658036937773694,-0.00970508616804977,-0.05179089233473,0.050907117849839034
AVGO,2016-03-03,2016-03-04,4.84,0.05917842606416879,-0.01825685392427312,0.007271323709870492,0.037314499143697555,0.007976594754279365
AVGO,2015-12-02,2015-12-03,5.48,0.1135376344847917,-0.0003011044491207926,0.016348805681261513,0.0022652107223312123,-0.024640879884849087
AVGO,2015-08-26,2015-08-27,4.78,0.09949987183244469,0.010722002201688952,-0.0010521691361062846,0.0341359444117848,-0.051596282943978444
AVGO,2015-05-28,2015-05-29,6.32,0.05383914715626548,-0.011829404951600897,-0.022282177194996033,-0.08325967674428503,-0.1572903455380067
AVGO,2015-02-25,2015-02-26,7.49,0.14401614764136705,-0.009204737685882036,0.014564982879821553,-0.007706726016381338,0.017143504851449443
AVGO,2014-12-03,2014-12-04,17.97,0.115143948299397,0.007287952814065024,-0.007739459092952483,-0.017744615929688345,0.24202451044993945
AVGO,2014-08-28,2014-08-29,19.23,0.07556498315226068,0.03619118337791216,0.07490689406842077,0.07622269018389316,0.07683953923021947
AVGO,2014-05-29,2014-05-30,10.61,0.001338567244292932,0.012583764572557055,-0.0004281206490188705,-0.01322221854882577,0.03256311043524307
AVGO,2014-02-25,2014-02-26,7.58,0.039438593607831085,-0.013648359199544324,0.0033745344362543506,0.013974819026104424,0.08410663274367458
AVGO,2013-12-04,2013-12-05,7.84,0.06725735973306124,-0.02441484738497901,-0.03413666662239245,0.08349019445016648,0.2767739053476599
AVGO,2013-08-27,2013-08-28,11.97,0.03393513341394094,0.01591637484300823,0.000815668548048043,0.07042646009063702,0.02826713135465342
AVGO,2013-05-29,2013-05-30,4.58,0.10096774142629794,0.011972458646394624,-0.009598296606450174,0.016076877574146553,-0.03293391169390314
AVGO,2013-02-26,2013-02-27,7.14,0.0029280457403579874,0.01770641875120227,0.013226673029787639,0.030757317641824544,-0.08030389634140422
AVGO,2012-11-29,2012-11-30,5.35,0.010747209261307678,-0.0033377670736586262,-0.026045471448537194,-0.10276919715335442,-0.09436763038136398
AVGO,2012-08-16,2012-08-17,9.49,-0.0016191519452528613,-0.023957055801635763,-0.016731148972775722,-0.07441702004802431,-0.06048058209358387
AVGO,2012-05-22,2012-05-23,3.48,0.08216639774947554,-0.032097367232489016,-0.006482372594591612,0.026718093871805015,0.02341646433312161
AVGO,2012-02-22,2012-02-23,7.83,0.047319272513547395,-0.025589030503274657,-0.004555247963749842,0.0007483725532260177,-0.1436891825572698
AVGO,2011-12-01,2011-12-02,4.95,0.04248295935047108,-0.014742286224857626,-0.02718059454786681,-0.09464431758013392,0.09264595076095605
AVGO,2011-08-23,2011-08-24,3.72,0.12005260283531927,-0.027830395037294564,-0.009031009475319873,0.09543045269605288,-0.06972001106884518
AVGO,2011-05-24,2011-05-25,10.48,0.07461636310785691,0.0014791497347788063,-0.023420345380764873,0.06708801183820934,-0.0328755504603504
AVGO,2011-02-23,2011-02-24,22.16,0.049158255628225955,0.0004900133690639574,-0.048240130347264154,-0.08739278593179545,-0.01022409831911153
AVGO,2010-12-02,2010-12-03,11.66,-0.027076441610222712,0.01235657559509118,-0.01858847898258076,0.010575915812830239,0.15252990384756315
AVGO,2010-09-01,2010-09-02,-58.82,0.005162338352489915,-0.01629676988878004,-0.13237503502781778,0.02250151980356052,0.18451476063688377
AVGO,2010-08-24,2010-08-25,-0.73,0.005623603747156869,0.021979909427856215,0.011205747014565448,-0.016350401304524143,0.09718301489629999
AVGO,2010-05-26,2010-05-27,16.68,0.08245683864705589,-0.019783986376438745,0.01073660796886644,0.027550464133047736,-0.015786225690666456
AVGO,2010-02-24,2010-02-25,-11.86,0.033019747264052324,0.002683986558277507,0.03581942149697914,0.02786026752336168,0.1051159810325254
AVGO,2009-12-03,2009-12-04,20.38,0.06045306792439964,0.022717557867748872,0.002731202467631144,0.12100895443421855,0.13360642188453786
GOOGL,2026-02-04,2026-02-05,7.01,-0.007630962335414271,-0.04451307800115112,-0.0725563431310321,-0.09107459538668483,0.09529614057584035
GOOGL,2025-10-29,2025-10-30,26.88,0.06290289691011353,-0.004310581460855278,0.02562064841672773,0.13225079443388532,0.16855193994215778
GOOGL,2025-07-23,2025-07-24,5.67,-0.004503604819656726,0.0010314993156483876,0.0022832955251417264,0.0376630309886814,0.2691392874732017
GOOGL,2025-04-24,2025-04-25,39.84,0.014122514278219755,-0.00871696011238321,-0.016494137715454826,-0.011508199065866087,0.0207974301501046
GOOGL,2025-02-04,2025-02-05,1.18,-0.05998752098355009,-0.0020643341183816943,-0.038925818871277884,-0.04705032523194719,-0.08252257160409293
GOOGL,2024-10-29,2024-10-30,14.83,0.04783673632849361,0.00040108392038673557,-0.007266041336718931,-0.062425934652949655,0.08029097013825925
GOOGL,2024-07-23,2024-07-24,2.54,-0.02556515557054695,-0.025780618339109274,-0.02401425414729319,-0.07510036314307134,-0.13421231252942667
GOOGL,2024-04-25,2024-04-26,25.58,0.07492394881576692,-0.037272347890596746,-0.033353175991356565,-0.02399220754194653,-0.06319697863307172
GOOGL,2024-01-30,2024-01-31,2.75,-0.07027763876545334,-0.005522110454520446,0.00731005466250334,-0.06389267044741187,0.17150758898013319
GOOGL,2023-10-24,2023-10-25,7.05,-0.0728591859383727,-0.014536179994733445,-0.005550692144967062,0.01280185835664538,0.004696797886751369
GOOGL,2023-07-25,2023-07-26,7.29,0.060803745200256554,0.007635788976032232,0.004926274566705802,0.051378722063873394,0.1261375109280285
GOOGL,2023-04-25,2023-04-26,9.45,-0.0012844262623785685,0.017503748881289694,0.007340342634017061,0.14910701001003135,0.04439609176562409
GOOGL,2023-02-02,2023-02-03,-12.33,0.03954055082205743,-0.011831243327440788,-0.08699012298292497,-0.0729877621195717,0.005013112002927977
GOOGL,2022-10-25,2022-10-26,-16.01,-0.08234837291634733,-0.02320760375911135,-0.06513483085280658,-0.0162151876533958,-0.023220637959516344
GOOGL,2022-07-26,2022-07-27,-6.05,0.03779489578431239,-0.0022822298765798887,0.010963303169400307,-0.025920779467711652,-0.030677991275697925
GOOGL,2022-04-26,2022-04-27,-3.67,-0.0451044771947301,0.011732400853649017,0.04144647749970831,-0.026586747783168607,-0.011450368022760782
GOOGL,2022-02-01,2022-02-02,12.65,0.0773006080340477,-0.009670667358072538,-0.043712940573724435,-0.047957708684002065,-0.1326302751255194
GOOGL,2021-10-26,2021-10-27,20.44,0.06734411517148153,-0.012168985827068046,-0.021145424535822466,-0.03481230421728221,-0.07775760402622522
GOOGL,2021-07-27,2021-07-28,42.7,0.020327202053379234,-0.006472575332092889,-0.007458145003914618,0.02100680492852991,0.005612422218177482
GOOGL,2021-04-27,2021-04-28,67.76,0.02176316365785569,0.007921210591446348,-0.01481314647598464,0.005015332293111463,0.07025524276298234
GOOGL,2021-02-02,2021-02-03,39.28,0.07265022010835032,-0.013915814218948719,-0.00814750071401149,0.0013684132343090294,0.04668035911181012
GOOGL,2020-10-29,2020-10-30,46.24,0.07007212163630727,-0.006128134950424524,0.016533674091033124,-0.02320670961253235,-0.014683677330570966
GOOGL,2020-07-30,2020-07-31,23.4,-0.02764664850302123,-0.010440434893227102,-0.017651252158430664,0.028117819287390988,0.021169978033885872
GOOGL,2020-04-28,2020-04-29,-8.29,0.034659778206459935,0.012678289970533219,0.03297940220177831,0.023382253143702236,0.024516834910867313
GOOGL,2020-02-03,2020-02-04,21.89,-0.013968065105800731,-0.011105323880124196,0.02588597247341151,0.005084424602344817,0.043759917027554995
GOOGL,2019-10-28,2019-10-29,-14.08,-0.00821769334699396,-0.0030354864249393376,0.011817356454675298,0.005668640956782545,0.06353636370881999
GOOGL,2019-07-25,2019-07-26,23.88,0.09066605122053417,-0.000893116558775775,-0.00817874687805309,-0.01677414168305158,0.001346535767041801
GOOGL,2019-04-29,2019-04-30,14.43,-0.0634992061644718,-0.01386910480160175,0.003947880726935082,-0.012339807599363262,-0.07786407843316001
GOOGL,2019-02-04,2019-02-05,17.57,0.01846740026916227,-0.023840870329089547,-0.024749120893465926,-0.00414202091322724,-0.05818968042362993
GOOGL,2018-10-25,2018-10-26,24.84,0.025153451355256706,-0.03969123893228621,-0.03603659612744592,-0.033839146468342185,0.00884218038229223
GOOGL,2018-07-23,2018-07-24,21.83,0.043412830876904396,0.00561771099065389,-0.023588836075481567,-0.04917695498800734,-0.10416013125892032
GOOGL,2018-04-23,2018-04-24,2.28,-0.03714023117563603,-0.002129466285510473,0.010103549820459135,0.01488520599959875,0.10305302608660782
GOOGL,2018-02-01,2018-02-02,-2.02,-0.03042602549830975,-0.008936631382366333,-0.014517876973135113,-0.010001758349169831,-0.035937106978077615
GOOGL,2017-10-26,2017-10-27,13.13,0.03309398726289259,0.0032028206550482885,0.012916923513391021,0.027312228147141848,0.038717021454003575
GOOGL,2017-07-24,2017-07-25,13.25,-0.027151052417742405,-0.003879326843956976,-0.02278423718212963,-0.02154264006292117,0.006431338761582417
GOOGL,2017-04-27,2017-04-28,6.16,0.04113368172366816,0.0064574560899803846,0.02105882239957868,0.059116087244275084,0.0038455128957495255
GOOGL,2017-01-26,2017-01-27,-2.66,-0.013019365902672164,-0.018886217939410144,-0.031082152830104626,-0.03005933259171334,0.005472333992180944
GOOGL,2016-10-27,2016-10-28,8.13,0.0025249863213325785,-0.011833978921354849,-0.028155138103654775,-0.07856282229964084,-0.03969816438000984
GOOGL,2016-07-28,2016-07-29,9.23,0.035773758707339454,0.012960254993754083,0.01481865219575429,0.0015926893753135385,0.061378523871611024
GOOGL,2016-04-21,2016-04-22,-5.77,-0.042561825528659836,0.0077406831191891845,-0.02788078530401361,-0.005115521640564058,-0.018731517968421096
GOOGL,2016-02-01,2016-02-02,7.13,0.04406778339785988,-0.046370690941960224,-0.07742946196859157,-0.09954004686796014,-0.19368013265609896
GOOGL,2015-10-22,2015-10-23,2.0,0.04270979098013128,0.01884788302677398,0.023082625578303206,0.07149754134412456,0.1051819669032944
GOOGL,2015-07-16,2015-07-17,-8.25,0.18918262039526845,-0.010208384209008825,-0.0430219865764494,-0.0002498124972971638,0.013504450176658245
GOOGL,2015-04-23,2015-04-24,-2.05,0.03973271924745836,-0.008986276339612798,-0.03482755419248662,-0.03969595645065804,0.20679029722450326
GOOGL,2015-01-29,2015-01-30,-3.49,0.052468827639149174,-0.022336526680976854,-0.037411675081756024,0.006832095706728714,-0.014954546489973408
GOOGL,2014-10-16,2014-10-17,-2.6,-0.043787686323612296,0.008283488353653556,0.00734778126060065,-0.022063808062339874,-0.10420470853902475
GOOGL,2014-07-17,2014-07-18,-2.42,0.025796370440058336,-0.009150950420587556,-0.011668284089021097,-0.02530007601924389,-0.052084964192051664
GOOGL,2014-04-16,2014-04-17,-2.31,-0.021657512957703018,-0.010793861140042993,-0.03671464021374471,-0.036587094331129055,0.028279681137121315
GOOGL,2014-01-30,2014-01-31,-3.19,0.062217519252183884,-0.01774972854578427,-0.011407297771903968,-0.019772024015329848,-0.15098142168876671
GOOGL,2013-10-17,2013-10-18,2.99,0.11277170222817778,-0.008075797143081154,-0.005198194974066039,-0.010556215963799298,0.07102223834043597
GOOGL,2013-07-18,2013-07-19,-11.28,-0.031160762993119206,0.013775878624500137,-0.012192332317755183,-0.0245234299735273,-0.038240825662514855
GOOGL,2013-04-18,2013-04-19,12.69,0.01973441029104528,-0.004138508799125251,-0.0158141114712409,0.06295263929433359,0.06656023571261094
GOOGL,2013-01-22,2013-01-23,0.82,0.045493242813027246,0.016873199219963997,0.011942088676412332,0.06583658967655914,0.03318450537369122
GOOGL,2012-10-18,2012-10-19,-15.68,-0.07833215140333893,-0.00471568066011907,0.004487644857665618,0.011953767850131913,-0.008464691181150119
GOOGL,2012-07-19,2012-07-20,-0.04,0.05831118014784975,0.01779070554715212,0.023326911299357267,0.06673443062107864,0.15169172976725398
GOOGL,2012-04-12,2012-04-13,4.22,-0.018884619089186705,-0.029010845985718903,-0.051599688963839596,-0.01985510160187476,-0.05187664302341666
GOOGL,2012-01-19,2012-01-20,-9.38,-0.08315727783514448,0.0017747971995418776,-0.009270791598966488,-0.001974416028542203,-0.01841512790708877
GOOGL,2011-10-13,2011-10-14,10.91,0.06365128429635125,0.003424125922248167,-0.013433066937507898,-0.005194535397212929,-0.002839911629773484
GOOGL,2011-07-14,2011-07-15,11.82,0.11141892098514972,0.0037166968546886725,0.012541401107555528,0.046403885411969936,-0.013890444079409536
GOOGL,2011-04-14,2011-04-15,-1.46,-0.08350500019834795,0.003935137237129682,-0.022763988214788977,-0.03184867487374676,0.010809701587012999
GOOGL,2011-01-20,2011-01-21,9.15,-0.032466665206072,-0.006912850262340453,-0.01265408745529717,-0.018158087100768494,-0.1603896438145057
GOOGL,2010-10-14,2010-10-15,14.9,0.1088967408248308,0.022106700923236966,0.012899585962856897,-0.018181401153933407,-0.06415398047827625
GOOGL,2010-07-15,2010-07-16,0.22,-0.03731001612500029,0.008388358897514436,0.031093635873087777,0.04271005567958164,0.07286822073899413
GOOGL,2010-05-05,2010-05-06,2.41,0.023766108771898886,0.0037856430964198218,-0.0025203214878548597,0.054288465259933916,-0.019720356530948946
GOOGL,2010-01-21,2010-01-22,4.88,-0.01128423689623892,-0.023327171606782438,-0.019824931397606105,-0.03096443835300866,-0.10227150910690974
GOOGL,2009-10-15,2009-10-16,8.69,0.030985335655898893,-0.0041917889533595876,0.014422354822604455,0.03367020286089861,0.009438651315288427
GOOGL,2009-07-16,2009-07-17,6.29,-0.027404012379366294,-0.010809432244286543,-0.003469924201420893,-0.0016067966814190537,0.06859081948290702
GOOGL,2009-04-16,2009-04-17,4.93,0.01210373480904603,0.008925695851387472,-0.002187177067128565,-0.02442903399398333,0.03631536043285477
GOOGL,2009-01-22,2009-01-23,3.16,0.08251786094118285,-0.009415033571741227,0.045961923683285444,0.11830008118471258,0.1440500638985731
GOOGL,2008-10-16,2008-10-17,3.68,0.0629508964010077,-0.0418800853918726,-0.02305723592432174,-0.09712074637496482,-0.10462145092409203
GOOGL,2008-07-17,2008-07-18,-1.78,-0.11764001721613038,-0.0265674011255721,0.02611648867720695,0.026638591188805627,-0.01753438163316623
GOOGL,2008-04-17,2008-04-18,6.86,0.17352709032919744,-0.0035085579675233625,0.0005327285371525825,0.045193625545608684,0.07869734497749326
GOOGL,2008-01-31,2008-02-01,-0.82,-0.09365581278191759,-0.027069209078772416,0.048171231175910045,-0.07057136862642321,0.08116530433310443
GOOGL,2007-10-18,2007-10-19,3.42,0.04741936853887985,0.0035553473163061344,0.01997014941778552,0.008737567995193984,0.0353198887780487
GOOGL,2007-07-19,2007-07-20,-2.62,-0.04718752087668254,-0.01769340095318328,0.03883494300585821,0.018657211612417623,0.17761634874109977
GOOGL,2007-04-19,2007-04-20,11.22,0.0044247279091418346,-0.0032788128899812197,-0.01331412099547502,-0.05211696809732691,0.10457301440904221
GOOGL,2007-01-31,2007-02-01,25.0,-0.038175598491036355,-0.0019013621713650508,-0.02508674416463985,-0.04832660089576157,-0.05104027533163491
GOOGL,2006-10-19,2006-10-20,9.57,0.09442317228247177,0.041320120424557905,0.025965220635779884,0.05894208508834531,0.015922143623351204
GOOGL,2006-07-20,2006-07-21,11.76,-0.008436947456426203,-0.016208583274851973,-0.037614492423246215,-0.071679670323758,-0.02774363127314805
GOOGL,2006-04-20,2006-04-21,13.98,0.06327204882834447,0.009608295904292685,-0.046274722085056896,-0.12258567919675101,-0.02733148333315416
GOOGL,2006-01-31,2006-02-01,-17.32,-0.05827666142210175,-0.0026817148972511085,-0.06760199373653253,-0.07059969003715982,0.012158950911230093
GOOGL,2005-10-20,2005-10-21,8.62,0.11484445472214078,0.010251610810028788,0.039614229227029174,0.11817776686141945,0.1921198107989306
GOOGL,2005-07-21,2005-07-22,7.44,-0.03157925380814741,-0.018826970497472728,-0.050031693280839784,-0.06541272349572913,0.040353173810899534
GOOGL,2005-04-21,2005-04-22,39.43,0.0738456943187622,0.02919595270814357,0.017857862431187144,0.08883194013532147,0.3672257667400667
GOOGL,2005-02-01,2005-02-02,19.48,0.04346403335676974,0.026389847232903607,-0.07015480593089618,-0.10835786906815137,0.0938693896156979
META,2026-01-28,2026-01-29,8.0,0.09917690019583103,-0.02655788369649803,-0.06857905576916545,-0.11047737701507998,-0.11331892587099135
META,2025-10-29,2025-10-30,8.66,-0.10255311349987739,-0.0304683374685647,-0.05731259205622974,-0.033024860819960256,-0.021745606751776725
META,2025-07-30,2025-07-31,21.82,0.10991988047141188,-0.013902618418174972,-0.015279734500568742,-0.05551305834879583,-0.11914442398121738
META,2025-04-30,2025-05-01,23.53,0.024563457366317154,0.02851411315450303,0.0332883792274663,0.07619461026187002,0.08340519246408684
META,2025-01-29,2025-01-30,19.0,0.017928547913713233,0.008495190068484537,0.034260018173440265,-0.009416047022266838,-0.11225879571575637
META,2024-10-30,2024-10-31,13.86,-0.020749490562530948,-0.00496079798710547,-0.004932829452770848,-0.047758607016604504,0.14378477932488565
META,2024-07-31,2024-08-01,8.45,0.07272765725073538,-0.0006685059143658467,0.046650177610586985,0.012896264550702918,0.0831816314227285
META,2024-04-24,2024-04-25,8.11,-0.10602865238244252,-0.005146546350536463,-0.002379032849242124,0.01065268413270637,0.0048545322995305895
META,2024-02-01,2024-02-02,7.88,0.1937325052340133,-0.029159350677757212,-0.028341020598313005,0.01364571991558905,-0.11198843668162384
META,2023-10-25,2023-10-26,21.96,-0.051272880389297226,0.03359459740923132,0.03395962351847781,0.06936055758824233,0.17362014390824698
META,2023-07-26,2023-07-27,2.51,0.06502343563952362,0.03438526122257568,0.012814464541362036,-0.04559853429662075,0.056072252653121435
META,2023-04-26,2023-04-27,11.2,0.13382154382936728,-0.0011573655199776933,-0.003474292263111467,0.0537989548907114,0.12592436809926477
META,2023-02-01,2023-02-02,-21.53,0.2418285424280897,-0.0012372655095268525,-0.03422788323936721,0.011560504710829922,0.2874763876513913
META,2022-10-26,2022-10-27,-11.32,-0.27492691351795806,-0.01092572973205086,-0.06859283491518064,0.07871445355970574,0.38631583978998485
META,2022-07-27,2022-07-28,-3.56,-0.028969476842649833,-0.02465854073646212,0.041339778586737985,0.01705154855241009,-0.11660168695583895
META,2022-04-27,2022-04-28,7.57,0.10880110251455877,0.011388362757855264,0.04511980255081249,-0.0159428805826628,-0.1440600183760674
META,2022-02-02,2022-02-03,-4.06,-0.24065140209697222,-0.007520230297691,-0.046846006368611914,-0.12625259690648127,-0.04296580859932031
META,2021-10-25,2021-10-26,1.52,-0.03337696585475014,-0.006937545140548895,0.025825086869307734,0.041066350405298824,-0.003965614900891867
META,2021-07-28,2021-07-29,17.94,-0.029536915340908854,-0.0007809755043518551,0.010458040951683678,0.0041809422335803426,-0.12567161613106503
META,2021-04-28,2021-04-29,40.65,0.07936618253044503,-0.00687385130013507,-0.026443647345982035,0.01166566262328328,0.07701241587538155
META,2021-01-27,2021-01-28,19.91,-0.044399626670319825,-0.005150452162361763,-0.017045478855857166,-0.035078482847172965,0.034054141385114534
META,2020-10-29,2020-10-30,25.57,-0.01666870571102408,-0.017859645197742635,0.042827153779921856,-0.05609891390281696,-0.1542045569868391
META,2020-07-30,2020-07-31,28.88,0.08305351073643097,-0.013693479406016396,0.03357105987106612,0.08395924957885037,0.04882666414738179
META,2020-04-29,2020-04-30,0.66,0.10256036300786153,0.014553726714806814,0.04163580679207468,0.05191036731937482,0.02303121021795862
META,2020-01-29,2020-01-30,1.26,-0.04034313565473768,-0.018209156189813225,-0.01292621909538183,0.01446603888573994,0.013701664233639166
META,2019-10-30,2019-10-31,10.84,0.011965214921549894,0.0010154909234780796,-0.022407026119366402,0.015927899065122375,0.0827044822665235
META,2019-07-24,2019-07-25,6.13,-0.008053629108412785,-0.011482916813218114,-0.022558573631471845,-0.06755327551574497,-0.07185693546107463
META,2019-04-24,2019-04-25,-47.31,0.05441717958266834,-0.013815029127477119,-0.0007980314030345825,-0.03017774146922536,0.02188787917212398
META,2019-01-30,2019-01-31,9.35,0.13129174874944693,-0.0063605996323076175,-0.0026375776269801365,-0.06531814615673992,0.07503176886588303
META,2018-10-30,2018-10-31,21.14,0.04260887743442776,-0.010905433668285558,-0.04006785996534745,-0.09874775886940046,-0.0035293226375114894
META,2018-07-25,2018-07-26,2.56,-0.1850683218322542,-0.0009968531414189519,0.003976326612207148,-0.027709526943744733,-0.10539815982882517
META,2018-04-25,2018-04-26,24.81,0.07795042044055145,-0.00421165425538339,0.013052105000431302,0.04321129796273393,0.15413064515635178
META,2018-01-31,2018-02-01,12.3,0.03254346555013643,0.0072168663750673545,-0.026343205987820806,-0.0409046386641051,-0.052363849160157794
META,2017-11-01,2017-11-02,23.94,-0.008041915652844067,-0.003338850270629301,-0.00012810213234604184,-0.04802082177991629,-0.05542390510145134
META,2017-07-26,2017-07-27,17.46,0.0321087624349663,0.012966491114078993,-0.00988324114514938,-0.0028560230690817257,-0.018613825407501228
META,2017-05-03,2017-05-04,21.35,-0.012590360450330351,-0.007980639894998642,-0.007966429032336908,-0.004362210634197394,0.08338674962211212
META,2017-02-01,2017-02-02,7.41,0.0029354357375446227,-0.005822907904051489,0.012796815727175836,0.001622074164350673,0.11278216352837878
META,2016-11-02,2016-11-03,15.41,-0.06279138402217899,0.007351730530734901,-0.03232128956278646,-0.0905411544774718,0.013585639229557911
META,2016-07-27,2016-07-28,18.68,0.031090693154575577,-0.010094494629223627,-0.0034594113456154485,-0.013170547585432013,0.0644444186634181
META,2016-04-27,2016-04-28,29.18,0.08031651265414963,0.012680703720822195,0.021207310718770578,0.014362749089494198,-0.007801605868001937
META,2016-01-27,2016-01-28,27.56,0.1266476441736043,0.00403429302673719,-0.0005194838383599798,-0.04252824849215198,-0.0997310903024411
META,2015-11-04,2015-11-05,13.85,0.064273784377187,-0.014739479352570695,0.018463664454783757,-0.021199775115290254,0.1204149021641957
META,2015-07-29,2015-07-30,6.23,-0.007957435179184569,-0.011085521378059182,0.010770769687145187,-0.0027710736798317592,0.08389492995508863
META,2015-04-22,2015-04-23,10.21,-0.021912978614857748,-0.012998816621189402,-0.031383268944872644,-0.034501231733161886,0.17641465523377908
META,2015-01-28,2015-01-29,11.0,0.03299502640818097,-0.014219759157961587,-0.05108731851365744,-0.03048709339265354,0.002002557790418802
META,2014-10-28,2014-10-29,2.88,-0.0649982430231073,-0.02947924550312775,-0.03492911734178017,-0.02490395691930347,-0.030073879701553174
META,2014-07-23,2014-07-24,22.72,0.08016060585415397,0.007482299464939168,-0.0030859051800367077,-0.00974692719996506,0.05974765803870541
META,2014-04-23,2014-04-24,42.89,-0.03395034414105269,-0.04371482586387976,0.0019381202223365257,-0.015120323976108074,0.08446984365121946
META,2014-01-29,2014-01-30,-0.29,0.10683219546264833,0.030252725450036433,0.02744575058205656,0.08143407685397897,-0.1281620154183346
META,2013-10-30,2013-10-31,34.6,0.024185429467692865,-0.01155059538132408,-0.04788601127191616,-0.09337002156699559,0.0517709609107615
META,2013-07-24,2013-07-25,52.74,0.31620474843382373,-0.011251760025296265,0.08085347570604084,0.138933451299037,0.5406445993739508
META,2013-05-01,2013-05-02,-4.14,0.042773444525475046,-0.032923208891740385,-0.08621353010133248,-0.182636713915447,0.16206820561294322
META,2013-01-30,2013-01-31,308.48,0.012542852321947184,-0.05063637122130138,-0.08362654519376256,-0.11939167888511681,-0.1979766850516611
META,2012-10-23,2012-10-24,-134.07,0.21904648949473837,-0.03174957136792622,-0.09207718779770646,0.11644674298867197,0.27091520740725317
META,2012-07-26,2012-07-27,8.83,-0.22712267048532409,-0.023618932183213426,-0.11533334433334252,-0.20176499352963007,-0.22478157535654353
AMZN,2026-02-05,2026-02-06,0.22,-0.10375620133374508,-0.012429299624992507,-0.04197774494072459,0.032954675077056184,0.24977451213666169
AMZN,2025-10-30,2025-10-31,25.2,0.0681968445300648,0.038169115215901384,0.01703760214974237,-0.0397144915005061,-0.030766982111710472
AMZN,2025-07-31,2025-08-01,27.19,-0.046994743667138406,-0.029635283337880236,0.0121066131683496,0.02883117389982348,-0.04832064193109664
AMZN,2025-05-01,2025-05-02,16.77,0.00811202065067862,-0.013372787512029527,0.020482216599738146,0.04195950294032036,0.0888936825430755
AMZN,2025-02-06,2025-02-07,25.29,-0.02401456863883933,0.010620871546181299,-0.016915270657701487,-0.08413904072089529,-0.12556269766250927
AMZN,2024-10-31,2024-11-01,25.22,0.04244618263503186,-0.008708284910443065,0.004240983747323623,0.007497073030401813,0.14337977549983782
AMZN,2024-08-01,2024-08-02,23.76,-0.06952730741742463,-0.011853073970498285,-0.005886589022441657,0.005373438650448925,0.028751959111674275
AMZN,2024-04-30,2024-05-01,17.67,0.008205840520131513,0.022601800606277367,0.016622916811361188,-0.042700991475890016,-0.06880661973505031
AMZN,2024-02-01,2024-02-02,24.38,0.08326987664448615,-0.005089442027155999,0.001509153570441013,-0.002726701657545183,-2.2549763701862346e-05
AMZN,2023-10-26,2023-10-27,62.22,0.06876372136583031,0.026951583338048035,0.026552635707739913,0.0498372773282556,0.041766262966196344
AMZN,2023-08-03,2023-08-04,91.19,0.09598028668988934,0.010258352415359218,-0.005715059425772662,-0.0201919867092607,0.017441345573390055
AMZN,2023-04-27,2023-04-28,44.29,-0.024136097743624907,-0.031233061442223042,0.009925405010967281,0.12918972728029532,0.11603934835684004
AMZN,2023-02-02,2023-02-03,-82.2,-0.020511142135646643,-0.005592032363324617,-0.045452600540277666,-0.07412912855441689,0.002180728070888538
AMZN,2022-10-27,2022-10-28,35.53,-0.1242376915177833,-0.002156716064027231,-0.08763202397813241,-0.10919180383555649,-0.08573092232284973
AMZN,2022-07-28,2022-07-29,-273.3,0.08826184105340862,0.006221649165389809,0.03975710685996803,-0.01490880839249209,-0.03550290104360354
AMZN,2022-04-28,2022-04-29,-190.58,-0.08786831855925581,-0.004261405057533141,-0.07490989690563998,-0.08141499684693099,-0.004248038130020504
AMZN,2022-02-03,2022-02-04,657.12,0.06556947140749703,0.005086924629491674,-0.009205169252283985,-0.06282180508448854,-0.14263953674072027
AMZN,2021-10-28,2021-10-29,-31.21,-0.017610519533817537,-0.017827364215844632,0.02325117337537952,0.04443454293577731,-0.1234089611792556
AMZN,2021-07-29,2021-07-30,23.06,-0.08266017982970153,0.0032668348504860667,-0.003862370309091201,-0.020149039948913927,-0.044356870589497
AMZN,2021-04-29,2021-04-30,67.3,0.0028188351484058627,-0.02549701028326279,-0.06225376220238754,-0.07703638925860234,-0.009619993426230877
AMZN,2021-02-02,2021-02-03,100.1,-0.02401661841931335,-0.005789889191895714,-0.02938662438305384,-0.08763223069797144,-0.04965789658906328
AMZN,2020-10-29,2020-10-30,64.25,-0.03967025168575533,-0.021639359726809082,0.018313688916177684,-0.06533665064023064,-0.0950310933621874
AMZN,2020-07-30,2020-07-31,582.21,0.038927644892760016,-0.023633404755047493,-0.023775546235990097,0.001240553367950925,-0.030191450432793587
AMZN,2020-04-30,2020-05-01,-19.8,-0.0009904495853034767,0.010343778504169565,0.0068068282410882475,0.00044275004986382704,0.1717405330758348
AMZN,2020-01-30,2020-01-31,62.82,0.096090881347909,-0.009678642012132643,0.002584024700991172,0.012021433927659975,0.2586899749719864
AMZN,2019-10-24,2019-10-25,-5.79,-0.00621200006479139,0.003305629472203364,0.002042027021843973,-0.03989739166770945,-0.035299344986681636
AMZN,2019-07-25,2019-07-26,-5.83,-0.030759353911044007,-0.013927096874259304,-0.030569227406796018,-0.042730317045974076,-0.0789000584169478
AMZN,2019-04-25,2019-04-26,51.64,0.02166489150882711,-0.00782209324270633,0.003951787192138623,-0.029057602298933394,-0.0050510003491579525
AMZN,2019-01-31,2019-02-01,9.54,-0.03572853704318235,-0.0026820411786254716,-0.024891218104999502,0.008422548134899399,0.09113791554957662
AMZN,2018-10-25,2018-10-26,86.22,-0.01289054593806016,-0.057722965766327405,-0.01089426916774383,-0.045602020130711685,0.009352508334079301
AMZN,2018-07-26,2018-07-27,99.34,-0.015746468260869007,-0.01571419790300088,-0.004433232448149971,0.02685035704043548,0.0029628751943334697
AMZN,2018-04-26,2018-04-27,165.81,0.06589766753720916,0.003563675847299108,0.007322755548761717,0.0028937165188978042,0.10197550027082336
AMZN,2018-02-01,2018-02-02,16.43,0.008447840641898074,0.013884809176650026,-0.01253923256725098,0.0773340860861953,0.14067196701107287
AMZN,2017-10-26,2017-10-27,3900.0,0.12212577738464891,0.012717395078603255,0.006802033469660795,0.07640127892482718,0.14668401169826373
AMZN,2017-07-27,2017-07-28,-71.37,-0.02901540574585948,-0.03105948629503119,-0.033847505223582375,-0.06379338044866678,-0.09509264629819159
AMZN,2017-04-27,2017-04-28,34.3,0.018608537983456297,0.022604525024704225,0.003098517789104527,0.061283828827327635,0.07989760571290061
AMZN,2017-02-02,2017-02-03,9.7,-0.0341677584913308,-0.0013718738965351474,0.011841249749795502,0.008443544014654858,0.12312567370710825
AMZN,2016-10-27,2016-10-28,-35.74,-0.05063457728014542,0.017342671099017437,-0.008626026097621642,-0.04965941572299959,-0.004423583511460105
AMZN,2016-07-28,2016-07-29,63.72,0.027283150912579046,0.012597252662058467,0.004566859039090154,0.012645856050887083,0.10975043228532677
AMZN,2016-04-28,2016-04-29,76.92,0.10183471176196246,0.028832330159715758,0.02472750709759175,0.060872369600716514,0.059258794864760045
AMZN,2016-01-28,2016-01-29,-37.27,-0.023456288580484763,-0.020405251063945973,-0.11479747608560731,-0.05791355248283214,-0.03312317176654567
AMZN,2015-10-22,2015-10-23,231.17,0.04979748609543022,0.018450225695497258,0.042831943027715536,0.10721325247101077,0.054896467179721076
AMZN,2015-07-23,2015-07-24,240.32,0.10022062143152421,0.009576260193968844,0.0006934444169852672,-0.017121376651797693,0.09977635889843584
AMZN,2015-04-23,2015-04-24,-12.15,0.1370247808222933,-0.01053587011138657,-0.04554960127058039,-0.04558078371386165,0.091044117787896
AMZN,2015-01-29,2015-01-30,152.53,0.17000998253451982,0.01565304355341257,0.025123129157118118,0.024933299291612254,0.14607963819579872
AMZN,2014-10-23,2014-10-24,-23.73,-0.10219701579154183,0.01151153338813049,0.03747261778411959,0.10656576828397935,0.026008423980228956
AMZN,2014-07-24,2014-07-25,-83.42,-0.09066686258154877,-0.011515222018188442,-0.025912068432744628,0.01595931789617011,-0.021907962018523075
AMZN,2014-04-24,2014-04-25,-2.87,-0.05774010544405994,-0.027029089266213946,0.004256198296570979,0.00588577034627491,0.11860679419151654
AMZN,2014-01-30,2014-01-31,-26.41,-0.07107739805148838,-0.012455287806863669,-0.0017551396165778055,-0.03512497185739494,-0.22092418752123932
AMZN,2013-10-24,2013-10-25,-15.09,0.10419554482511262,-0.01598372697253303,-0.013558522525483063,-0.0030750568223445462,0.0558732878832775
AMZN,2013-07-25,2013-07-26,-154.05,0.040220050094713855,-0.015867179180239277,-0.03587949725389683,-0.05578649703000105,0.009940221475292166
AMZN,2013-04-25,2013-04-26,104.55,-0.05425613606539437,-0.02659504979173899,-0.007064346377452679,-0.01748164867350588,0.1069701048808005
AMZN,2013-01-29,2013-01-30,-21.05,-0.011882372889834958,-0.024150797664087897,-0.045904861445103085,-0.041388172755236985,-0.12494009242060089
AMZN,2012-10-25,2012-10-26,-777.19,0.04033121192868938,-0.02245634069743596,-0.01424472185308645,0.03645314911723263,0.08944262216221355
AMZN,2012-07-26,2012-07-27,-39.76,0.05815405245549954,-0.005182921659103945,-0.014733631390213664,0.0150726961079366,-0.0545441663441234
AMZN,2012-04-26,2012-04-27,333.44,0.1581821794895102,0.025965644773569663,0.01153981353332556,-0.0024886213980086502,0.024276644099328504
AMZN,2012-01-31,2012-02-01,105.85,-0.07441585194040923,0.01100815021003232,0.013012231613175995,-0.03647521674883358,0.19963829519554377
AMZN,2011-10-25,2011-10-26,-44.22,-0.15553495918628657,0.007402661206404426,0.08928824566179994,0.014839308031514675,-0.12177013398426628
AMZN,2011-07-26,2011-07-27,21.52,0.06643217114840527,0.009111240053023661,-0.022523960046987757,-0.03351624074630777,0.11347220857695162
AMZN,2011-04-26,2011-04-27,-28.25,0.045267075941652024,-0.011176624411038727,0.023178480745524532,0.0019518619470968446,0.10427099105215598
AMZN,2011-01-27,2011-01-28,2.64,-0.009193750333895245,-0.01628132462086085,0.0011330897378774019,-0.029951709679475913,0.00526977607466117
AMZN,2010-10-21,2010-10-22,5.85,0.0618507822090244,-0.003726062548634279,-0.024242038549887934,-0.041875601540596,0.01553993485806604
AMZN,2010-07-22,2010-07-23,-14.97,-0.018931824907690187,-0.014369714992476301,-0.006976392313143287,0.10087210071958674,0.29894200849812513
AMZN,2010-04-22,2010-04-23,10.89,-0.028652784757569938,0.028005229809424215,-0.02083547973824995,-0.041321891375662,-0.05862802442077053
AMZN,2010-01-28,2010-01-29,19.38,0.043886253367755534,-0.06769964197061384,-0.05715269936286804,-0.04884094970473307,0.024633210393637084
AMZN,2009-10-22,2009-10-23,37.03,0.26974347607962723,0.06272852227191272,0.04452168176003091,0.08177897145176471,0.029556066317933727
AMZN,2009-07-23,2009-07-24,4.1,-0.05217228088850323,-0.02897209552086688,-0.01608910497409599,-0.06729899334691758,-0.03026118734408323
AMZN,2009-04-23,2009-04-24,34.51,0.04133721554130565,-0.006403047812317264,-0.07931357913907366,-0.1316608267685121,-0.05517396002511776
AMZN,2009-01-29,2009-01-30,30.52,0.22017017181825393,0.04263094777637433,0.08131555646302169,0.20154521512625656,0.36041019727628076
AMZN,2008-10-22,2008-10-23,3.85,0.045293059056107254,0.02368736061647614,0.07670916513566461,-0.12673672904306765,0.08025501144754899
AMZN,2008-07-23,2008-07-24,42.86,0.1736114455306057,-0.004969668692204943,-0.0407516076152461,0.03942687492962471,-0.10352920912397678
AMZN,2008-04-23,2008-04-24,4.94,-0.026749944699683503,0.031549116307179714,0.0012526207615672913,0.011605229981334952,-0.03439905784660191
AMZN,2008-01-30,2008-01-31,1.31,0.039967073795446284,-0.05559839317290205,-0.0623449782363944,-0.14442730559556904,0.0334712521190077
AMZN,2007-10-23,2007-10-24,3.6,-0.034286559276760165,-0.008236903647126592,-0.016193157042874384,-0.03639823200998027,0.01694856184636384
AMZN,2007-07-24,2007-07-25,19.8,0.21661036808833167,-0.0015004150917751202,-0.06875717178029761,-0.0564000254603505,0.02405689106939435
AMZN,2007-04-24,2007-04-25,66.67,0.2593396628142888,0.10394995484159941,0.07652178187340475,0.1947727942209232,0.22955031429661488
AMZN,2007-02-01,2007-02-02,16.75,-0.014806740408526475,-0.006427699984239643,0.041578803921226704,0.04242225766184393,0.6285394056113363
AMZN,2006-10-24,2006-10-25,96.85,0.13958372294580923,0.013346509028068443,0.007585376817719425,0.12155134636314124,-0.05742037036696157
AMZN,2006-07-25,2006-07-26,3.55,-0.23953755442417635,0.012370423182289758,-0.016329385460895574,0.048489779640154884,0.1557149061750862
AMZN,2006-04-25,2006-04-26,2.39,0.003895630050235188,-0.006228493645666355,-0.05488888068767772,0.01567421649764955,-0.02738375998761078
AMZN,2006-02-02,2006-02-03,1.12,-0.11195589961911556,-0.01252670179295845,0.002027365642387924,-0.05339834352306638,-0.14765841576307348
AMZN,2005-10-25,2005-10-26,2.56,-0.1480759506181344,-0.006718850703563262,0.005219834854035099,0.14941478229637206,0.04165298010826013
AMZN,2005-07-26,2005-07-27,45.99,0.14532714494214405,0.040205340769683406,0.04884460038284977,-0.007998154042785144,0.07654899720220698
AMZN,2005-04-26,2005-04-27,12.46,-0.04813603122269394,0.03775872087548782,0.05462210097127396,0.07877419160945842,0.12387171591279089
AMZN,2005-02-02,2005-02-03,-12.94,-0.15884807873543172,-0.011515416297063985,-0.005717402304305397,-0.028894039807647376,-0.05644931337579906
NFLX,2026-01-20,2026-01-21,1.43,-0.02094936228079325,-0.02654471598820929,-0.023054001743991193,-0.09659574356761824,0.1010699442374765
NFLX,2025-10-21,2025-10-22,-15.79,-0.0934411203458625,-0.008420175407361286,-0.043631446975636146,-0.006921884667324907,-0.23600276278098298
NFLX,2025-07-17,2025-07-18,1.95,-0.03823063289239559,0.01797584061664126,-0.03894460769587049,-0.000702626837610687,-0.05133583886490589
NFLX,2025-04-17,2025-04-21,16.37,0.04973847411580168,0.027053655603186177,0.052025711112705375,0.04865719844993155,0.06399707760413298
NFLX,2025-01-21,2025-01-22,1.78,0.09692056847090869,0.02690085176909096,0.03295992626777822,0.06745566945341652,0.1493139942344499
NFLX,2024-10-17,2024-10-18,5.32,0.08422966380271135,0.0123507448540775,-0.0025625046126627193,0.07665292874268603,0.08727133452434077
NFLX,2024-07-18,2024-07-19,2.47,-0.007533860894455624,0.012047810868694553,0.005177450170780307,0.05461919989328523,0.05815844425562422
NFLX,2024-04-18,2024-04-19,16.66,-0.08480130948694564,-0.010001915528272232,-0.015303801597660538,0.049768170928845334,0.038114130198161345
NFLX,2024-01-23,2024-01-24,-4.8,0.11778828464092328,0.02599980834308857,0.04048232345405012,0.034468077310588985,-0.0046326689434808
NFLX,2023-10-18,2023-10-19,6.74,0.15145020516049357,0.010272035696361925,0.03695483050167292,0.10641995912489843,0.08350032985553701
NFLX,2023-07-19,2023-07-20,15.36,-0.07430219309454156,-0.022678445582832274,-0.05612430884348407,-0.043547880258615335,-0.14450057668220995
NFLX,2023-04-18,2023-04-19,0.46,-0.029336196627304245,0.012358531317262056,0.017518535248820744,0.04948487819460534,0.3001651149214335
NFLX,2023-01-19,2023-01-20,-75.18,0.038337395953884856,0.031563485449071615,0.02858815404993975,-0.012804367819936546,-0.07598850837930338
NFLX,2022-10-18,2022-10-19,45.21,0.1067217670143914,-0.007107751317537048,0.059646706099854896,0.050369527253584234,0.11327818248117016
NFLX,2022-07-19,2022-07-20,8.75,0.10010407875871752,0.024191172224279356,0.03175171669484955,0.0334096602420455,0.14339273839443767
NFLX,2022-04-19,2022-04-20,20.97,-0.34591066296171125,-0.02028247253996518,-0.10474978219455444,-0.097790407813648,-0.01851534484905304
NFLX,2022-01-20,2022-01-21,61.49,-0.19896077096420883,-0.030284308478846445,-0.04212075963056161,-0.00706035631649693,-0.14226958955729252
NFLX,2021-10-19,2021-10-20,24.49,-0.03178358427603756,0.042213768900651205,0.057052635219580594,0.07168686393896384,-0.18990316763392023
NFLX,2021-07-20,2021-07-21,-5.91,-0.05758067658053978,-0.005715371829623783,0.0011900728832205942,0.005388250371333614,0.21240529555487853
NFLX,2021-04-20,2021-04-21,25.48,-0.08420823011842904,0.008897238004439867,-0.007873411128392127,-0.029136372722316173,0.0019789896474631252
NFLX,2021-01-19,2021-01-20,-15.07,0.15563748064437566,-0.011997376498549817,-0.0828541034458159,-0.08280480078536767,-0.15836436126827091
NFLX,2020-10-20,2020-10-21,-18.71,-0.0806213656384378,-0.013296241727276503,0.04114244106378939,-0.05438050360369551,-0.08350524424301287
NFLX,2020-07-16,2020-07-17,-13.13,-0.05744485516519027,0.011026247911611664,-0.022825818998336578,-0.06791046972994075,-0.004869714408240133
NFLX,2020-04-21,2020-04-22,-4.02,-0.027889065671815816,0.012600678884233107,-0.07316965494783734,-0.001594952988415832,0.012052761227475894
NFLX,2020-01-21,2020-01-22,147.95,-0.03840742529616625,0.07124621577224843,0.0668836198269962,0.16711826930514295,0.4272433391458741
NFLX,2019-10-16,2019-10-17,40.47,0.030675626814401058,-0.05715309193269591,-0.07812651153897365,-0.04703068640155794,0.055054631560955025
NFLX,2019-07-17,2019-07-18,7.49,-0.1082547537347619,-0.025532778579223314,-7.17679527386661e-05,-0.04310480916577342,-0.1260536359314397
NFLX,2019-04-16,2019-04-17,32.29,0.018618958275692266,0.013844976351765625,0.029326880501614028,0.018928324043375855,-0.01066039485814163
NFLX,2019-01-17,2019-01-18,27.44,-0.05597303851061486,-0.02759862012376757,-1.1801489116280983e-05,0.024549971325654063,-0.03369949877798173
NFLX,2018-10-16,2018-10-17,31.38,0.07272014411114647,-0.03488722654526033,-0.11843941215529419,-0.17724387903386218,0.0386652460376532
NFLX,2018-07-16,2018-07-17,7.26,-0.04438033183657519,-0.0135664411126033,-0.06246060567264411,-0.12288056058704133,-0.13797411023274486
NFLX,2018-04-16,2018-04-17,2.27,0.05931656544446451,-0.0053228462273055,-0.05972793710744784,-0.03291649352833281,0.19181632348271904
NFLX,2018-01-22,2018-01-23,-0.77,0.12503730477624653,0.04437788914565177,0.11930896291748416,0.1695944068473315,0.3762879668499396
NFLX,2017-10-16,2017-10-17,-9.57,-0.0020898047381225915,-0.020729867125482748,-0.02161174258164733,-0.027745389946106314,0.015595659554244135
NFLX,2017-07-17,2017-07-18,-5.06,0.13911631297536986,-0.003997947213514541,0.011190879594857872,-0.08570392758143941,0.018566066083541832
NFLX,2017-04-17,2017-04-18,7.7,-0.002770415469151466,-0.023273061015433805,0.04137265692166037,0.08540245479284692,0.05337808968135094
NFLX,2017-01-18,2017-01-19,14.33,0.04304098954812419,-0.0023012294120932086,-0.011165054595512203,-0.012988343378561362,0.021017098214726193
NFLX,2016-10-17,2016-10-18,117.79,0.16792236873054134,0.023261045790663237,0.06283612643884107,-0.06515869482689252,0.05683244327294634
NFLX,2016-07-18,2016-07-19,312.84,-0.129221624627323,0.01995138076833003,0.06229801054099027,0.09992110779737562,0.16561122150091068
NFLX,2016-04-18,2016-04-19,100.0,-0.16418045042721363,0.024804990441304353,-0.015576848465666981,-0.036466427806844504,0.004019984128789567
NFLX,2016-01-19,2016-01-20,371.7,0.04706398805196943,-0.0556302517118592,-0.16734054445251823,-0.19479709682724522,-0.08998365329847635
NFLX,2015-10-14,2015-10-15,-6.91,-0.08922528902059135,-0.025320250113220255,-0.05167431063631844,0.06515024801153912,0.19047949602730951
NFLX,2015-07-15,2015-07-16,55.84,0.1461251789728184,-0.009828336454586362,-0.039319396206231705,0.08553327224430718,0.025327623069763106
NFLX,2015-04-15,2015-04-16,-39.8,0.16989207607578982,0.02840594516221351,-0.009075218960056697,0.03537754935477433,0.2569820364615423
NFLX,2015-01-20,2015-01-21,62.05,0.20606560062047485,0.03194265856720979,0.09554636034872899,0.12562060856156743,0.3679251984999057
NFLX,2014-10-15,2014-10-16,4.58,-0.18702856979534022,-0.024556521396017605,0.01250760307611376,-0.04724124169534072,-0.19567527944731933
NFLX,2014-07-21,2014-07-22,1.05,-0.03192648638003237,-0.00961950980039894,-0.009490435664805785,0.08500961955190256,0.09558283811834545
NFLX,2014-04-21,2014-04-22,6.31,0.0705084567515728,-0.04968323701688382,-0.1414647475773968,-0.0014894180256497247,0.13161312519859525
NFLX,2014-01-22,2014-01-23,18.84,0.1901090049747759,0.01454441910630866,0.06050799836561416,0.10591332455765201,-0.13126021725512604
NFLX,2013-10-21,2013-10-22,4.5,-0.038772297733971395,0.028725094712578447,0.0047869373277003024,0.025158225907709886,-0.02928640845431163
NFLX,2013-07-22,2013-07-23,19.45,-0.05394546380934251,-0.03213750129987536,-0.022722052800449033,0.11307144913015632,0.2678955236630267
NFLX,2013-04-22,2013-04-23,54.36,0.31341918008173986,-0.0018783117877086974,-0.01628185300687668,0.03311775771341141,0.1518012141152454
NFLX,2013-01-23,2013-01-24,189.86,0.4996045937406872,0.14894742668569383,0.12321248999636936,0.20810562656814047,0.13742737547614903
NFLX,2012-10-23,2012-10-24,232.14,-0.09765375774522911,0.02021275650631038,0.2752788800697821,0.3647246061073941,1.37577187662999
NFLX,2012-07-24,2012-07-25,112.16,-0.23756932816107335,-0.07074452738035097,-0.12298455037019629,0.02626235099340013,0.023107315563661412
NFLX,2012-04-23,2012-04-24,69.68,-0.169048608795904,-0.028860076592379325,-0.09705931417394642,-0.19054447145127984,-0.060262800461740706
NFLX,2012-01-25,2012-01-26,28.61,0.24866740239811524,0.06751799365213407,0.06280709089296543,-0.07570316886068806,-0.16392128809261952
NFLX,2011-10-24,2011-10-25,24.68,-0.33152281943374895,0.016079280504583515,0.04368863472789941,-0.05807079121302261,0.1380755222549277
NFLX,2011-07-25,2011-07-26,14.94,-0.025674726088176114,0.02987946012698306,0.022422030314034114,-0.05079717337314982,-0.5032466923293542
NFLX,2011-04-25,2011-04-26,3.66,-0.09996903171085847,0.024269000592251455,0.0032049460341996294,0.10271752063528872,0.20216308609845068
NFLX,2011-01-26,2011-01-27,20.56,0.12286921898885916,0.051180063990910796,-0.003137440856022966,-0.010556312297374193,0.1609386439411451
NFLX,2010-10-20,2010-10-21,-2.63,0.14443859628209266,-0.028441635585161773,0.01514426630350929,-0.04073915111830084,0.019361749464076983
NFLX,2010-07-21,2010-07-22,12.94,-0.1488293704313568,0.031297542733235595,-0.06107804312398746,0.25275023883704106,0.4226338281798636
NFLX,2010-04-21,2010-04-22,7.66,0.15021458028243484,-0.011715134477909617,0.03044924780742142,0.0589174359730078,0.2952692185405077
NFLX,2010-01-27,2010-01-28,23.84,0.26883216550476274,-0.001661995502881708,-0.02321084503166848,0.027760275680398294,0.5935810913727104
NFLX,2009-10-22,2009-10-23,15.19,0.14851288068062318,0.01592654821165662,0.015586122470854002,0.08005766803929193,-0.1064646228462448
NFLX,2009-07-23,2009-07-24,7.23,-0.0942897732968987,-0.014806099113178317,0.03358314688788311,0.018649530065886433,0.05514154766035717
NFLX,2009-04-23,2009-04-24,17.25,-0.09373427514798705,0.09464840072341185,0.026760889159126888,-0.11920570063875668,-0.061071124999731774
NFLX,2009-01-26,2009-01-27,11.04,0.1268056543016156,0.004647098266008731,0.0644851650853212,0.11847548278368569,0.284383887362162
NFLX,2008-10-20,2008-10-21,10.3,-0.13358097914421685,0.04725999229182776,0.008477738079270547,0.12037097160413024,0.6047411757108107
NFLX,2008-07-25,2008-07-28,10.67,0.08598019503292242,0.06282672253837407,0.030996025730156473,0.018418269175098034,-0.05154646142054187
NFLX,2008-04-21,2008-04-22,-2.66,-0.21809256048052295,0.043594904403751245,0.06440264566808729,0.025698347250499687,0.013819566509867487
NFLX,2008-01-23,2008-01-24,70.65,-0.04570762827470809,0.006695485457285488,0.12867603756669155,0.26242334528412803,0.7607035407367526
NFLX,2007-10-22,2007-10-23,53.31,0.10436698384027698,-0.026628643060047086,0.008747290407784325,-0.08236380941789079,-0.03410003370694126
NFLX,2007-07-23,2007-07-24,24.79,-0.16702504281246788,0.03715405927035964,0.10906639462819812,0.11864392573993088,0.48655759552971545
NFLX,2007-04-18,2007-04-19,-8.76,-0.10320580603381213,0.017985795190552878,0.012386705341292714,-0.013233193595705295,-0.12356512558258703
NFLX,2007-01-24,2007-01-25,40.57,0.07225696030503093,-0.003388666786969474,-0.03888628244909176,-0.00932615737713105,-0.11027413661974461
NFLX,2006-10-23,2006-10-24,46.02,0.22306595113177052,0.010110439086499223,0.011249176989556853,0.04940245472046123,-0.24642304670183413
NFLX,2006-07-24,2006-07-25,30.41,-0.20711322969653434,0.011968370217333657,0.08716371825665292,-0.02944902308966857,0.10908262097309063
NFLX,2006-04-24,2006-04-25,57.14,0.034517816281917635,-0.006543543921740502,-0.05446281109575468,-0.07848416600993935,-0.2246804445643089
NFLX,2006-01-24,2006-01-25,516.67,0.2261968361652702,0.008814047756125154,-0.06542468397699619,-0.11984073874238277,0.03773244947052201
NFLX,2005-10-19,2005-10-20,31.8,-0.06502948650399942,0.016378077084435505,0.006880105844369266,0.06249764967727178,-0.12244961892712558
NFLX,2005-07-25,2005-07-26,1150.0,0.16076191194539824,0.023180838481736465,0.020945069027394903,0.1188643395857194,0.5160519285517915
NFLX,2005-04-21,2005-04-22,53.09,-0.03738518862860607,0.02021132572007933,0.029692596325515908,0.39160111032927203,0.3946342679316379
NFLX,2005-01-24,2005-01-25,49.25,0.02541298182389018,-0.0294746238992033,-0.00412812306491217,-0.12260824602811504,0.07591725920344516
DIS,2026-02-02,2026-02-03,3.44,-0.07253773555234588,0.031997968079357175,0.05131961989133571,-0.0049410049598160866,-0.04960222294721417
DIS,2025-11-13,2025-11-14,8.42,-0.07625846091876076,0.008276833316043564,0.004831668379007614,0.038298232534171195,-0.04267418621684538
DIS,2025-08-06,2025-08-07,11.3,-0.05279273037692789,-0.01178408828745503,0.01029916987356283,0.02085162765786186,-0.08407629417539364
DIS,2025-05-07,2025-05-08,19.79,0.12929884093827182,0.00907468976140624,0.02259078139677273,0.0232113656725228,0.015752034115710467
DIS,2025-02-05,2025-02-06,22.94,-0.018223971514130133,-0.0018197347723442059,-0.02792754145841525,-0.008564163426266758,-0.11043919935279045
DIS,2024-11-14,2024-11-15,2.75,0.13948368208097683,-0.017479453831567904,-0.011709424729370532,-0.057411307732267325,-0.08098212069601907
DIS,2024-08-07,2024-08-08,16.38,-0.06084933201976128,-0.0015013271686004082,-0.009327838176633074,0.004735770086902846,0.035173321623218845
DIS,2024-05-07,2024-05-08,9.8,-0.09590244834228812,-0.002347822700394575,-0.04966565962939751,-0.0738964402601554,-0.16724270089240634
DIS,2024-02-07,2024-02-08,18.24,0.10451863086062008,-0.02522940403950691,0.009873889274030878,-0.02888048793322684,0.013801776943876742
DIS,2023-11-08,2023-11-09,15.11,0.07504716898251196,-0.03851839210988617,0.008380090663412831,-0.029959394489393,-0.05178789009274376
DIS,2023-08-09,2023-08-10,6.77,0.04751779802931688,-0.02927738532788704,-0.04207014018402855,-0.11006706240010444,-0.05118399300463017
DIS,2023-05-10,2023-05-11,-0.91,-0.09951450762654579,-0.0021562325784221237,-0.0015196866965414557,-0.047234005341094565,-0.13818233345959008
DIS,2023-02-08,2023-02-09,25.97,0.008132377976417748,-0.023174648706777212,-0.04397076917074916,-0.10011077227343113,-0.08471114371988298
DIS,2022-11-08,2022-11-09,-46.87,-0.12089625575251428,-0.012187762540183833,0.02601140275358471,0.007761529802474687,0.17195701199816105
DIS,2022-08-10,2022-08-11,9.99,0.0674084698544759,0.01603870203583413,0.02350433337608049,0.010554279634220176,-0.053652744036978284
DIS,2022-05-11,2022-05-12,-9.15,-0.01438285871786904,0.005044468902033472,-0.0038760176895140663,-0.04059718541234125,-0.01636039126197608
DIS,2022-02-09,2022-02-10,71.97,0.07153182274022774,0.002039739681881536,0.032477711416206034,-0.0690368601431045,-0.18583843311425718
DIS,2021-11-10,2021-11-11,-23.41,-0.06651484332062851,-0.02284513344210304,-0.053132635805167694,-0.07301445843505983,-0.09684230625154011
DIS,2021-08-12,2021-08-13,45.48,0.011967077008902649,-0.013344286945589201,-0.027172819201369713,0.020057363626122093,-0.07821959715681448
DIS,2021-05-13,2021-05-14,204.08,-0.05088666338074466,-0.01829598703123747,-0.0035473689550802323,0.004955202400347414,-0.046728285274053816
DIS,2021-02-11,2021-02-12,194.77,-0.016898850462972237,-0.00616767274612906,0.03608133099851962,0.038834549686664444,-0.09036204506318501
DIS,2020-11-12,2020-11-13,69.3,-9.097905259891625e-05,0.03312302837658376,0.027321992262810513,0.20530024410288417,0.2840915027072739
DIS,2020-08-04,2020-08-05,111.92,0.08667954897938479,0.01847016795986378,0.016707079847111617,-0.016085862544601426,-0.04513064242113707
DIS,2020-05-05,2020-05-06,-32.97,-0.024689976843559003,0.03442456309065678,0.029544779401344035,0.13073689013255252,0.0054376708024408416
DIS,2020-02-04,2020-02-05,6.29,-0.026611547973323324,0.006043218064885947,-0.010304135205837284,-0.10241744257833085,-0.10830377618000586
DIS,2019-11-07,2019-11-08,10.99,0.04497190392267392,-0.006933406145863685,0.03941272536247631,0.043810194159128235,-0.04581120795033611
DIS,2019-08-06,2019-08-07,-22.44,-0.039495086680891744,0.0028478096906605632,-0.0007709835062222892,-0.004692900423891144,-0.09483393941303442
DIS,2019-05-08,2019-05-09,2.53,0.005534835418615214,-0.001655130564113927,0.010669145676727387,0.029857068548352572,0.04675966625035388
DIS,2019-02-05,2019-02-06,17.36,-0.006356248147513677,0.005403809666069237,-0.019110426115581336,0.015014471519353423,0.12291840372745733
DIS,2018-11-08,2018-11-09,9.72,0.019681498405775377,0.0076684192385626515,-0.0008302349304321055,0.005329830829842175,-0.027110362803762778
DIS,2018-08-07,2018-08-08,-3.9,-0.019785922080033824,0.0029457473583698324,0.00297734129894478,-0.04209590972094712,0.05612446977232133
DIS,2018-05-08,2018-05-09,8.33,-0.03415825994019428,0.007754395810640524,0.04054795272136902,-0.004194913729125727,0.09337156423601556
DIS,2018-02-06,2018-02-07,17.48,-0.013597959663227854,0.004958550979155318,-0.008700070314990316,-0.03099030674699943,-0.03227539506046795
DIS,2017-11-09,2017-11-10,-4.32,0.03951658871582053,-0.0013115402773037355,-0.011897308467202494,-0.004082536869971065,-0.02827415691365065
DIS,2017-08-08,2017-08-09,1.97,-0.030596669728435555,-0.0002774660448352506,-0.004873121166740879,-0.054575512875788545,-0.09055737633162386
DIS,2017-05-09,2017-05-10,6.3,-0.016672327905836504,0.001313307700942401,-0.013664926385951293,-0.06499662223298697,-0.04712272023863362
DIS,2017-02-07,2017-02-08,3.7,-0.006556415025110174,-0.0014370761938571341,-0.013952048323721433,-0.014616473378687322,-0.022746624622467015
DIS,2016-11-10,2016-11-11,-4.85,0.03193679256456328,0.001671421110339244,-0.0038779271795574832,0.02810465770643411,0.05774268463763699
DIS,2016-08-09,2016-08-10,0.6,0.023916923756781894,-0.005560630751174189,-0.013470537048071107,-0.04252166487125286,-0.010018319854603108
DIS,2016-05-10,2016-05-11,-2.82,-0.03191662830103181,-0.005960438383134203,-0.024463531633475477,-0.0705254895434243,-0.11840427366893003
DIS,2016-02-09,2016-02-10,12.05,-0.03468829063510903,0.029440197702367277,0.03431955795967245,0.015155016197019977,0.07173797939419235
DIS,2015-11-05,2015-11-06,5.67,0.02288969785864836,0.015815618154520594,0.028531938971123272,-0.007861104954669629,-0.08732819057811847
DIS,2015-08-04,2015-08-05,2.04,-0.08876881697099614,-0.009725978104026978,-0.026553263035382524,-0.008382375415166177,0.041537924879026855
DIS,2015-05-05,2015-05-06,10.95,0.003722661918499348,-0.00818211063037666,-0.014347795225995608,-0.0047602568209901275,0.08330798767548031
DIS,2015-02-03,2015-02-04,19.27,0.09110948834284827,0.0033331302829202603,-0.008239338349945946,0.005662530355861062,0.05398538817346843
DIS,2014-11-06,2014-11-07,0.48,-0.015931117504574877,-0.005592167355144784,0.004462527871353705,0.026140723867694282,0.13567310581197178
DIS,2014-08-05,2014-08-06,9.48,0.0019363954488418322,-0.007058061754334211,-0.0027577318728833067,-0.0013828745378974272,-0.0009897843336978962
DIS,2014-05-06,2014-05-07,15.42,-0.008584218013636069,0.01738030282136127,0.001565743786173357,0.0209528301461952,0.03389510797652351
DIS,2014-02-05,2014-02-06,13.59,0.05156032463780025,-0.010939683327175098,-0.0001893635654803827,0.027270265827960882,0.008580863972067254
DIS,2013-11-07,2013-11-08,1.46,-0.0067638763112561895,-0.0036693818010278267,0.0051370402739674415,0.013708028388613958,0.10887405700247355
DIS,2013-08-06,2013-08-07,1.9,0.0072382904008305715,-0.006091606981413422,-0.026985101156330793,-0.05091119545577327,-0.003474135270891132
DIS,2013-05-07,2013-05-08,2.97,0.004652047432487816,0.013121090867543317,0.008438565064228465,-0.039454311035366785,-0.044247755679236
DIS,2013-02-05,2013-02-06,2.75,0.0006697700893352199,-0.001611568724809831,0.001520710947504389,0.009067021675106979,0.11626185586352311
DIS,2012-11-08,2012-11-09,0.19,-0.04913856426701213,0.007491022012769966,0.02060582431141844,0.03249065624194869,0.07246450524114212
DIS,2012-08-07,2012-08-08,9.01,0.010686929193063133,-0.011351167218216385,-0.015157724038957876,0.0037876140488446453,-0.018437645897241173
DIS,2012-05-08,2012-05-09,5.59,0.0373048235647232,0.0037120971013524517,0.022770310841781605,0.04073338146493066,0.0735943487696773
DIS,2012-02-07,2012-02-08,12.18,0.014515908598453864,0.005042739481939673,0.004175421823549463,0.004488491720507248,0.0223936408015184
DIS,2011-11-10,2011-11-11,8.77,0.05770188765411355,-0.006329635540417433,0.007793980038489634,0.01798062990917182,0.07514483291367902
DIS,2011-08-09,2011-08-10,7.89,-0.04537805477168999,-0.026494129689077495,-0.007700671576542195,-0.047112528498509,-0.019484221438850424
DIS,2011-05-10,2011-05-11,-14.03,-0.03458041644571108,-0.003315574297924284,-0.0018136083520298163,-0.014293788322068401,-0.05031228215186534
DIS,2011-02-08,2011-02-09,22.33,0.05683789982997545,-0.0015315223949150525,-0.004103978653869467,-0.00291040912330065,-0.025917954745699245
DIS,2010-11-11,2010-11-12,-4.3,0.03610697834669363,-0.011830648818055067,-0.020351402226109205,-0.04193866954395009,0.05496974050845327
DIS,2010-08-10,2010-08-11,15.84,0.005922483830616776,-0.0005906265253757814,-0.013541792184815549,-0.018912487836152403,-0.04244507527894692
DIS,2010-05-11,2010-05-12,5.73,-0.015639053823169435,0.0016138521221390478,-0.001084295012353631,0.041633171855569806,0.03482885634473809
DIS,2010-02-09,2010-02-10,22.34,0.008079677196238366,-0.0061371436343049535,-0.0034784811919481573,0.04700319773043704,0.06855658080418348
DIS,2009-11-12,2009-11-13,12.99,0.04407386512992484,-0.005962770201400458,-0.012392241455395414,0.03719753848062224,0.010510206732302407
DIS,2009-07-30,2009-07-31,2.32,-0.0416205991720795,-0.0005727708872036441,0.038311790641343935,0.022220402610266143,0.05339668087029259
DIS,2009-05-05,2009-05-06,7.41,0.1178065291228616,-0.006981343635931281,-0.05019412520783606,-0.054156656601969,-0.10743834718992107
DIS,2009-02-03,2009-02-04,-18.6,-0.06848791350313121,-0.030143952686326414,-0.029556080456397682,0.015945856632531896,0.09246475682831079
DIS,2008-11-06,2008-11-07,-12.16,-0.01168273854634283,-0.0416899943736021,-0.020467202900938175,0.09725181227686464,-0.09539015712641741
DIS,2008-07-30,2008-07-31,2.36,-0.022790765423803427,-0.0036131051887268173,0.017362277933472114,0.04731400925224927,0.05473047623829619
DIS,2008-05-06,2008-05-07,14.9,0.05165721516885613,-0.0014542334104309385,-0.006077054545261973,-0.015082325868037705,-0.04190702025783599
DIS,2008-02-05,2008-02-06,20.52,0.054028114152652074,0.00037015258834971476,0.01568142276103468,0.007020389881782996,-0.00567639143538301
DIS,2007-11-08,2007-11-09,0.76,-0.003958864591769307,-0.01206974508153702,-0.010893053049351287,-0.04905469005373608,0.05164979229813482
DIS,2007-08-01,2007-08-02,5.05,0.02831083600571138,0.01235784963544806,-0.024608189532113522,-0.016078170941870917,-0.04514148929773243
DIS,2007-05-08,2007-05-09,19.43,0.0002732250502075484,-0.001452831459371029,-0.005956601471437395,-0.03786751657169363,-0.004028291707185994
DIS,2007-02-07,2007-02-08,26.81,0.00194546241740845,-0.01890590018821836,-0.022947678941446004,0.0031676579188687493,-0.023200670616709163
DIS,2006-11-09,2006-11-10,9.09,-0.016324932263941605,-0.0067805909926951236,0.0008969259038618116,0.039463058932403206,0.02306453972060596
DIS,2006-08-09,2006-08-10,15.55,0.02101799825331685,-0.00224420108566048,-0.010065843999785606,-0.0228468607311465,0.001383548203792051
DIS,2006-05-09,2006-05-10,19.74,0.045140648170077124,0.0017750164816868752,0.03137832155609854,0.04333018361843177,0.021568040742401706
DIS,2006-02-06,2006-02-07,17.85,0.07382977164933302,-0.001594144601850811,-0.016217566728859323,0.02856668658161432,0.012647483872097354
DIS,2005-11-17,2005-11-18,10.27,-0.03842543105860752,-0.010987505511638629,-0.01593370199346833,-0.02579976610019552,0.047144780262438735
DIS,2005-08-09,2005-08-10,9.02,-0.0031831384993499245,0.012124382726983018,0.04135685031394998,-0.021794326144935927,-0.018004720745338876
DIS,2005-05-11,2005-05-12,1.27,-0.0018463809337491144,0.011329601146705892,0.015680564874348768,-0.007868526441286106,-0.11214605253764387
DIS,2005-01-31,2005-02-01,12.18,0.00758809840682706,-0.0019856434015406155,0.02517854464203584,-0.022825086676793283,-0.06485680779369096
CMCSA,2026-01-29,2026-01-30,10.76,0.0521275465359351,-0.010349560288119064,0.056404760755532024,0.04404464649609585,-0.09142836227703044
CMCSA,2025-10-30,2025-10-31,1.72,-0.016431084846854183,-0.03276755839409162,-0.0013409444890645217,-0.04263425212814276,0.11322276490583172
CMCSA,2025-07-31,2025-08-01,5.87,0.02069567825365326,-0.01396971830923266,-0.05100432563761326,0.007062970569966964,-0.1909473901732439
CMCSA,2025-04-24,2025-04-25,9.89,-0.044962554612100636,-0.004216286863869989,-0.01275589548474887,-0.03341425868365766,-0.08974387172385301
CMCSA,2025-01-30,2025-01-31,11.38,-0.0990530735258146,-0.007233426017066891,0.02283810199400793,0.0989169973620817,0.09361895034447831
CMCSA,2024-10-31,2024-11-01,5.27,0.046715485980166505,-0.02149146151359438,-0.03951023673978438,-0.06326955302969384,-0.2782245979499576
CMCSA,2024-07-23,2024-07-24,8.22,-0.012232832745491806,0.009148461121724849,0.06578609335295771,0.012743382866895914,0.03771858435386366
CMCSA,2024-04-25,2024-04-26,5.31,-0.04642477531837963,0.0037178571880644995,-0.0028502972718531527,-0.04244960275513554,-0.07266057545105631
CMCSA,2024-01-25,2024-01-26,6.35,0.05200305416444362,-0.011161930841556589,-0.03953030667980817,-0.12610091694258674,-0.16174146457103322
CMCSA,2023-10-26,2023-10-27,13.67,-0.05629534352309451,0.008478222440828187,0.030840017629597982,-0.04484622383450465,-0.04353294059037438
CMCSA,2023-07-27,2023-07-28,15.51,0.05097153853950087,-0.0012405487668933901,0.01350402176918486,0.04240227602954294,0.03214820932635987
CMCSA,2023-04-27,2023-04-28,10.92,0.10419110268070675,0.007535918177036582,-0.014788092300415334,-0.05551894516170308,-0.05471367330483545
CMCSA,2023-01-26,2023-01-27,5.62,-0.025782118223712236,0.003455607020604101,-0.00709825890497795,-0.0372218169697226,-0.06582428771080806
CMCSA,2022-10-27,2022-10-28,6.51,-0.004038015020470853,0.0006506264661176875,0.002835135724618354,0.09621662502771255,0.22941728091307723
CMCSA,2022-07-28,2022-07-29,10.3,-0.16218969215658785,0.0026944865649879413,0.016397151567304924,-0.0029758856031969483,-0.087662260346836
CMCSA,2022-04-28,2022-04-29,6.72,-0.09288193562764513,0.011334745528502221,0.007638196893533955,0.1027516163966169,0.12055081370358145
CMCSA,2022-01-27,2022-01-28,4.67,0.006225789892902123,-0.012580460975861074,-0.023117066115351803,-0.04749573676030128,-0.04295469185792533
CMCSA,2021-10-28,2021-10-29,15.83,-0.030957945196970815,0.014418371583055922,0.02781985207155313,-0.009704883536329145,-6.687000516070185e-05
CMCSA,2021-07-29,2021-07-30,26.08,0.015389421018503158,-0.0040216056204883666,-0.011456153851623463,-0.01708367424292745,-0.11886292046348812
CMCSA,2021-04-29,2021-04-30,30.15,0.03813257762151678,0.005323229449547329,0.023356133389538236,0.014627197625839417,-0.0080638634669008
CMCSA,2021-01-28,2021-01-29,16.12,0.035342320468262356,-0.004945041378799919,-0.016599602701482974,0.045727151419923784,-0.031473204920341225
CMCSA,2020-10-29,2020-10-30,27.1,0.0065606859118924055,-0.031094999551296465,-0.018119871195915405,0.08061748174459993,0.06579082449187901
CMCSA,2020-07-30,2020-07-31,24.87,-0.029362275514524194,-0.005083404869670405,-0.024420748151361193,-0.032565364338993597,-0.015753060587133882
CMCSA,2020-04-30,2020-05-01,5.68,-0.016257435422513566,-0.023309035102311304,-0.046292849821017445,0.006050029164951454,0.03469550893042417
CMCSA,2020-01-23,2020-01-24,2.95,-0.05231915364349726,0.002797883565013648,-0.009983915838294055,0.019538533840721795,-0.029296846139459265
CMCSA,2019-10-24,2019-10-25,5.92,-0.0072663858964494565,-0.010236816544685223,-0.0347683585963674,-0.04965490405879791,-0.10055176898885332
CMCSA,2019-07-25,2019-07-26,3.61,-0.007239939316370125,-0.007141225146525598,-0.013273427834994855,0.007524979837833179,0.03942306331448786
CMCSA,2019-04-25,2019-04-26,11.66,0.02535320611983649,0.00702079706006753,0.0027613803656925118,0.026711811064130786,0.006330795915986398
CMCSA,2019-01-23,2019-01-24,2.02,0.03369207721376455,-0.02115431903801357,-0.015102475969909879,0.0062434332589398345,0.05877363645840883
CMCSA,2018-10-25,2018-10-26,7.35,0.03278751173765815,0.02682323543656162,0.043948255221292865,0.06361524498402638,0.013425628562004022
CMCSA,2018-07-26,2018-07-27,7.57,0.05878994782960867,0.016056302176212234,0.0016615015697225566,0.018839006114889534,0.04293384396003086
CMCSA,2018-04-25,2018-04-26,5.12,-0.01326221560120655,-0.04654340069496421,-0.055750872237678495,-0.07537509997717207,-0.02570805075274296
CMCSA,2018-01-24,2018-01-25,4.81,-0.007103952828037885,0.004084401309984775,0.00013886509267202474,-0.03232695262820129,-0.13638346098445697
CMCSA,2017-10-26,2017-10-27,5.32,-0.010565431199707653,-0.004157289253270191,-0.033042804313752616,-0.043483794000165665,0.045039636460955323
CMCSA,2017-07-27,2017-07-28,7.21,0.006421964100446376,0.02409884885952085,-1.38302571950355e-06,0.026723548442646683,-0.11369596330309917
CMCSA,2017-04-27,2017-04-28,19.09,0.011654519544137654,-0.0025200437139552,-0.011397107375155646,0.02864213979919339,-0.02586917023023272
CMCSA,2017-01-26,2017-01-27,2.85,0.03679094794259685,-0.0018295909772773067,-0.010700427668871693,-0.04726837797557171,-0.02853193525473352
CMCSA,2016-10-26,2016-10-27,0.84,-0.04244771472727371,0.00946163954994339,0.011972791852256748,0.08574768192902171,0.1159582988547645
CMCSA,2016-07-27,2016-07-28,2.76,0.010029794661545077,-0.010603669251098458,-0.00836016154852659,-0.038183796777243706,-0.04418356917750743
CMCSA,2016-04-27,2016-04-28,6.39,0.008674207892647834,-0.0009791991339811457,0.010319458448129981,0.009531700208798677,0.05824754998490156
CMCSA,2016-02-03,2016-02-04,-0.82,0.05873988081912018,0.039665207249588774,0.008337187691802694,-0.019801278124196964,-0.03445896491563505
CMCSA,2015-10-27,2015-10-28,-0.05,-0.01327969677676566,0.01865610942617235,-0.01449739122087168,-0.010489235248256512,-0.026370548732020382
CMCSA,2015-07-23,2015-07-24,-0.16,-0.020180655589375207,-0.011232646430454518,-0.008158381832492179,-0.03780378521045569,0.011598452382481805
CMCSA,2015-05-04,2015-05-05,7.22,0.0012750905813047053,-0.0014024853825306272,-0.016380398737028123,0.008654976586782492,0.06585015818839435
CMCSA,2015-02-24,2015-02-25,-0.96,0.02223442357321792,-0.006701970725707107,0.020201214096058684,-0.028431120366837925,-0.043894573037030815
CMCSA,2014-10-23,2014-10-24,3.23,0.03438692225736162,-0.002495556466887594,-0.006536750307481132,-0.055498636286905545,-0.008340401639553408
CMCSA,2014-07-22,2014-07-23,4.27,0.009948938164906274,0.007625905038743719,0.02115084366970832,-0.0026894682228192357,-0.03191875215669859
CMCSA,2014-04-22,2014-04-23,5.76,0.024471567885988366,0.0010970541195667316,0.006152516818596521,-0.006228685200667439,0.009683296982427425
CMCSA,2014-01-28,2014-01-29,-3.07,0.014566811796882462,0.010696414957583,0.018323140361831358,-0.08507534405194961,-0.09005272506660478
CMCSA,2013-10-30,2013-10-31,6.31,0.005482975670021206,0.019670221496890683,-0.002670509678950994,0.018051868753421685,0.10456771833543432
CMCSA,2013-07-31,2013-08-01,2.91,0.06100680075452947,-0.004316692611829209,-0.014593956051727974,-0.036141854630708514,0.019406682999493663
CMCSA,2013-05-01,2013-05-02,1.07,0.019174420249457258,7.000246642552277e-05,0.000592213370708139,-0.06923138808324325,-0.025451236541726097
CMCSA,2013-02-12,2013-02-13,-3.03,0.03605713744441319,0.004312718908677127,0.010124392247647385,-0.004434925236579623,-0.00026176680959100196
CMCSA,2012-10-26,2012-10-31,-0.03,0.03274406996774404,-0.00993786334581337,-0.013781668756454257,-0.023299524362654256,-0.0267123151884483
CMCSA,2012-08-01,2012-08-02,4.94,0.05600359434241786,-0.005471853361992407,-0.016452098635001633,-0.04253775841562468,0.06587173620352882
CMCSA,2012-05-02,2012-05-03,6.58,0.0027437490232036232,-0.01381592389781583,-0.000849348361118607,0.02265769536867679,0.06546924491997363
CMCSA,2012-02-15,2012-02-16,11.23,0.045015295101993535,0.0155031485479169,0.012379532773780344,-0.0060898302435090645,0.02382314072702696
CMCSA,2011-11-02,2011-11-03,-16.7,-0.020041128162615607,-0.01834324698930212,-0.03402647148653315,0.01272531759828699,0.10093663426894683
CMCSA,2011-08-03,2011-08-04,1.94,0.0007623631759781091,0.005166398080385548,-0.03114092979748473,-0.01391156549731365,0.025095404746074523
CMCSA,2011-05-03,2011-05-04,4.04,-0.016782086303631538,-0.006360082199048933,-0.014441977560050279,-0.028240942852617024,-0.03454988955947158
CMCSA,2011-02-16,2011-02-17,8.74,0.03455108182410438,0.015757130145716447,0.015887978122061774,-0.009716970396525637,-0.012224383767092784
CMCSA,2010-10-27,2010-10-28,6.31,0.06481377076713579,-0.011786028462344889,-0.02301414116933098,-0.03405912579424497,0.027046715013059996
CMCSA,2010-07-28,2010-07-29,2.98,0.000949064334961669,0.017954531522523798,-0.033143360490005325,-0.0638962830178581,-0.05612187892986431
CMCSA,2010-04-28,2010-04-29,4.13,0.06333638772564054,0.005461613211498961,-0.00896995268108236,6.752298856527172e-05,0.051297883909544706
CMCSA,2010-02-03,2010-02-04,7.44,-0.011573632647010612,-0.008509836298750795,-0.028119020142451268,0.04969275100135917,0.18509986527867883
CMCSA,2009-11-04,2009-11-05,10.43,-0.042386827078950806,0.024844041633602876,0.059174332925290285,0.09698187654590007,0.09759782313867826
CMCSA,2009-08-06,2009-08-07,27.94,-0.014508848363623428,0.00474935890709316,-0.005974510634969343,0.08308011090819778,-0.06147251262582032
CMCSA,2009-04-30,2009-05-01,17.47,0.06776911810432118,-0.016293527821100495,-0.0951987823715148,-0.22742389534825247,-0.20544536646891387
CMCSA,2009-02-18,2009-02-19,21.33,0.020886079154746384,-0.001826789971574927,0.05968952818270523,-0.00510238310330724,-0.027495917946512627
CMCSA,2008-10-29,2008-10-30,10.85,-0.13675991490663908,0.038204571103303,0.16245046490219373,0.2128303651144332,0.14582465880040463
CMCSA,2008-07-30,2008-07-31,-6.2,0.07072233898428082,-0.0078109704319424544,0.017494743286734726,0.023944810702600794,-0.05421898290387939
CMCSA,2008-05-01,2008-05-02,1.88,0.04559314528133673,-0.010670026254951726,0.005244381537048204,0.043478657916877106,-0.020818826229121234
CMCSA,2008-02-14,2008-02-15,13.64,0.142652658487341,0.011056649262129126,-0.01026108359250788,-0.015755642296261807,0.05308919229110565
CMCSA,2007-10-25,2007-10-26,-2.17,-0.12398087113800937,-0.017921669105011806,-0.01627679306018681,-0.017853330055821903,-0.06191106265149682
CMCSA,2007-07-26,2007-07-27,-2.56,-0.022999416550894547,0.004986783731482536,-0.03185756222517788,-0.06645083650287298,-0.15374430560344066
CMCSA,2007-04-26,2007-04-27,1.19,-0.041630326129476036,-0.0017338388231586954,-0.010780788434323396,-0.002934207063071348,0.03504614283439578
CMCSA,2007-02-01,2007-02-02,-16.15,-0.036235561785761594,-0.010492115668841118,-0.04623263641347308,-0.06736015646231197,-0.10084655284318422
CMCSA,2006-10-26,2006-10-27,38.16,0.0356879687531001,0.007472294774214627,0.009934288703512983,-0.017940687097632302,0.04561757316216841
CMCSA,2006-07-27,2006-07-28,11.57,0.050588247032090194,-0.0013053603554734616,0.009308204441251355,0.014429896026850964,0.03720049499839795
CMCSA,2006-04-27,2006-04-28,47.03,0.05172563986579015,-0.0180325177528321,-0.013478981889780584,0.06647675064275538,0.08531693217183056
CMCSA,2006-02-02,2006-02-03,-41.75,-0.0160002481366871,-0.007782463395217154,-0.022500612609431148,-0.015785515706621678,0.06913165943175414
CMCSA,2005-11-03,2005-11-04,-32.83,-0.06059575260376748,-0.026038375614781062,-0.021250318705806626,-0.039922976979262725,-0.04915775048623705
CMCSA,2005-08-02,2005-08-03,26.65,0.003761345829637719,0.01898918720784759,0.041477063555020566,0.009091278845558493,-0.0797031621920612
CMCSA,2005-04-28,2005-04-29,28.42,0.00477444910418634,-0.0040579853409614675,-0.010642130233325942,-0.04105706594572511,-0.10881386175124497
CMCSA,2005-02-03,2005-02-04,57.65,-0.0027306367895392203,-0.008939485319899076,-0.02316468657132198,0.019168257339182038,0.027628119676073704
JPM,2026-01-13,2026-01-14,-3.91,-0.04431397281756655,0.0017917233893933737,-0.01177313479795905,-0.0038206670168414725,0.02754244080241819
JPM,2025-10-14,2025-10-15,4.01,-0.010615885718302853,-0.01657943554891872,-0.04183539776730183,0.020776995657498576,0.018114100985582526
JPM,2025-07-15,2025-07-16,10.62,-0.009031475858900295,0.008154897279252227,0.022271681396527798,-0.01663456428072152,-0.004022434677888764
JPM,2025-04-11,2025-04-14,9.15,0.005790556761551269,-0.003973048345290109,0.0257237643171615,0.03201206494912556,0.06786818858322263
JPM,2025-01-15,2025-01-16,19.18,0.011246017292672716,0.009191689340419362,0.013969008262259885,0.057255475787596044,0.014828329283410269
JPM,2024-10-11,2024-10-14,9.63,0.02637850385502971,0.011878384274480847,0.008043833205806927,0.05570096398136015,0.09183697238902278
JPM,2024-07-12,2024-07-15,20.16,0.003458130790126246,0.011065828858694449,0.01334741483165025,0.031950206645371404,-0.01437873344213858
JPM,2024-04-12,2024-04-15,7.4,-0.038007609297298184,-0.009604091030087303,0.04502626669935772,0.05397968585238089,0.03387246272766564
JPM,2024-01-12,2024-01-16,-15.65,-0.010583154858124666,0.00020105903514044954,-0.01495590586999973,-0.0029983078333777335,0.0760527867948344
JPM,2023-10-13,2023-10-16,9.01,0.008502652221337836,-0.0021182705348394837,-0.010599775336271655,-0.02351797282999013,0.06207116080049335
JPM,2023-07-14,2023-07-17,26.46,0.02744769344614606,-0.005605167315936521,0.02266835860441252,0.015117775941023148,-0.010636087699807839
JPM,2023-04-14,2023-04-17,21.69,0.0829006823950118,0.010575838371688961,0.0096010172636537,-0.030650408131454143,-0.018123752930352843
JPM,2023-01-13,2023-01-17,15.04,0.007350852578436706,-0.014254395240665851,-0.022799847584509814,-0.02033788150257343,-0.12012522837575446
JPM,2022-10-14,2022-10-17,9.44,0.057017076945223844,0.013970993850730862,0.02342491431857474,0.07864198551658741,0.12571126602743754
JPM,2022-07-14,2022-07-15,-4.76,-0.0073371956716477005,-0.002013047279723623,-0.009836603573090796,-0.027701325246910935,-0.0007982378947657409
JPM,2022-04-13,2022-04-14,-2.85,-0.04006325462945848,0.01814254449599817,0.03231034071489092,0.026650565791409786,0.026117096251243033
JPM,2022-01-14,2022-01-18,9.73,-0.08350628648187486,-0.005085787277108844,0.016903218702592704,0.045567403544425344,-0.1263651339215326
JPM,2021-10-13,2021-10-14,18.31,-0.031908423688426946,0.011592600959820842,0.01182541906782486,-0.02274179711476898,-0.02600890774733222
JPM,2021-07-13,2021-07-14,19.08,-0.016306149268611514,0.005607918587624661,-0.010694992983860119,0.021653714022661585,0.09434460154396973
JPM,2021-04-14,2021-04-15,49.98,-0.01975106516148739,0.004083946866960897,-0.022886855606249368,0.07475496251173275,-0.010143958091528349
JPM,2021-01-15,2021-01-19,15.81,-0.02267410807935699,-0.02883439637295504,-0.060372315985344094,0.014858015868963736,0.006960226572892747
JPM,2020-10-13,2020-10-14,38.23,-0.008902496689158101,0.016202859316966745,0.006463919577383459,0.12016016833554621,0.29434134089875963
JPM,2020-07-14,2020-07-15,-10.44,-0.0009644237057178096,0.006101001559110419,-0.0259944695950326,-0.016251772742288173,-0.042387495825898736
JPM,2020-04-14,2020-04-15,31.39,-0.08298208707000909,-0.042934236445517304,-0.020795357743484066,-0.08828329609857766,-0.07773746790818992
JPM,2020-01-14,2020-01-15,8.83,-0.004230260052744517,-0.004441881528157721,-0.012072215816444798,-0.01854236180043012,-0.11923297122095156
JPM,2019-10-15,2019-10-16,9.2,0.019459496914151275,0.002648670687299237,0.040493908819196456,0.037671223550091115,0.04931774644007403
JPM,2019-07-16,2019-07-17,13.21,0.010798731830060748,0.002304570580112575,0.012487916323077775,-0.03413753390561236,0.020521706508197735
JPM,2019-04-12,2019-04-15,12.76,0.028818045543048232,0.009895884050586279,0.02452827831903792,0.026113548000110565,0.007955547551770303
JPM,2019-01-15,2019-01-16,-9.49,0.00154642589919618,-0.003489245593303103,-0.007506047840966312,-0.052125713480943525,-0.023428874723852022
JPM,2018-10-12,2018-10-15,3.45,-0.02474801005232219,-0.0004248309391143845,-0.0020341650056778793,0.03121344846599816,-0.0021518040694525897
JPM,2018-07-13,2018-07-16,3.1,0.0350162147064077,-0.0047690499838422,0.021970889432413987,0.020052754688569152,0.009371295169607885
JPM,2018-04-13,2018-04-16,-1.23,-0.03313814879657195,-0.010698242536582692,0.009376138100196107,0.012347399931443626,-0.06971413809198101
JPM,2018-01-12,2018-01-16,4.06,0.009822518093883792,-0.0031183466139257376,-0.0055382628685261,0.041032539987585936,0.05093336672901683
JPM,2017-10-12,2017-10-13,6.24,-0.009845171416342335,0.019321114232919934,0.029604090126284177,0.004896260099262584,0.07541840034018477
JPM,2017-07-14,2017-07-17,7.48,-0.022908860901251438,-0.004030588838605298,-0.006457588960669947,0.007923120504212067,0.026852281081772178
JPM,2017-04-13,2017-04-17,9.44,0.003078705149093919,-0.005168418667528152,0.00801685940322372,-0.007190188446188017,0.03806163999071388
JPM,2017-01-13,2017-01-17,11.06,-0.029955748861282272,0.002457590194758774,0.008036607933067819,0.039003963302918665,-0.010871296076257586
JPM,2016-10-14,2016-10-17,13.79,-0.005456742304818629,0.0016275704657955359,0.013490169588883605,0.16388988339268917,0.2180974290149742
JPM,2016-07-14,2016-07-15,8.63,0.011915246180742356,-0.0061154140694600345,-0.008714195028952099,0.005576935743840439,0.07067840764026645
JPM,2016-04-13,2016-04-14,7.1,0.04568709245781344,-0.0103980166147003,0.011521540342985137,-0.0061306456906856654,-0.02861488190609318
JPM,2016-01-14,2016-01-15,4.7,0.00017009367865383762,-0.0018573082326467372,-0.023288507686577198,0.012476877278866594,-0.021920061106527555
JPM,2015-10-13,2015-10-14,-3.72,-0.01696378232286555,0.01631758803694683,0.021659610761061376,0.0802866695590001,0.017532299288631314
JPM,2015-07-14,2015-07-15,6.96,0.012151067844147656,-0.0026767811204873038,0.009254472057095064,-0.020159274946922823,-0.05589339950031191
JPM,2015-04-14,2015-04-15,2.96,0.02806828403489159,-0.005944709640907209,-0.02072921688468332,0.022350066635748456,0.060278067120126955
JPM,2015-01-14,2015-01-15,-9.52,-0.050289202741567895,0.003979407485710906,0.0008361594866210798,0.031041252990807733,0.09670399772424898
JPM,2014-10-14,2014-10-15,16.98,-0.039990098510238936,-0.007245733978557545,0.0009974837519590718,-0.0034486435109026825,-0.026759989431263786
JPM,2014-07-15,2014-07-16,12.23,0.04116978718697384,-0.0031120574743342955,0.0015047810832315989,-0.018134129289805068,0.034899823045524525
JPM,2014-04-11,2014-04-14,-8.79,-0.04130774898590872,-0.009798865218217045,-0.011592430629016937,-0.04455992968516076,-0.060407267044378266
JPM,2014-01-14,2014-01-15,5.03,0.014676256721004144,-0.007104811992362792,-0.04063775656644242,-0.015606245017103282,-0.05185283535928975
JPM,2013-10-11,2013-10-14,11.2,-0.00684514055141805,-0.000334500797607995,0.009354121121495584,-0.010952386520073576,0.04194209064595111
JPM,2013-07-12,2013-07-15,10.71,-0.008774620354252138,0.005932830930723831,0.022396164539405072,-0.020283627058913622,-0.05532768240904262
JPM,2013-04-12,2013-04-15,14.96,-0.0024185762390879217,-0.0030797251353058552,-0.018870920551304238,-0.017977352787861278,0.08174953232549576
JPM,2013-01-16,2013-01-17,14.79,-0.0043814735707303765,-0.0017989702151643971,0.0003013531178484019,0.024770613679457654,-0.017640238967355337
JPM,2012-10-12,2012-10-15,13.66,0.0016281259647139557,0.0004853390204988539,-0.0021922743837491376,-0.016345818293828862,0.06272996114006069
JPM,2012-07-13,2012-07-16,47.34,0.01646507083357629,-0.00971672595181905,-0.016013354233032295,0.01471608672579694,0.11752152035920194
JPM,2012-04-13,2012-04-16,11.75,-0.02113864160928769,-0.0016577816014293756,-0.009181244885639872,-0.1525613797397134,-0.17903714965811168
JPM,2012-01-13,2012-01-17,-1.36,-0.05133316937493859,0.03563526084941282,0.06238312393888612,0.04099211671025227,0.2150885815907837
JPM,2011-10-13,2011-10-14,11.78,-0.054530228816587756,-0.007562572869096007,0.03655529414319658,0.010218354441108302,0.09707511741114039
JPM,2011-07-14,2011-07-15,5.57,0.010223691053606432,0.0044495099487715795,0.0333328340903023,0.0012447967719448894,-0.09772317117890739
JPM,2011-04-13,2011-04-14,10.59,-0.03649115809487935,-0.005427166066115929,-0.02332289718428293,-0.05932186206517809,-0.12243644530084952
JPM,2011-01-14,2011-01-18,10.92,-0.002209053871857547,-0.013435479094207836,0.005383522225493431,0.019311389253674482,0.01973603392747325
JPM,2010-10-13,2010-10-14,12.56,-0.04543020426789801,-0.04259060980009344,-0.032046923915062586,-0.0020125768417451617,0.035420365113564944
JPM,2010-07-15,2010-07-16,47.58,-0.006188377860997241,-0.004881028680305821,-0.013876347305089132,-0.05393155492468227,-0.07948537183336057
JPM,2010-04-14,2010-04-15,15.26,0.030109961154040077,-0.031357999964290006,-0.06198639850825993,-0.10271561382374761,-0.07408894019867374
JPM,2010-01-15,2010-01-19,21.81,-0.03268190209429389,0.012940656805334627,-0.06185654853297873,-0.03314439361566157,0.04741602053122418
JPM,2009-10-14,2009-10-15,55.57,0.011913491286602795,-0.015850617854943017,-0.02728312662738508,-0.07565133484667907,-0.11829339413225581
JPM,2009-07-16,2009-07-17,340.81,0.008045472213443539,-0.008184018810203586,-0.013829453995351626,0.07996628347177803,0.10123227152430947
JPM,2009-04-16,2009-04-17,31.2,3.211250969914481e-05,-0.06542027028308206,0.008431424193133696,0.03089110168374254,-0.0015879229618884771
JPM,2009-01-15,2009-01-16,-2318.7,-0.12743812545800393,-0.15448785199417792,0.089843973846642,0.01738717902020348,0.4199518431799334
JPM,2008-10-15,2008-10-16,79.09,0.05548764701141562,-0.022677062976150242,-0.04301923558358001,-0.053773920349724946,-0.27779919891678506
JPM,2008-07-17,2008-07-18,23.85,0.09722681549237144,-0.03478913321527677,-0.008524657369188393,-0.08198464799422767,0.2481715413497243
JPM,2008-04-16,2008-04-17,3.88,0.042629457991230524,0.0037503442675412835,0.03173571014837462,0.0021244548292222998,-0.18970288585631367
JPM,2008-01-16,2008-01-17,-5.7,0.05651645976786679,-0.0009715256956586149,0.09283220781540558,0.06735320590976612,0.05700259057324897
JPM,2007-10-17,2007-10-18,8.26,0.018098038018424356,0.006984509574999742,0.015305694099819744,0.0013949322352952986,-0.04291704380148542
JPM,2007-07-18,2007-07-19,11.01,-0.028109544281193832,-0.011677362610466702,-0.04791357348918912,0.01885087323544765,-0.04210772640522564
JPM,2007-04-18,2007-04-19,21.06,0.037110390840666696,-0.0008023281535858295,-0.00011853394996963473,-0.018619955282130007,-0.09208522039900602
JPM,2007-01-17,2007-01-18,7.25,-0.0020216910610983962,0.010704031023567318,0.04474715838378185,0.04068008996027128,0.01189758931785767
JPM,2006-10-18,2006-10-19,6.06,-0.026270230274383244,0.005114571852252281,0.004802266323530979,-0.005186183709891212,-0.013095153824682182
JPM,2006-07-19,2006-07-20,6.11,0.04882246241218513,0.011005450429226182,0.024958752769584036,0.016045155595088234,0.029214854764723297
JPM,2006-04-19,2006-04-20,3.4,-0.0032897895357715257,-0.0024995782945401723,0.03245314715111869,0.040806678987661105,0.01915559487874474
JPM,2006-01-18,2006-01-19,0.56,-0.01621250897474591,-0.00762099068376787,0.020972344252399022,0.03843359753042708,0.0773435456280347
JPM,2005-10-19,2005-10-20,3.74,0.03029238142681523,0.0070261524410668574,0.0331803786401752,0.03227728022490095,0.04798756787771774
JPM,2005-07-20,2005-07-21,1.93,0.007834977583962455,-0.001032328668159721,-0.013379916530156022,-0.016585572337102672,0.0012871449320978057
JPM,2005-04-20,2005-04-21,15.84,-0.002623587279767081,-0.0010587669899351226,0.015032082596752705,0.004546148772990977,-0.035643349727701334
JPM,2005-01-19,2005-01-20,-7.41,-0.013458494449187008,-0.004610799130565391,-0.012826844301912166,-0.03585192798769976,-0.03903869156008288
BAC,2026-01-14,2026-01-15,2.23,-0.03354824340580409,0.00806363233556251,-0.012194789238036408,0.014393129783730974,0.014239455853810812
BAC,2025-10-15,2025-10-16,11.43,0.009388212935012685,0.010977139644320566,0.009337653136155977,0.030920214298181703,0.033652580478301886
BAC,2025-07-16,2025-07-17,3.61,0.00936818827867758,0.007112646649921506,0.018977920242694735,-0.012250503061799867,-0.002236010383055431
BAC,2025-04-15,2025-04-16,10.74,0.04296514154469788,0.0007160889619741706,0.020266417408694837,0.06558236500767722,0.05651671801205116
BAC,2025-01-16,2025-01-17,6.84,-0.020199474164780185,-0.006359552984096517,0.009039941906306082,-0.023277062218333144,-0.08073640213472555
BAC,2024-10-15,2024-10-16,6.34,0.02469292492654651,-0.004758566822283594,-0.0033460117710978343,0.04615807165094998,0.07240016604750354
BAC,2024-07-16,2024-07-17,3.58,0.0580666468733273,-0.014370336488644941,-0.012492503169483804,-0.09387042581254923,-0.12288187580606735
BAC,2024-04-16,2024-04-17,-1.84,-0.012296513070640613,0.0173854530358295,0.0779997725813204,0.04606065924736802,0.07082998824713171
BAC,2024-01-12,2024-01-16,-45.64,-0.02809017566575367,-0.004403921275453526,-0.0006716912994413349,-0.020707718518319318,0.04558982658980715
BAC,2023-10-17,2023-10-18,10.05,0.025226617135902796,-0.004029495255851945,-0.035017718478426496,0.03932738934553304,0.07708794374036843
BAC,2023-07-18,2023-07-19,5.62,0.06277815891315353,0.011709134642548746,0.027228720198141154,-0.03686064224782282,-0.09577498115382777
BAC,2023-04-18,2023-04-19,13.93,-0.010690658956043708,0.00013442528730067682,-0.030276887126473695,-0.05219950437619647,-0.10681270838231538
BAC,2023-01-13,2023-01-17,10.57,-0.0005899614883064785,-0.00738700178793128,-0.004660836042629679,-0.005518083826930642,-0.2107248029789831
BAC,2022-10-17,2022-10-18,4.92,0.06256669408306159,-0.02043614893676038,-0.02253513308503119,0.007127622418747093,-0.06273893498774452
BAC,2022-07-18,2022-07-19,-2.06,0.01556945871818205,-0.006073388760226672,-0.005477476179943541,0.003231203904001001,-0.011448143130214916
BAC,2022-04-18,2022-04-19,7.49,0.03667339319609386,0.0030159241487482946,-0.013819331114705569,-0.007962991338400505,-0.04941543865184583
BAC,2022-01-19,2022-01-20,8.57,0.010312169373927094,0.0014883082759045152,0.02859736074123742,0.02868471478155865,-0.13006027883450066
BAC,2021-10-14,2021-10-15,21.6,0.05030791329464268,-0.004901232407105494,0.009618597578769927,-0.03635053559292656,0.009094972660760314
BAC,2021-07-14,2021-07-15,35.48,-0.023911857165459738,-0.01559196252739814,-0.024038401794867936,0.06167088482173022,0.13737214253211438
BAC,2021-04-15,2021-04-16,32.86,-0.03242548189312078,0.005423569101101644,0.0020122089185622416,0.08362181941083069,-0.024923875032956566
BAC,2021-01-19,2021-01-20,9.38,-0.04209612002976815,-0.01853684835772773,-0.05291834241866755,0.039413611250041614,0.12610258524258655
BAC,2020-10-14,2020-10-15,2.39,-0.0245527649916244,0.00433111544981668,0.03813031039869652,0.08874434150358734,0.30784411881028806
BAC,2020-07-16,2020-07-17,28.62,-0.055693540073697645,0.007422320183602782,0.05127567494537688,0.09296802315307118,0.013805693736705926
BAC,2020-04-15,2020-04-16,-33.43,-0.08081850333764973,0.05981920498776594,0.021079999264663862,-0.007493438945219921,0.004175248486187888
BAC,2020-01-15,2020-01-16,7.06,-0.027584783593263995,-0.0034008409585896127,-0.02748899503531843,-0.016441946246535277,-0.17479299258197334
BAC,2019-10-16,2019-10-17,10.51,0.016488621760267774,0.0073517763778245815,0.03270938299263526,0.04631892273842597,0.07408511202008672
BAC,2019-07-17,2019-07-18,4.81,0.02007142163034692,0.0028409077932594062,0.025257048926725645,-0.06211382778112118,-0.008917014961856262
BAC,2019-04-16,2019-04-17,5.74,0.008160727888180008,-0.0019694465894979363,-0.0073181061595810615,-0.04190634362153567,-0.06580858751022745
BAC,2019-01-16,2019-01-17,11.01,0.0818769806245343,-0.0026165801540307676,0.009628054746170678,-0.050659914022224584,-0.07299698099975793
BAC,2018-10-15,2018-10-16,6.65,-0.013666550603185001,0.0127904800892511,-0.028711285699111855,0.0027540649094174308,0.006120992911776257
BAC,2018-07-16,2018-07-17,9.25,0.04799109496040721,0.0018952047952398576,0.023259400477969594,0.013762305290015542,-0.017702609232177258
BAC,2018-04-16,2018-04-17,5.21,-0.010954790754849286,-0.017717293993726346,0.03167870865691513,0.03591295695699159,-0.0769825075075492
BAC,2018-01-17,2018-01-18,38.34,-0.0001518056022740133,0.003073640445315551,0.00447405032489212,0.04507743193025737,-0.007197915478147299
BAC,2017-10-13,2017-10-16,5.47,0.02848861799645075,-0.002229199350610722,0.0318491222280477,-0.005810027589743028,0.08630260029565529
BAC,2017-07-18,2017-07-19,5.49,-0.004280861847373085,-0.005432693174688197,0.004452929890406576,0.005605625843615236,0.027093409427601856
BAC,2017-04-18,2017-04-19,17.91,0.0017487290604915051,0.006372920915160396,0.0293237963747357,-0.017671266585276957,0.011091049865541436
BAC,2017-01-13,2017-01-17,6.1,-0.03672238429671182,0.024093997369089015,0.03484974810710062,0.058228378547085846,-0.008544628856856695
BAC,2016-10-17,2016-10-18,22.16,0.01348141292217342,0.010247990225435544,0.026137663555332313,0.21846802543837618,0.3516964833557328
BAC,2016-07-18,2016-07-19,9.33,0.04225532436228652,0.005654462926395709,0.0163442081165166,0.05562810194460366,0.13583358327598472
BAC,2016-04-14,2016-04-15,-1.33,0.01628591144611402,0.005116466544949239,0.0735585014298834,0.005963469050716097,-0.06946400873028269
BAC,2016-01-19,2016-01-20,3.72,-0.04174961742093741,-0.029707434042730463,-0.03746377577997795,-0.140606023916787,-0.09843968848729334
BAC,2015-10-14,2015-10-15,11.36,0.03268356539859685,-0.008870073624784869,-0.016233729694784538,0.06057910765031993,-0.014442549564717466
BAC,2015-07-15,2015-07-16,26.63,0.04017940634729844,0.0075085683764497535,0.022799118363311277,-0.0012386842512480678,-0.0824968087829947
BAC,2015-04-15,2015-04-16,-7.15,-0.006097645365161775,-0.0030621100834895554,-0.010088261836771917,0.03748556009852755,0.07913222609639403
BAC,2015-01-15,2015-01-16,-19.48,-0.04498118424261832,-0.009934428696430464,0.011614227043021064,0.03921747969399214,-0.02821752573775571
BAC,2014-10-15,2014-10-16,45.02,-0.019015862852337917,-0.0037265293374473263,-0.014153313804353251,-0.025308847331059425,-0.06486321509393056
BAC,2014-07-16,2014-07-17,87.65,-0.030876433354177557,0.008859627201563747,0.01260945891346843,0.007639518761752395,0.10941846843060676
BAC,2014-04-16,2014-04-17,-191.39,-0.026532260318955836,-0.0072021349021828,-0.01184727858402157,-0.11045436782691087,-0.08365075524884846
BAC,2014-01-15,2014-01-16,10.02,0.014401689460806333,0.0001311481002274073,-0.006899230873354645,-0.02007929011668741,-0.05902427962094248
BAC,2013-10-16,2013-10-17,7.54,0.008752216425410797,-0.008801369499233713,-0.04456652905656844,-0.025377418517062322,0.07858094978056851
BAC,2013-07-17,2013-07-18,24.24,0.05228588430706882,-0.002454121777419105,0.0043868026215121425,-0.015065286839874736,-0.05108835999166872
BAC,2013-04-17,2013-04-18,-10.67,-0.04763037723395891,0.010537758707918732,0.058996972703573514,0.09517119615953296,0.1175318898557216
BAC,2013-01-17,2013-01-18,5.37,-0.06303472920782571,0.013457834885625575,0.01879026862594646,0.061086011907961923,0.0008540620439687618
BAC,2012-10-17,2012-10-18,100.0,-0.0008667753115803034,0.013496189760455524,0.005818274614647456,0.04798995133409556,0.17018395564779798
BAC,2012-07-18,2012-07-19,14.65,-0.09338085125012507,-0.017022213919826834,-0.0010700234281210141,0.061356605562964406,0.2147678569729421
BAC,2012-04-19,2012-04-20,168.51,-0.05801879332972315,-0.013122061772553262,-0.030845830569089294,-0.10077298291509806,-0.04495210064956745
BAC,2012-01-19,2012-01-20,-6.25,0.03068256278978132,0.028036251004997403,0.032102393262824935,0.10056966496182929,0.20456986721012083
BAC,2011-10-18,2011-10-19,39.02,0.05387456682724068,0.0065619523980609,0.0035170243353390696,-0.1024792913212983,-0.06005394290778976
BAC,2011-07-19,2011-07-20,10.79,-0.0022437559231565096,0.024707059952187027,-0.0018051099288300954,-0.14478843202201108,-0.28093052877146585
BAC,2011-04-15,2011-04-18,-37.6,-0.04647324480267534,-0.012185853782332945,-0.04769670461075215,-0.06185913103574647,-0.1963262723778575
BAC,2011-01-21,2011-01-24,-75.65,-0.05060492971899466,-0.021375781601238764,-0.010396111616042147,-0.0024680232189189244,-0.13440578860726704
BAC,2010-10-19,2010-10-20,55.56,-0.04434586503765181,-0.035396794066185344,-0.022198770657114175,-0.01403261083358398,0.1963184910167568
BAC,2010-07-16,2010-07-19,19.68,-0.09386859063766162,0.0006644988887825054,-0.00012237650701307778,-0.039900772881079516,-0.10224954970451905
BAC,2010-04-19,2010-04-20,-16.02,-0.0018716979921520327,-0.01591177742793204,-0.041403233657706484,-0.07278095026914266,-0.0841517939852996
BAC,2010-04-16,2010-04-19,165.93,-0.043752618213627414,0.003031677957588297,-0.03134215689646003,-0.062019532293512425,-0.06690768145361947
BAC,2009-10-16,2009-10-19,-159.2,-0.05266289107286348,-0.003458668440025292,-0.07633224946374628,-0.08810829455628788,-0.07164920998763746
BAC,2009-07-17,2009-07-20,5.69,-0.09231017900294713,-0.0087104609569284,0.03559661464379449,0.31951296158569864,0.3209576169374029
BAC,2009-04-20,2009-04-21,158.4,-0.15038712445946223,-0.05096458501192447,-0.07563074202617004,0.21300290886175222,0.403920897323401
BAC,2009-01-16,2009-01-20,-1110.53,-0.3416401564085595,0.2666117275293809,0.22535992298601437,-0.08480753858479073,0.9517364113374258
BAC,2008-10-06,2008-10-07,-75.43,-0.21717632631674244,-0.045065015019062016,0.11791156060761598,0.028174155493519315,-0.32027391519078896
BAC,2008-07-21,2008-07-22,42.1,0.16488508755992792,0.028281288006459793,0.005395124239686133,-0.12815055122780394,0.040814877451074816
BAC,2008-04-21,2008-04-22,-42.72,-0.036557378375289495,-0.0021892294075982477,0.014979030098776658,-0.07214948020261758,-0.18193416643527582
BAC,2008-01-22,2008-01-23,-180.86,0.11425470282809624,-0.024957025890244622,0.03257934846633703,0.033476041592359174,-0.0732304240276267
BAC,2007-10-18,2007-10-19,-20.82,-0.019478021035088333,-0.001398301012220271,-0.016722125559569756,-0.04134609861573091,-0.0949316198617588
BAC,2007-07-19,2007-07-20,8.42,-0.014993702393825914,-0.006373367602946489,0.03602953688697785,0.12867786304643314,0.06325388558670375
BAC,2007-04-19,2007-04-20,1.65,-0.02422013743847562,-0.006614965581106191,-0.011411534543719126,-0.022210970045326572,-0.059235597506782756
BAC,2007-01-23,2007-01-24,0.85,-0.0194144972829694,-0.003297349417417439,-0.010264884972028043,-0.003939581180680829,-0.06644564857862256
BAC,2006-10-19,2006-10-20,5.45,-0.005361324416459534,-0.003858131215195737,-0.006327482805557727,-0.003223436592876494,-0.03965511301253288
BAC,2006-07-19,2006-07-20,11.37,0.018041986911211616,0.016918903571980226,0.01253292601740097,0.008494679145310435,0.007985160420295845
BAC,2006-04-20,2006-04-21,7.78,0.016280246540427035,0.006096414028005315,0.06263244626725295,0.0607505450577247,0.094785974941627
BAC,2006-01-23,2006-01-24,-8.1,-0.003472421977091411,0.007945907934963747,-0.007732991095717567,-0.0025063016840469743,0.017334354586276746
BAC,2005-10-19,2005-10-20,-2.27,0.016428388413237904,-0.002487270612380854,0.01956882542727234,0.01517371708601667,-0.007916919464039607
BAC,2005-07-18,2005-07-19,7.04,-0.02669406642698835,-0.002521613492445285,-0.009071678097461566,-0.017958130665193917,-0.013597595422880304
BAC,2005-04-18,2005-04-19,19.16,0.0036404832118421826,-0.0016293058034111407,-0.0053020699439720875,0.008128126714260997,-0.03969436755715816
BAC,2005-01-18,2005-01-19,3.81,0.001950879622824142,0.013651543189502235,0.026163886603311814,0.014734713336642224,0.024794040123157446
C,2026-01-14,2026-01-15,-23.43,0.012179479832648221,0.005775789669876241,-0.02859913770876632,-0.03611604411487568,0.10298757265597791
C,2025-10-14,2025-10-15,17.44,0.035080810397079,-0.02846725365518865,-0.038830516150111793,0.009738929304514032,0.13845410268633174
C,2025-07-15,2025-07-16,28.26,0.029744216711678706,0.027983833600058405,0.050314481492043095,0.025234583568420454,-0.005629956847752915
C,2025-04-15,2025-04-16,5.93,0.0072507521346337755,0.017091685838947157,0.05757767743458464,0.10969604008079181,0.2855118361418296
C,2025-01-15,2025-01-16,8.7,0.05193105314714419,0.008811183014021617,0.010228674456171039,0.054634721648132656,-0.10314695158295173
C,2024-10-15,2024-10-16,15.76,-0.023205756263937505,-0.0044436283618092265,-0.010497277669742733,0.056155065454884356,0.1509374411042912
C,2024-07-12,2024-07-15,11.58,-0.017749609948901623,0.02676861832306665,0.00242738017740618,-0.053195882229285285,-0.04368626135366693
C,2024-04-12,2024-04-15,41.0,-0.00925606806781576,-0.024474067444385184,0.0501894827893925,0.05942591539830655,0.025144059639783167
C,2024-01-12,2024-01-16,21.41,-0.0010514186235116574,-0.004273443226227136,0.006660573136180181,-0.0134552367722367,0.08752129066745895
C,2023-10-12,2023-10-13,24.2,0.008639086546716301,-0.022107351377713913,-0.018346790306013383,0.007764219268105554,0.18746072315331785
C,2023-07-14,2023-07-17,-0.91,-0.03262929453670915,0.008998156017731906,0.02281098844837892,-0.029576356046008168,-0.06104506508717
C,2023-04-14,2023-04-17,9.3,0.049391591677186986,0.007196544832025031,-0.01011775924278191,-0.06084743892829436,-0.12001644254405575
C,2023-01-13,2023-01-17,-3.9,0.022811767728388554,-0.0017034498820577282,0.015953800355962278,-0.0014263762643274003,-0.09399350338322099
C,2022-10-14,2022-10-17,14.28,0.01257826766079484,0.0010973259958046988,-0.014038285341127388,0.060434505937273064,0.05207364576846163
C,2022-07-15,2022-07-18,37.48,0.12365453133165594,0.014123342998743738,0.006082621642498065,-0.03228014958618175,-0.1246267749088289
C,2022-04-14,2022-04-18,43.5,0.055116282974830844,-0.00448112034135506,-0.0009578371532558139,0.0031196383661171723,-0.014086478569352412
C,2022-01-14,2022-01-18,-10.3,-0.0192808762030775,-0.005849670364368009,0.030013774454879183,0.05687549830549643,-0.20010179519025362
C,2021-10-14,2021-10-15,20.43,0.004328131770935606,-0.012366983281350552,-0.02898700609663396,-0.08436023065589549,-0.12218735117621671
C,2021-07-14,2021-07-15,50.2,0.0030986319268714313,-0.014800787697328843,-0.02383914272540899,0.06723671760501415,0.054488011904061384
C,2021-04-15,2021-04-16,43.03,-0.020430200716770264,0.0004961183555272086,-0.013522682579511947,0.06570795306105293,-0.09709602464718825
C,2021-01-15,2021-01-19,58.04,-0.07759239247351868,-0.020746994496821047,-0.05722345110339555,-0.01081930936820874,0.046769137909527414
C,2020-10-13,2020-10-14,60.38,-0.04934939496473578,0.01471445204211319,0.014480374903715343,0.12608624383495237,0.47012682132729244
C,2020-07-14,2020-07-15,58.07,-0.029161939055774577,-0.004036954151074523,-0.01903875999399074,-0.0088885695397809,-0.20102266624197285
C,2020-04-15,2020-04-16,-32.47,-0.0913555254226367,0.09465274999949225,0.04794925858821297,0.02799134693008254,0.1689076057995198
C,2020-01-14,2020-01-15,5.74,0.006584054633139047,-0.011272973357942417,-0.028481090426121125,-0.04815216002267664,-0.26647597793245015
C,2019-10-15,2019-10-16,1.02,-0.018813151291529162,-0.001510218088086157,0.03748583639989911,0.03519663025351716,0.06429431158371801
C,2019-07-15,2019-07-16,1.33,-0.0033757928117257308,-0.00020581462252688976,0.008559892287176574,-0.06004720167782085,-0.023534551031629602
C,2019-04-15,2019-04-16,4.23,0.028033352386655386,0.017451911757092042,-0.014059076968429784,-0.04045891707964033,0.0009657995394218855
C,2019-01-14,2019-01-15,4.11,0.0774407621822022,0.010776591188488949,0.00046557362902688304,-0.021966923000971805,-0.03053463290730618
C,2018-10-12,2018-10-15,4.21,0.003944364249857335,-0.014641459983687488,-0.04007841275713797,-0.05918910704946401,-0.12457679114061138
C,2018-07-13,2018-07-16,4.81,0.013974045823207382,-0.005629031392664685,0.007718250689609185,-0.00792341718412648,0.007996982006059694
C,2018-04-13,2018-04-16,4.81,-0.03382413050164523,-0.015408006492071302,-0.005577131836429272,0.020162036141753603,-0.06653941681549191
C,2018-01-16,2018-01-17,0.78,0.0021180025108946676,0.0006483633964550206,0.012790933377641034,0.030042561939927714,-0.03175165106836353
C,2017-10-12,2017-10-13,-0.71,-0.037488949280795825,-0.006048682602016853,0.011219778871850217,-0.006066260226748721,-0.027084668009045076
C,2017-07-14,2017-07-17,5.95,-0.007376687414294647,0.00036855186540485363,-0.016176998764794726,0.016452441799202244,0.08798535855038492
C,2017-04-13,2017-04-17,1.81,0.0058960186532224235,-0.006678156876713026,-0.003455467971313908,0.019545466294854208,0.09214125632333925
C,2017-01-18,2017-01-19,1.6,-0.02795919739803543,-0.013381007293710279,-0.002784698697775534,0.029707139068809063,0.001251400431770966
C,2016-10-14,2016-10-17,6.52,0.005639920346582006,0.001762419976432561,0.00834610214967113,0.10900072786732329,0.14984238846712783
C,2016-07-15,2016-07-18,12.27,0.001357595082813523,-0.003919076631723084,-0.01300022913512,0.03222442347474752,0.11194322362987141
C,2016-04-15,2016-04-18,4.96,-0.0030230189008957353,0.00837252507024,0.038036057057524664,-0.030681069482180856,-0.07093089832411215
C,2016-01-15,2016-01-19,-0.56,-0.0556407080895186,-0.021758071324566197,-0.04571482346446931,-0.07596205118966948,-0.03797967186699314
C,2015-10-15,2015-10-16,2.18,0.018869187576066704,0.0027347889149378357,-0.002828701338575712,0.01362436489025809,-0.07604775548091403
C,2015-07-16,2015-07-17,7.57,0.03168089682542674,0.0011845290894327842,0.020233195598059917,-0.004510883680545752,-0.07975683053017735
C,2015-04-16,2015-04-17,8.11,0.009154262028057691,-0.006686976990558424,-0.02099572298067387,0.001423001501836385,0.03645614408642506
C,2015-01-15,2015-01-16,8.13,-0.03319162559863864,-0.00948322212320829,0.007940275825362386,0.043870643300125245,0.06955727561811442
C,2014-10-14,2014-10-15,1.61,0.0008213833525558822,0.002266479007492772,-0.01304737277411161,-0.018544208979444088,-0.07871998899474919
C,2014-07-14,2014-07-15,14.64,0.04557012957824358,0.007051335253421609,0.0013708950141086973,0.001711553412776845,0.06448019686605244
C,2014-04-14,2014-04-15,12.05,0.04275410318868467,-0.013168581865771745,-0.015781032389374117,-0.050813224877420016,-0.0994004918142094
C,2014-01-16,2014-01-17,-16.54,-0.043939913214789184,-0.010975528457909278,-0.03553688820560896,-0.05836050220114286,-0.08304465219706847
C,2013-10-15,2013-10-16,-6.04,0.018389035915329144,-0.0011755876878263294,-0.027313683158023516,-0.053192004214402955,-0.004779803552320772
C,2013-07-15,2013-07-16,5.94,0.02001481139974204,-0.003338751936885598,0.01058858603824775,-0.013441841787780295,-0.0680394954467548
C,2013-04-15,2013-04-16,10.6,0.050735956764945245,-0.005104907887281018,-0.006636096298537342,0.02406637993073324,0.003326064523134553
C,2013-01-17,2013-01-18,-28.66,-0.028008217279525627,-0.002513254018447153,0.004591795544660382,0.03525612238943765,0.047837462061195435
C,2012-10-15,2012-10-16,7.36,0.053396820035798376,0.02714338124475013,0.018644154886042985,0.013098084900609486,0.1254444556303318
C,2012-07-16,2012-07-17,11.98,0.022898577592978864,-0.017633874569149333,-0.06033897031071289,0.018672386321788137,0.2275406284990602
C,2012-04-16,2012-04-17,11.04,0.0358389676841917,0.0033794295434071975,-0.03459395290776346,-0.1662973653759784,-0.24406626091736583
C,2012-01-17,2012-01-18,-35.9,-0.07060780776802644,0.005057771687212664,0.018347543216575835,0.0640265594880316,0.09793554332078402
C,2011-10-17,2011-10-18,55.2,0.0520314373366666,-0.004570092022648464,0.030302078845628966,-0.09048785425744443,-0.028608305697487957
C,2011-07-15,2011-07-18,13.73,-0.030359392663565354,-0.008812936906880786,0.03284514241814862,-0.09473238493197034,-0.1833388183360326
C,2011-04-18,2011-04-19,5.56,0.030415400666998216,-0.004801273897912184,-0.037618715883829146,-0.11285203634801777,-0.16041595053242175
C,2011-01-18,2011-01-19,-47.87,-0.06400491964961486,0.009729396360275033,-0.0005671229354808904,-0.01425242186183362,-0.09959231026202064
C,2010-10-18,2010-10-19,46.2,0.03608948744677343,0.0025489414111192765,0.012508459384865667,0.027157901726717615,0.13587842264648975
C,2010-07-16,2010-07-19,93.9,-0.02147816545404102,-0.008579358918729962,0.0029148413650412763,-0.036679559899170266,-0.031108533747174594
C,2010-04-19,2010-04-20,2242.86,0.07717782815292118,-0.006228480875593689,-0.10690612563143875,-0.17934459391325774,-0.07464099242221978
C,2010-01-19,2010-01-20,-0.87,0.009496606018359,-0.03568387299718945,-0.039496324880961886,0.017494197690454905,0.2655738204309521
C,2009-10-15,2009-10-16,18.67,-0.07815707354525625,-0.01915896135215578,-0.02088405937342408,-0.1243516263467418,-0.2957618621494741
C,2009-07-17,2009-07-20,-103.28,-0.10090320072887149,-0.05480424782265558,-0.06969050485935824,0.40026423589567606,0.5961905970189547
C,2009-04-17,2009-04-20,59.55,-0.23134270816212144,0.08250438795027004,0.015332254827901126,0.14460441096719778,-0.04590598358930631
C,2009-01-16,2009-01-20,-95.32,-0.2235505504762234,0.2675229926855529,0.21870788997253965,0.06087426683272623,0.35426857492228114
C,2008-10-16,2008-10-17,-1.53,-0.11861531943095016,-0.04596712196371122,-0.11794535338879142,-0.28148670284991206,-0.604252206669687
C,2008-07-18,2008-07-21,26.42,0.08892602526081306,0.049600436757864186,-0.09565945063173598,-0.10820587593899633,0.16529271965530312
C,2008-04-18,2008-04-21,-6.63,0.030670332122765043,0.007998373050010388,0.06331922375508081,-0.10220152467991728,-0.23272068154010783
C,2008-01-15,2008-01-16,-97.88,-0.06660472129973216,-0.022864187955726645,0.05606739090721935,0.005548523546529127,-0.10742734363832984
C,2007-10-15,2007-10-16,0.24,-0.048029452449193655,-0.005958615021428693,-0.039331787788112305,-0.15095111056934996,-0.27023616907446113
C,2007-07-20,2007-07-23,4.24,0.001812965076739781,-0.013133605039745477,-0.029357989911381388,0.02312624636512317,-0.11258225554121493
C,2007-04-16,2007-04-17,7.66,0.005843856441671402,0.007532856169288005,-0.0016730149142325512,-0.008615539087434287,-0.038148700560052706
C,2007-01-19,2007-01-22,1.15,0.006454417121896983,-0.006424828269743332,-0.009021104422975545,-0.02486372663638803,-0.05976809495489921
C,2006-10-19,2006-10-20,-2.29,-0.007408774890165004,0.0096213309297708,0.001195724715794766,0.001724710090293291,0.05323658576712331
C,2006-07-17,2006-07-18,-0.58,-0.02529026840089288,0.0011630705946337194,-0.002364810818358931,0.012932827559944737,-0.0013811966334233983
C,2006-04-17,2006-04-18,5.72,-0.006512295110525423,-0.007069645961610194,-0.018514222477775788,0.043094684348756074,0.04472435799578012
C,2006-01-19,2006-01-20,-2.18,-0.04073732571104072,0.003212579685088812,0.005423906778238896,0.0003103824069288219,0.030730749916952016
C,2005-10-17,2005-10-18,3.68,-0.005714449254494047,-0.006964872089420204,-0.00015758264839216274,0.03642776799442249,0.013082903414685765
C,2005-07-18,2005-07-19,-3.67,-0.04498143609594263,-0.007693023350360151,0.0019036236952194585,0.010681356651921492,0.05536685257384011
C,2005-04-15,2005-04-18,1.39,0.028811385587408367,-0.004918952030905643,-0.0036480914404617426,0.002241006640858023,-0.07440088061218886
C,2005-01-20,2005-01-21,0.79,0.00989084149093944,0.010941436475688238,0.0038230235253162714,-0.008504377616880499,-0.016474169389590565
WFC,2026-01-14,2026-01-15,-2.85,-0.04696091411984815,-0.0056819734154672785,-0.01813382237727168,-0.0022980181660322563,-0.08304285846803716
WFC,2025-10-14,2025-10-15,12.32,0.09232728753812647,-0.02164227275921038,-0.033794282643560436,-0.024444033830767653,0.05591154370272022
WFC,2025-07-15,2025-07-16,10.19,-0.041246904512114324,-0.008622499183626675,0.031424153230423135,-0.05266572973225536,-0.07255589454574207
WFC,2025-04-11,2025-04-14,4.7,-0.027875890334063125,0.025621953440081002,0.07162121686874756,0.122371413111789,0.15526164817325894
WFC,2025-01-15,2025-01-16,5.46,0.05063118395255728,0.004838484850621105,-0.009562683262905436,0.027735234693773814,-0.07905935808085163
WFC,2024-10-11,2024-10-14,18.08,0.062148238439653,0.021765737809492758,0.031103697094272964,0.1493236370404749,0.13517876284863994
WFC,2024-07-12,2024-07-15,3.23,-0.04946728526242661,0.03754827228545721,0.03667636337058633,-0.04099996684842311,-0.023725751210023294
WFC,2024-04-12,2024-04-15,15.7,0.031097360873117985,-0.008005933857898051,0.08187083458827349,0.04885525286901071,-0.044635546637375345
WFC,2024-01-12,2024-01-16,-1.39,-0.042288282321299,0.002354854143973628,0.028215749069694596,-0.0027559223672743993,0.12523602394296773
WFC,2023-10-13,2023-10-16,19.82,0.04257410522607197,0.007969313481968276,-0.016369808463237545,-0.021919018363742326,0.09105332879481809
WFC,2023-07-14,2023-07-17,8.87,0.0207170898353497,0.011791491526609077,0.030097419139786252,-0.008649622917351718,-0.07025249916643483
WFC,2023-04-14,2023-04-17,7.86,0.04021452333784126,0.013149232412368095,0.006796736339980458,-0.051668849050014454,-0.023452406162066897
WFC,2023-01-13,2023-01-17,27.69,0.028078320083520403,-0.0009841083315932364,0.0013704666455554015,0.0689034832902542,-0.13879091340294636
WFC,2022-10-14,2022-10-17,19.15,0.034959186798041664,0.00440133995684322,-0.004642343834093898,-0.004085881984923878,-0.10656494623379043
WFC,2022-07-15,2022-07-18,2.81,0.05255154119016736,0.0144960236107472,0.0204226796640119,-0.004466218184253412,0.04295313636723075
WFC,2022-04-14,2022-04-18,9.01,-0.016178257736967128,-0.0021505704943427517,-0.006808052312632151,-0.013769495845914248,-0.040819944415074194
WFC,2022-01-14,2022-01-18,25.11,0.029629262464416106,-0.009373067711299976,-0.006445859884601779,0.057195340725320065,-0.1140646500412994
WFC,2021-10-14,2021-10-15,17.18,0.026032349280417755,0.01874273481149391,0.030866512277766045,0.009398745504327177,0.10595799991151877
WFC,2021-07-14,2021-07-15,47.31,0.04287282551015792,-0.008156693778832325,-0.0009669486888597145,0.11778406975555389,0.060929239092414544
WFC,2021-04-14,2021-04-15,45.87,0.054282336837705,0.034536933412463444,0.019546908932920326,0.1143228967445753,-0.006704644998232867
WFC,2021-01-15,2021-01-19,13.31,-0.061509051028225015,-0.01904882215657633,-0.05188300415294189,0.08862230415723382,0.19671651838665793
WFC,2020-10-14,2020-10-15,55.75,-0.0648409565871706,-0.0033172964322707443,0.02138836923227183,0.025804454824057688,0.3910251023586584
WFC,2020-07-14,2020-07-15,-271.91,-0.02462650192967719,0.007632517393746263,0.02033107406806911,-0.05066079886410435,-0.07027840122704032
WFC,2020-04-14,2020-04-15,29.39,-0.10275026283101718,-0.05932472551176826,-0.062489302537936275,-0.20553465789562642,-0.23466233973419226
WFC,2020-01-14,2020-01-15,-15.8,-0.0734625012047283,0.010928580288205314,-0.012825135342269589,-0.020540897951440984,-0.18748382708167077
WFC,2019-10-15,2019-10-16,-25.09,-0.0017831384704380948,-0.002545977718401815,0.022061626949329893,0.0490381002019582,-0.0435586551980347
WFC,2019-07-16,2019-07-17,10.42,-0.022104689506662223,0.009831619070050479,0.05923868250996289,0.030005501705436366,0.09876996527224091
WFC,2019-04-12,2019-04-15,9.09,-0.026425004192804358,0.018160162780308298,0.0023656769372630837,0.02627964822272466,-0.019576116134833788
WFC,2019-01-15,2019-01-16,0.68,-0.0031691391313690698,-0.0016608123802783759,0.011403073685210652,-0.05093930181678763,-0.1581567506857504
WFC,2018-10-12,2018-10-15,-3.56,0.026798583103868845,-0.012662508861187138,-0.03208713092914528,-0.0020923715547114252,-0.04290551378776053
WFC,2018-07-13,2018-07-16,-12.33,0.017241282167770544,-0.011591085006674828,0.014643158586663985,0.008395950387769746,-0.08735009986091014
WFC,2018-04-13,2018-04-16,4.86,-0.04131789904217009,-0.015225663461074346,0.03847341757159073,0.0593809190898591,0.07175101061863742
WFC,2018-01-12,2018-01-16,-23.83,-0.01117283917857026,0.01254834333891619,0.00902156348575911,-0.026857850274569217,-0.11575623053665385
WFC,2017-10-13,2017-10-16,-18.22,-0.028091720533700237,-0.012043445561048749,0.017420142694490215,-0.006418396704294338,0.09225071581777766
WFC,2017-07-14,2017-07-17,1.98,-0.02054847845158636,0.0011155412071706117,-0.013296426219766122,-0.03127789275981696,-0.018334377367418275
WFC,2017-04-13,2017-04-17,3.76,-0.009837282523943225,-0.002137589907048376,0.0065559883907202465,-0.005951083333414209,0.008497299982652251
WFC,2017-01-13,2017-01-17,-4.12,-0.011974949639834254,0.0069006413258239085,0.011139973645892587,0.05248961578856215,-0.044450591291872676
WFC,2016-10-14,2016-10-17,1.99,-0.0026286516904965307,0.003849831507501955,0.011102293563905796,0.1860958207852219,0.16201010481582534
WFC,2016-07-15,2016-07-18,-0.09,-0.014827464289543402,0.0028809238096101364,-0.0044227789869214496,-0.004562062023064195,-0.042268340220891654
WFC,2016-04-14,2016-04-15,0.71,-0.014850115046392443,0.005201066510362784,0.043391437328258675,0.021983691631966118,-0.030141453518926387
WFC,2016-01-15,2016-01-19,0.36,-0.027822585293170388,0.005763012721902716,-0.010342245822424712,-0.01956331025461777,-0.0919245070750423
WFC,2015-10-14,2015-10-15,0.31,0.005518073725279349,-0.0009404415623215368,0.011620252999515968,0.04195954855564388,0.018708122543425576
WFC,2015-07-14,2015-07-15,-0.09,0.014324898218573079,-0.001274671522255355,0.009198377062483054,-0.003913173979761209,-0.045087725044644866
WFC,2015-04-14,2015-04-15,6.57,-0.0023786031424946064,0.0002851729303332551,-0.0035047233067089234,0.0232352744371086,0.03932627066900729
WFC,2015-01-14,2015-01-15,0.22,-0.006651552554411411,0.005024139963367258,0.020182255763739665,0.04401644631911994,0.018151163067117837
WFC,2014-10-14,2014-10-15,-0.4,-0.04158254332826994,0.006709523906605619,0.014906297171441762,0.03228342921900795,0.0019659792856951963
WFC,2014-07-11,2014-07-14,-0.48,-0.016068141658667434,0.0026517026596409865,-0.003751485190699899,-0.0016444371264223712,0.01987071325265699
WFC,2014-04-11,2014-04-14,0.36,0.00958506159139283,0.007038979085106867,-0.003777895253162855,0.004397096724800154,0.006249741002636977
WFC,2014-01-14,2014-01-15,1.65,0.0020900678542670192,0.0010846009024686465,0.009049468101393399,0.006569462854581487,0.05591776346977373
WFC,2013-10-11,2013-10-14,2.24,-0.0029818202487599255,0.002224679575259403,0.0005976077806899571,-0.0061142117887187375,0.03333716054653468
WFC,2013-07-12,2013-07-15,5.75,0.030612373512133084,-0.0038656284649952743,0.02149856161059005,-0.0023327532878030244,-0.05429181820464812
WFC,2013-04-12,2013-04-15,4.09,0.0005071586422549235,-0.0013639613548732665,-0.0023940038500329663,-0.0014829734285515261,0.08890302125952942
WFC,2013-01-11,2013-01-14,4.24,-0.017049699663626683,0.009098270780655726,-0.0069311089053685215,-0.005786624491396664,-0.0014584337497305366
WFC,2012-10-12,2012-10-15,0.65,-0.041406412160861716,-0.015147825872331322,0.022348743053865916,-0.01031445725486868,0.004987127154268078
WFC,2012-07-13,2012-07-16,0.89,0.021235394316149847,-0.003927286850026412,-0.014538164748041593,-0.034684274770861556,-0.031966922191957625
WFC,2012-04-13,2012-04-16,1.61,-0.013036271299022073,0.0011758003682678098,-0.011978951623717315,0.005480175448802749,0.02615362872319904
WFC,2012-01-17,2012-01-18,0.56,0.006296387231554013,-0.008252576432055125,-0.015010781597822875,-0.027180647619493348,0.040366462608155684
WFC,2011-10-17,2011-10-18,0.63,-0.030452291731392744,-0.014466470320354974,-0.015822206843090436,-0.04583413916548362,0.09285069502173848
WFC,2011-07-19,2011-07-20,3.13,0.05208990695740101,0.0098220166712355,0.011272939934763193,-0.03140536307308239,0.0009592916169957055
WFC,2011-04-20,2011-04-21,2.55,-0.06969142652197202,0.0017470803311113725,0.0001631599127673855,-0.013644301627858457,0.0024391285590658063
WFC,2011-01-19,2011-01-20,-0.72,-0.007349298381504554,0.017177670950846657,0.00421565405549118,-0.013386258886880054,-0.09461449421626278
WFC,2010-10-20,2010-10-21,12.24,0.04829210899257852,0.001211261987093648,-0.005743141388953377,0.043404832017522654,0.14839745275941763
WFC,2010-07-21,2010-07-22,13.42,0.04808671242199547,-0.007583178305841098,0.003370267286926687,-0.0920454038673798,-0.21860314228417455
WFC,2010-04-21,2010-04-22,22.73,-0.004423276421168354,-0.00950561674458994,-0.009100312912149189,-0.032937074517441545,-0.11472117499404344
WFC,2010-01-20,2010-01-21,400.0,0.019301154198200887,-0.004136742666080773,0.044092770345022014,-0.015785815383322355,0.10431514468989667
WFC,2009-10-21,2009-10-22,45.04,-0.010619565326122626,-0.016740566448643635,-0.028519570562082097,-0.06410574032586869,-0.12354375800537287
WFC,2009-07-22,2009-07-23,79.81,-0.06486680711928206,-0.03665924175832125,0.014802892685125135,0.10076857671011186,0.11946187275466125
WFC,2009-04-22,2009-04-23,18.53,0.0644044632234615,0.050096388351033916,-0.02799562981675774,0.20409485698819418,0.15239817261939548
WFC,2009-01-28,2009-01-29,-618.18,0.15973867191264324,0.02673226117527372,-0.11769653560018267,-0.21804838167242446,0.07861726321187334
WFC,2008-10-15,2008-10-16,35.11,0.07222757927716583,-0.048304720406383894,-0.05362866317562465,-0.10576870223494539,-0.21030908633581247
WFC,2008-07-16,2008-07-17,7.29,0.32210149040206115,-0.0051514447910361305,0.04495530587162411,0.06123180917053905,0.3173727295245101
WFC,2008-04-16,2008-04-17,5.5,0.039725492548146724,0.01279042626791349,-0.0045543135578978156,-0.033712367824343836,-0.16663040640134563
WFC,2008-01-16,2008-01-17,1.18,0.020715421614623142,-0.014608353272198893,0.17628674325911087,0.13510477073424187,0.07171330461529069
WFC,2007-10-16,2007-10-17,-1.73,-0.04182876816934722,-0.018838290951036618,0.011246486417452073,0.022108876404198896,-0.08978979693828903
WFC,2007-07-17,2007-07-18,-4.29,0.0006327299287655075,0.0003542636089344242,-0.004655162989080086,0.04401901567766764,0.024230510860114185
WFC,2007-04-17,2007-04-18,3.13,0.008505859541835026,0.00555626111402574,-0.005826947034054175,-0.014002334041991249,-0.05966578498656738
WFC,2007-01-16,2007-01-17,-14.26,0.02293909609460809,0.0014261313791450458,0.001492861295619985,-0.01747408409036888,-0.05782329231652872
WFC,2006-10-17,2006-10-18,-20.4,0.018677345807772583,-0.003512099904914967,-0.02429536598640225,-0.033214898337019294,-0.059917069230772
WFC,2006-07-18,2006-07-19,-0.32,0.01420761353301958,0.006277358638196562,-0.008646520228857923,-0.029388716463944142,-0.05606029062558382
WFC,2006-04-18,2006-04-19,-0.5,-0.013609903909761467,0.0032597952205417613,0.017639757396350375,0.06611606667243963,0.10761470329372147
WFC,2006-01-17,2006-01-18,-1.28,0.012216857466449738,-0.019400216384174662,-0.01608240879684697,0.0036917765477326725,0.014089509098706543
WFC,2005-10-18,2005-10-19,1.07,0.0038428207523990565,0.007900611534776947,0.003925713540388065,-0.0004168895195872935,-0.01929908242844469
WFC,2005-07-19,2005-07-20,-0.53,-0.005360490661555639,-0.001079369067545577,-0.009425549700139091,-0.01712268981653542,-0.006359627137863866
WFC,2005-04-19,2005-04-20,-0.78,-0.0167390049685463,-0.01047849087797248,0.007130222029716249,0.013060148519933534,0.006051415492715595
WFC,2005-01-18,2005-01-19,0.94,0.00527719144289962,-0.0014503404397704367,0.006242950750716014,-0.02142955250227585,0.007566687765743096
GS,2026-01-15,2026-01-16,19.09,0.029564297006337004,0.000990937006289827,-0.03287753927302117,-0.03503801649597138,-0.07479337777278139
GS,2025-10-14,2025-10-15,10.49,-0.027171071383158663,-0.006003334603858268,-0.034334195747111385,0.06513215567966912,0.19446175759356477
GS,2025-07-16,2025-07-17,13.39,-0.004743144118970699,0.004160894936194537,0.008740863033691149,0.03167173425636416,0.04604794438089965
GS,2025-04-14,2025-04-15,14.88,0.0203294307362214,0.004822599590016519,0.04624797047170215,0.11123065403249788,0.2458033353928304
GS,2025-01-15,2025-01-16,32.26,0.05630991687387521,0.011085932733756021,0.011404635154776077,0.047061705267940956,-0.08772725395601644
GS,2024-10-15,2024-10-16,23.35,0.017057971010943862,-0.0017086398608506803,-0.01649135121174017,0.09589512202033812,0.08081136296405678
GS,2024-07-15,2024-07-16,0.14,0.03952379667279815,0.012351251757221293,-0.0019940643896502186,0.018372529043745534,-0.014638415397833171
GS,2024-04-15,2024-04-16,33.1,0.03325121392106445,0.02368281100556957,0.06417652432634524,0.11598119202550028,0.10079353386235934
GS,2024-01-16,2024-01-17,28.33,0.007700655247297239,-0.009608727489561097,-0.021851350539146885,-0.05336362623447055,-0.04505063132537779
GS,2023-10-17,2023-10-18,-1.02,-0.026166201325430793,-0.0003872475379802509,0.01220647422139065,0.07277186884957021,0.16185569388677723
GS,2023-07-19,2023-07-20,-19.55,0.04471965592520555,0.003135060082897434,0.009717615555322467,-0.03138145968296924,-0.06873332751525729
GS,2023-04-18,2023-04-19,9.07,-0.008696523340860796,0.010859343095617202,0.02263560596050862,-0.02254958424904785,-0.11402876454298583
GS,2023-01-17,2023-01-18,-42.44,-0.049013344505168144,0.012035025628062468,-0.021084194533420586,0.014883572190618644,-0.085536765634603
GS,2022-10-18,2022-10-19,9.73,0.011885325908018052,0.005338128215009008,0.040067995648577215,0.1532254588849451,0.0453754975283851
GS,2022-07-18,2022-07-19,17.82,0.06374209904703898,0.004316987316605347,0.005090270050055468,0.0206632508526281,0.022812270921914846
GS,2022-04-14,2022-04-18,19.88,0.036613402661232364,0.0022579907513953223,-0.004046269632737687,0.006339432071077344,-0.007753834276869709
GS,2022-01-18,2022-01-19,-9.37,-0.06034620393110801,0.013314120787382588,0.027305152163220714,0.04805235220875814,-0.04058716876015167
GS,2021-10-15,2021-10-18,49.14,0.04689074067867405,-0.011413177911472006,-0.016132090991044734,-0.06672570930546862,-0.10852528576819387
GS,2021-07-13,2021-07-14,47.52,-0.014109713236589494,0.0006112209136233115,0.0014702300335137641,0.08819132242037364,0.039623235681623514
GS,2021-04-14,2021-04-15,82.6,0.025881825512702683,0.007764187785622267,-0.014087227577445738,0.07328542278789274,0.07326682845270738
GS,2021-01-19,2021-01-20,70.43,-0.05681523385501186,-0.004698424078550811,-0.03431310778176744,0.04910079157762515,0.0926131005888704
GS,2020-10-14,2020-10-15,75.85,-0.00297188066735965,-0.010852851585387069,-0.007023872394128161,0.011900055016645483,0.3620184411668499
GS,2020-07-15,2020-07-16,60.16,-0.0027795375713273174,-0.018084944279715076,-0.0610337886315534,-0.07925511463206403,-0.1129254027580534
GS,2020-04-15,2020-04-16,-7.44,0.009849820999379255,0.009416640467562631,-0.011168833169813763,-0.03566152389164823,0.05420248999929411
GS,2020-01-15,2020-01-16,-14.51,0.005929312385151153,-0.004153679520092379,-0.024737450255717608,-0.07080252720505742,-0.14453824762635725
GS,2019-10-15,2019-10-16,-2.07,-0.0005043041924683855,-0.007577489671700022,0.013842385501973364,0.021513370008457766,0.0844242925808445
GS,2019-07-16,2019-07-17,14.13,0.018137938034327505,0.002058527535826915,0.028501268110065592,-0.03668572829655048,-0.0465165535731209
GS,2019-04-15,2019-04-16,12.0,-0.028868471861132505,0.03247092689440312,-0.013575059161823111,-0.009375706867178146,0.023533682649404586
GS,2019-01-16,2019-01-17,28.19,0.09658426178033341,0.0040185451214094225,-0.00243657342515724,-0.057763105841527884,-0.09939893739310413
GS,2018-10-16,2018-10-17,16.65,0.03863448755388621,-0.0001464540428390837,-0.029720255992320754,-0.07642697825360323,-0.14244789963368276
GS,2018-07-17,2018-07-18,28.99,-0.007021976842271238,-0.0031907725196447245,0.013072469839146672,-0.011167546715845189,-0.048712105380716464
GS,2018-04-17,2018-04-18,25.39,-0.026492238327677442,0.006216800299521763,-0.03314863947599289,-0.05818029308285699,-0.14413793833238797
GS,2018-01-17,2018-01-18,14.77,-0.036813821257627666,0.01597038220546554,0.05705759825818868,0.0884699462694345,0.06889004878529015
GS,2017-10-17,2017-10-18,21.07,-0.003252358941959188,-0.008701975736238765,0.00035968199841329707,-0.02107745393833782,-0.017394780028375578
GS,2017-07-18,2017-07-19,15.81,-0.03381861069797776,-0.0030027149590799995,-0.0045631097643755725,0.012496416070848948,0.04354890836674463
GS,2017-04-18,2017-04-19,-1.78,-0.04897045813048584,0.010404648109181291,0.03531744118878555,-0.011923612094634661,0.014321015583678376
GS,2017-01-18,2017-01-19,5.88,-0.01686513911683285,-0.0002600274966488847,0.02016671994707475,0.038915742494959105,-0.06255024660319264
GS,2016-10-18,2016-10-19,27.33,0.023657716688534114,0.0018664197736857346,0.017189346148730578,0.16518411740041605,0.2929705347432898
GS,2016-07-19,2016-07-20,22.31,-0.0126932359593116,-0.00685485367255767,-0.0021957337615626793,0.0182121778552784,0.05281042061203811
GS,2016-04-19,2016-04-20,7.22,0.04594574877037494,-0.004562199814202583,0.0032109503075864465,-0.01745808505348312,-0.060626245947863366
GS,2016-01-20,2016-01-21,29.19,-0.02568278593486073,0.013840339571654647,0.022711677941527286,-0.059698846347586154,-0.0734138851098276
GS,2015-10-15,2015-10-16,-5.85,0.011614667753503172,0.002532474856047129,-0.019131042146784738,0.03172618830095897,-0.07297975822654168
GS,2015-07-16,2015-07-17,-49.91,-0.011227018270634881,-0.000846924373769653,-0.002967210250678476,-0.034737390277720714,-0.10212387626076525
GS,2015-04-16,2015-04-17,39.12,-0.006862000947278513,-0.005336527347903353,-0.014549725507250866,0.006885167217093979,0.060340783951088994
GS,2015-01-16,2015-01-20,1.54,-0.031298208312843356,0.003606781902022016,0.0015313673401076144,0.03430853000398204,0.09775843769144199
GS,2014-10-16,2014-10-17,45.31,-0.012805343460250418,-0.004452424454033821,-0.005831125313037866,-0.00979376493362949,-0.04960156817634065
GS,2014-07-15,2014-07-16,32.58,0.01895643225781929,0.009430330909157347,0.03381532157955247,0.026906539963365117,0.08846971645534574
GS,2014-04-17,2014-04-21,14.7,-0.0011993699365537847,0.012312088539517374,-0.007129743000386157,-0.009913215550586219,0.02052174812499974
GS,2014-01-16,2014-01-17,10.43,-0.00829459029137869,-0.020412032933604385,-0.0350899525899776,-0.06924152998222233,-0.12568060874265108
GS,2013-10-17,2013-10-18,18.6,-0.03542453850169636,0.006748172854969647,0.01248016993346468,0.0035256640247891546,0.06546897801949436
GS,2013-07-16,2013-07-17,29.91,-0.00801279352282902,0.010373482348025265,0.01852530745821035,0.00668861259031206,-0.0305809264734066
GS,2013-04-16,2013-04-17,8.86,-0.03994692306709924,-0.007971113727696766,0.005825845449925593,0.035774826509906044,0.056703302353527274
GS,2013-01-16,2013-01-17,51.0,0.0336496018418142,0.022165975503046775,0.009264316394404837,0.0713720251496135,-0.04292554164714657
GS,2012-10-16,2012-10-17,29.3,-0.011340501858306373,0.004440505281109175,-0.005795391760298196,-0.005450136263860261,0.12128483358863362
GS,2012-07-17,2012-07-18,45.06,-0.026302552172797977,-0.018266976598740103,0.01912466581501726,0.0425326693491217,0.22039334142570088
GS,2012-04-17,2012-04-18,10.73,-0.03176783390921545,-0.008579909597323243,-0.015890168446753394,-0.10683108703225952,-0.1356105795656598
GS,2012-01-18,2012-01-19,37.31,0.08598395004919213,0.006116423851892483,0.0049781033194653546,0.030649535041244125,0.04954326896938399
GS,2011-10-18,2011-10-19,-766.69,0.032658971219711175,-0.0036810168208907257,0.02879561119778895,-0.07584773360156982,-0.1016558688262168
GS,2011-07-19,2011-07-20,-22.21,0.010824901730742686,0.007447329755896126,0.030293783148244824,-0.018909361624516396,-0.1866963168217428
GS,2011-04-19,2011-04-20,88.15,-0.02647750256598491,0.00019559068910757205,-0.03636700887680888,-0.09936257412305194,-0.13702142169603015
GS,2011-01-19,2011-01-20,-0.74,-0.04034826334220454,0.0008142058093745241,-0.02493081415943499,-0.0393006574469843,-0.09714069665080571
GS,2010-10-19,2010-10-20,23.53,0.0418525957188739,-0.0040854056937982275,-0.0008807418807204037,0.03017605299304371,-0.0038345161555286555
GS,2010-07-20,2010-07-21,-69.02,0.011042821224995891,-0.025315326946294348,-0.03368852214670892,-0.010369684888898334,-0.06902852451798913
GS,2010-04-20,2010-04-21,36.87,-0.033974795823520476,-0.0022282255527990014,-0.001472145528856661,-0.044718780909375866,0.03383632636336298
GS,2010-01-21,2010-01-22,57.99,-0.040377990846827694,0.0004520158724488077,-0.01837247014680965,-0.0010504731588734106,-0.07106690138476224
GS,2009-10-15,2009-10-16,25.28,-0.03729493961459229,-0.0021366080996152448,-0.014310972948996858,-0.04798008498952133,-0.13931542001291541
GS,2009-07-14,2009-07-15,41.79,0.0038721127152669954,0.01178539161431369,0.008937460914167472,-0.026101957000210563,0.06599294972356629
GS,2009-04-13,2009-04-14,126.23,-0.05714275233401345,0.04214894044041695,0.037191274656550144,0.09787045961996355,0.1961216529528813
GS,2008-12-16,2008-12-17,-17.88,0.14845155422294165,0.034804739705681764,0.010153200480677138,-0.015150552842239318,0.39720718404222355
GS,2008-09-16,2008-09-17,3.34,-0.12600368409269946,-0.08644079484812328,0.13577315319576289,0.21176603089381807,-0.14782448001276516
GS,2008-06-17,2008-06-18,35.46,0.01826839304473038,0.02149485262730999,0.018078989447308236,0.05437582177284883,-0.09853591306008991
GS,2008-03-18,2008-03-19,25.68,0.08669204307715517,0.060401104887487955,-0.014009673929599842,-0.02315235275961869,0.022956388899684876
GS,2007-12-18,2007-12-19,4.88,-0.02700836361025416,-0.013604757715815485,0.020512983523836015,0.006908007873609567,-0.059314324461129275
GS,2007-09-20,2007-09-21,41.04,0.026162728350508924,0.0039851489586794075,0.028179749009751287,0.05185244615418605,0.04052163451427038
GS,2007-06-14,2007-06-15,2.91,-0.04399870761953362,0.004624307190997823,-0.00029255989755305745,-0.037096054445061255,-0.15082340825608975
GS,2007-03-13,2007-03-14,34.04,3.6451249817992526e-05,0.0023328338745252086,0.02108815854863133,-0.008273339085040021,0.03751885834771129
GS,2006-12-12,2006-12-13,10.05,-0.02106994744116908,0.0003658980878202822,0.007944572284359408,0.063752927629805,0.023751580282723728
GS,2006-09-12,2006-09-13,9.95,0.05141822203680646,0.010243884213736232,0.02908194331758196,0.08623064565230965,0.17463599321285117
GS,2006-06-13,2006-06-14,11.69,-0.040874954925341545,0.019362574757554762,0.06510428703285132,0.020755787085967814,0.024641089351545187
GS,2006-03-14,2006-03-15,53.76,0.04385986019267896,-0.010856751252909747,0.017866545074241458,0.08106129660481332,0.04562744433839738
GS,2005-12-15,2005-12-16,-4.0,-0.01804178324204586,-0.005686138964912546,0.009562205794982237,0.0348494636128851,0.1327380126912805
GS,2005-09-20,2005-09-21,37.91,-0.004271415979149151,0.020821426617929406,0.03192350035900149,0.05706370759486401,0.05737908415165305
GS,2005-06-16,2005-06-17,-9.57,0.040201858326897044,-0.00562849894154549,0.018358298532578088,0.03461645447947026,0.11275630652557211
GS,2005-03-17,2005-03-18,31.03,0.001051597172760932,0.0002560313717602236,0.0076480805745461344,0.010167820342021794,-0.12364192283194853
MS,2026-01-15,2026-01-16,10.55,0.04408442663422063,-0.016609648915792086,-0.03967696337896609,-0.07507449668606403,0.004231339013976987
MS,2025-10-15,2025-10-16,32.63,0.03252853124793309,-0.014112777945726074,-0.021269239017845165,0.023977696774591273,0.09580882074900732
MS,2025-07-16,2025-07-17,7.46,-0.014356473469539832,0.00023556031402705013,0.0011969824585860156,0.034407352026160964,0.042616114306356145
MS,2025-04-11,2025-04-14,17.68,-0.003979309495584005,0.014990524595244636,0.03365677780972942,0.10649835377011718,0.15431112582359074
MS,2025-01-16,2025-01-17,31.4,0.04797292213247606,-0.013287633578941915,-0.011844226323070473,0.00411313007268177,-0.09597669507263384
MS,2024-10-16,2024-10-17,18.96,0.05990557347724246,0.009716551955651243,0.0030796242113556582,0.09863458269410352,0.08032286917754927
MS,2024-07-16,2024-07-17,10.16,0.02432463472721702,-0.012415946633668296,-0.018445260962563714,-0.03826107909648613,-0.018068906029388154
MS,2024-04-16,2024-04-17,22.45,0.04325252366409549,0.004055939163130962,0.032142407068270096,0.0678133899727551,0.05387013172081523
MS,2024-01-16,2024-01-17,-17.84,-0.049764775681884865,-0.01493483523307515,0.009699178953840537,-0.050752582586930384,-0.053915286086686276
MS,2023-10-18,2023-10-19,6.75,-0.07025014116081207,0.015167938074921783,0.02089284797541424,0.04996906487649344,0.05968278722486975
MS,2023-07-18,2023-07-19,18.95,0.06894439977158484,0.013504386506225097,0.0033978352580987803,-0.034244339416937275,-0.11308595255747966
MS,2023-04-19,2023-04-20,4.91,0.012080206911708746,0.006853615909120148,-0.0031666616388954516,-0.0754394170774213,-0.08131682390641859
MS,2023-01-17,2023-01-18,1.36,0.07126782417705335,-0.017880489302542713,-0.0323641886657251,-0.005021792215945897,-0.15253909199182647
MS,2022-10-14,2022-10-17,-2.82,-0.029806542792596202,0.01806635269698975,-0.0031634309756471968,0.09838826838992065,0.09782679912049397
MS,2022-07-14,2022-07-15,-4.14,0.024313856259393196,0.01863453100732748,0.030256371716269603,0.0765342079061968,0.07549684829492165
MS,2022-04-14,2022-04-18,19.7,0.039978851125473946,0.011956435442234348,0.005064053992943185,0.018337395160419212,0.00449019609274659
MS,2022-01-19,2022-01-20,5.94,0.08324526468576143,0.009913528958419238,0.04793980719577018,-0.008461101104251023,-0.1110832536648586
MS,2021-10-14,2021-10-15,21.62,0.011653029854339803,-0.01010737429068187,-0.019588800793485794,-0.06365211443681007,-0.013076185163635845
MS,2021-07-15,2021-07-16,11.92,-0.0018537812880777826,-0.006054468793220247,0.016226079687606365,0.11362710382957042,0.06302217662816312
MS,2021-04-16,2021-04-19,27.86,-0.00818733298069163,-0.026915704598680756,0.0128379171495554,0.10464213878759865,0.1061383963159086
MS,2021-01-20,2021-01-21,49.99,-0.018630080420803163,-0.004090979454641319,-0.05004711656823946,0.007565537219225815,-0.007279118848799948
MS,2020-10-15,2020-10-16,31.36,0.025531211986300262,-0.0021542468932033154,0.004733333916812965,0.0687692748826787,0.36983886040522607
MS,2020-07-16,2020-07-17,76.33,0.021046659040720894,-0.018575936242785196,-0.03993813113811662,-0.04214421197763296,-0.12496075124332273
MS,2020-04-16,2020-04-17,-8.69,-0.014001054778274069,-0.0010571497089478799,-0.015848396318469238,-0.03639868012579495,0.18574562096103353
MS,2020-01-16,2020-01-17,30.2,0.07486731130299673,-0.025689510879998823,-0.051052500748540175,-0.042666631779236575,-0.16958078919712305
MS,2019-10-17,2019-10-18,14.84,0.02177265957859087,0.02345458053286742,0.04988790560658929,0.08414840456030848,0.11484720708836171
MS,2019-07-18,2019-07-19,6.28,0.016078866474345088,2.1178758339512882e-05,0.014125800099248131,-0.06523321581731845,-0.04128034755358723
MS,2019-04-17,2019-04-18,18.47,0.011754165788651183,-0.006329447640585628,-0.004538470885646628,-0.05695184087917593,-0.09840490137422309
MS,2019-01-17,2019-01-18,-10.03,-0.03897941345608369,-0.015787128358678792,-0.013671497295374757,-0.07090336820818288,-0.009869098224296824
MS,2018-10-16,2018-10-17,14.31,0.06352812325688606,-0.010140533916072059,-0.02445728055154328,-0.02784266253647505,-0.018837907161900036
MS,2018-07-18,2018-07-19,13.26,0.015299921249690263,0.009567542100264892,0.01093970219842233,-0.03986642249771366,-0.11363422621630948
MS,2018-04-18,2018-04-19,16.06,0.0322342289209836,0.004092058466280246,-0.03610853560681526,-0.003668072160872393,-0.14525886135686894
MS,2018-01-18,2018-01-19,7.58,0.03525979141783475,-0.009870885426781828,-0.019567042561510428,-0.010148149287568686,-0.03680517846819742
MS,2017-10-17,2017-10-18,15.12,0.02304005629437711,-0.007452148171236073,0.009258768933600448,-0.03898274275247349,0.005444613720343661
MS,2017-07-19,2017-07-20,12.66,0.02448874287273095,0.0026101959871382974,0.01745593319948968,-0.00914172266953861,0.007125986725011746
MS,2017-04-19,2017-04-20,11.32,0.02501778686889211,-0.013284157511938344,0.015256938113150209,-0.02967579506662177,0.02303053153968615
MS,2017-01-17,2017-01-18,25.07,-0.020362653918481577,-0.005861801817486967,0.010895016672114455,0.05361380073137356,-0.0761604451558322
MS,2016-10-19,2016-10-20,27.23,0.017150023667610537,0.015945768795660786,0.03744073824684002,0.19827859268768955,0.24411641427770814
MS,2016-07-20,2016-07-21,26.06,0.023752413820373963,-0.002753587969066773,0.004228370531249137,0.05350591336830979,0.12808130110361982
MS,2016-04-18,2016-04-19,12.77,0.01697024618727716,0.03495042198249343,0.04586357277412367,0.018133900790092805,0.02900623203064856
MS,2016-01-19,2016-01-20,28.84,-0.016608524347589748,-0.023827813506013595,-0.00225830363674695,-0.07978368179203488,-0.0983316730639654
MS,2015-10-19,2015-10-20,-25.26,-0.04928645597526715,-0.01767260247400415,-0.01780315167837987,0.034801591984157776,-0.12113727230297822
MS,2015-07-20,2015-07-21,8.29,0.0004511468683614517,0.013271751721437464,-0.009280218792845352,-0.04440875603062211,-0.1310589368270585
MS,2015-04-20,2015-04-21,8.18,-0.007934500529214406,0.007330470439616876,0.0032091644936131924,0.040703988652547984,0.07259221824028073
MS,2015-01-20,2015-01-21,-37.33,-0.011776824201745972,0.008163434275457071,-0.010350926756571899,0.01511996323499254,0.03267342065361434
MS,2014-10-17,2014-10-20,54.02,0.0026494721724648063,0.0023987800686708916,-0.011585706248549377,-0.0023893164743329365,-0.010749459245432913
MS,2014-07-17,2014-07-18,7.85,0.005570426273729945,-0.0008855282545653376,0.018331858057120343,0.00019191394182427324,0.05715182992858303
MS,2014-04-17,2014-04-21,13.6,0.03157869067844565,0.002556529939142127,-0.027924800949715722,-0.032364009668902405,-0.010949396065779604
MS,2014-01-17,2014-01-21,11.35,0.020989382674607482,-0.011071735108240999,-0.04887235729933115,-0.10470037254124653,-0.09749779122962687
MS,2013-10-18,2013-10-21,21.25,0.01047125697193274,-0.004772126926859022,-0.026123481575752394,0.0035782759308125023,0.026010335144140306
MS,2013-07-18,2013-07-19,-0.09,0.03267550956294185,-0.0015881112963243016,0.003977979260797682,-0.019464001506148465,0.007472656014430479
MS,2013-04-18,2013-04-19,8.67,-0.04383826345374742,0.0018785063650055278,0.02452422594702952,0.15315915234561084,0.20168569095957878
MS,2013-01-18,2013-01-22,63.73,0.0998350987585166,-0.015099341840026148,-0.027230458055713225,0.0065631873547422614,-0.15244143328821835
MS,2012-10-18,2012-10-19,14.94,-0.03269955233731614,-0.0047031445252890824,-0.01372535248840101,-0.035277861286567624,0.23863723011804416
MS,2012-07-19,2012-07-20,-50.68,-0.07993907346009199,-0.000841679962282349,0.043437251445533454,0.10419500088879241,0.3328530737607933
MS,2012-04-19,2012-04-20,59.03,-0.005430532345636951,-0.02019513294860331,-0.04517121901934573,-0.17452109909022573,-0.17082911710795168
MS,2012-01-19,2012-01-20,73.69,0.050918998316336284,-0.007211492232263361,0.013009472387366716,0.01093987634199145,-0.0853453190034168
MS,2011-10-19,2011-10-20,273.55,0.006302918432182558,0.005696568534168112,0.11480402789423017,-0.1504430366618622,-0.03399836163898007
MS,2011-07-21,2011-07-22,37.91,0.08581829303245092,-0.01953186947389296,-0.028044489293080566,-0.1660921267369535,-0.25855890109618473
MS,2011-04-21,2011-04-25,34.33,-0.014041981008334647,-0.005890113501168637,-0.0076513572415777276,-0.06746680192450427,-0.15336649728683027
MS,2011-01-20,2011-01-21,-17.03,0.08050575116899283,-0.014350558437251415,-0.025588247120758245,-0.013547806774107496,-0.13524563663221423
MS,2010-10-20,2010-10-21,-126.78,-0.043107807974480106,-0.005114612534377616,0.010376438231711305,0.026092012821208987,0.06893438653622375
MS,2010-07-21,2010-07-22,64.86,0.0532181435576351,-0.004946124800357943,0.001752074812163551,-0.013627615436374807,-0.14537135480157515
MS,2010-05-06,2010-05-07,-254.05,-0.004983354376361548,-0.0040408944327050556,-0.04778275995932235,-0.03678805475951852,-0.02095865793459073
MS,2010-04-21,2010-04-22,69.67,0.046461414594512584,-0.005273889730974979,-0.015530942426520422,-0.0835070642878385,-0.11266297866325936
MS,2010-01-20,2010-01-21,-59.89,-0.029205687507970257,-0.030196886565481473,-0.03331583199005017,-0.05905462814605178,-0.06767778092450549
MS,2009-10-21,2009-10-22,39.2,0.09791703995946244,-0.00927139696633017,-0.03202239104759608,-0.09912552415457498,-0.1890356569735815
MS,2009-07-22,2009-07-23,-211.36,0.01369062605499538,-0.014256829265168136,-0.014834050411900113,-0.003487872615439258,0.03773053821687733
MS,2008-12-17,2008-12-18,-1110.81,0.034388943457143606,-0.04375839069780296,-0.08142024856802577,-0.10251940462402276,0.6086248201894284
MS,2008-09-16,2008-09-17,5.14,-0.2953460729321875,0.007109347602111571,0.11397042842848326,0.06750562009966743,-0.11890812332733847
MS,2008-06-18,2008-06-19,21.07,-0.0013710641568096538,-0.021339713213312406,-0.042325092853493174,0.024945608554474474,-0.09094651935811604
MS,2008-03-19,2008-03-20,41.08,0.16559586361982914,-0.03851037244071964,-0.09493999734803915,-0.08122404488474666,-0.1751461958660504
MS,2007-12-19,2007-12-20,-814.97,0.06234334980564715,0.043984145614734516,0.027281371171701263,0.0550547058615779,-0.04167518426813366
MS,2007-09-19,2007-09-20,-4.17,-0.05545321357036492,-0.005638834011425509,-0.011326801896473393,0.0018369590256002155,-0.18969847896006042
MS,2007-06-20,2007-06-21,21.72,0.0026078587030256006,-0.021407005917099542,-0.017081686140599572,-0.07390859294603946,-0.07522817161343598
MS,2007-03-21,2007-03-22,24.16,0.0502803144665287,-0.001836568473829625,-0.024829041493260928,-0.0126061040355816,0.02210308099145375
MS,2006-12-19,2006-12-20,2.43,0.009983790276628657,-0.002370405650930385,0.0033217679043291426,0.015235530120382812,-0.008133819746346749
MS,2006-09-20,2006-09-21,40.0,-0.003378132318151539,0.0049872993416092415,0.003646552370820233,0.029753011506099325,0.0249519265981073
MS,2006-06-21,2006-06-22,29.07,0.04945585118653972,-0.005005271380249421,0.019581202022137312,0.050175211531116926,0.11943466853150042
MS,2006-03-22,2006-03-23,23.42,0.015190155716431564,-0.002393514725073098,0.035677788520520504,0.052664298249700536,-0.03284826901733251
MS,2005-12-20,2005-12-21,26.89,0.022865423494282222,0.0011300556967555053,-0.010200009919219766,0.00788177278868396,0.012004440054952603
MS,2005-09-21,2005-09-22,15.29,0.001999420902163651,-0.005804338052726177,0.020731152279485965,0.03420702994031377,0.048338982714823064
MS,2005-06-22,2005-06-23,1.64,0.027968536353631723,0.03441127978192937,0.020174644333269542,0.018676748043183755,-0.015948679325986426
MS,2005-03-17,2005-03-18,11.56,-0.001972962387490562,-0.009615308384916976,-0.029430162907668422,-0.06879828545489997,-0.1394963497357069
AXP,2026-01-30,2026-02-02,-0.66,-0.017789896649406667,-0.0006140373420151501,0.021457216947711077,-0.10588346914196878,-0.128595258871108
AXP,2025-10-17,2025-10-20,4.02,0.06544377035379556,0.01643934881346898,0.01411478165152169,-0.015162567340296307,-0.009392355497840565
AXP,2025-07-18,2025-07-21,5.09,-0.04042016536240045,0.0037187062446728536,0.012652275781870337,-0.009641929658109838,0.0452722753161281
AXP,2025-04-17,2025-04-21,4.8,-0.018749440055722766,0.014846374316232147,0.020589276008921686,0.07660986295092509,0.07787563311066226
AXP,2025-01-24,2025-01-27,0.17,-0.011976025245137523,-0.0066329812285974565,0.003017166906470914,-0.06438208271344503,-0.07112723532948262
AXP,2024-10-18,2024-10-21,6.49,-0.05482590775297491,0.006662447693069007,0.007493813326119647,0.0469202882585269,0.12983130446136548
AXP,2024-07-19,2024-07-22,27.11,-0.02145822163364408,0.010353043111544058,0.03066062512435941,0.029055454263162916,0.08748019531614837
AXP,2024-04-19,2024-04-22,11.68,0.07086406536787448,0.013712767188410302,0.004716037617191748,-0.020799854306364107,-0.036793385895318664
AXP,2024-01-26,2024-01-29,-1.01,0.061367586327199186,0.017153025900893182,0.02268586461478117,0.05335716928031542,0.16219039603125673
AXP,2023-10-20,2023-10-23,11.87,-0.019618491148973627,-0.008715285484626856,0.002453483318274663,0.05281615948391005,0.11887807567812958
AXP,2023-07-21,2023-07-24,2.64,-0.057090201921024986,-0.010418500671163233,-0.001407604420089692,-0.00846543765020058,-0.039440695820178395
AXP,2023-04-20,2023-04-21,-10.02,-0.0024084626757333583,-0.02052057978897659,-0.023946928131323597,-0.08170018086849284,-0.023261209944091865
AXP,2023-01-27,2023-01-30,-7.45,0.11792471112082314,-0.0015559200350190316,-0.0009415386599527231,0.018512248910655504,-0.10803400919915285
AXP,2022-10-21,2022-10-24,2.29,-0.04238266460820839,0.022088152871206912,0.02878011473668729,0.03744596993235483,0.02440996924653205
AXP,2022-07-22,2022-07-25,6.64,0.032112227061527276,-0.013918052789186786,-0.04141665945982986,-0.019523417824336642,0.010835454449654391
AXP,2022-04-22,2022-04-25,10.73,0.012971510407974618,-0.0006426918742007404,-0.035048124664056934,-0.062401321010709165,-0.11585862623798993
AXP,2022-01-25,2022-01-26,18.71,0.11781465200825492,-0.01456939182603334,-0.004887649359970547,0.08604295456099709,0.04657936880323321
AXP,2021-10-22,2021-10-25,29.38,0.022951292989561223,-0.008360185371157791,-0.05428619636311727,-0.08897156723678057,-0.09924032878885258
AXP,2021-07-23,2021-07-26,72.14,-0.0027619516726193893,0.006469228146268713,-0.011572926503401249,-0.08459697219075457,0.0046957509647318485
AXP,2021-04-23,2021-04-26,69.77,0.008656330086767028,0.0003487177852707912,0.028253375570367778,0.051472617315257985,0.10649149221035303
AXP,2021-01-26,2021-01-27,35.17,-0.03231174793314817,0.03417320961937964,0.035786825782702314,0.1803544659703169,0.1521531059107344
AXP,2020-10-23,2020-10-26,-3.84,-0.06033712362842647,-0.016680546323955325,-0.008842457977888851,0.14504403482825223,0.17363819191485064
AXP,2020-07-24,2020-07-27,572.54,-0.009908333087128907,-0.007959684310025472,-0.04072172750190062,-0.023993162807184554,0.01460272363556947
AXP,2020-04-24,2020-04-27,-75.48,0.002972123369376245,0.041395929706357415,0.027641859010035463,0.06695503490947319,-0.0035847019727044405
AXP,2020-01-24,2020-01-27,0.91,0.019223058493035405,0.0033756243315330448,0.0008391605873687702,-0.041016628856335724,-0.23250202540847342
AXP,2019-10-18,2019-10-21,2.74,-0.0027917770918205465,-0.00042952937382201295,-0.014981612796871713,-0.034977404642181575,-0.008128244244743676
AXP,2019-07-19,2019-07-22,1.93,-0.015579929855445207,0.01031043412838395,-0.002505188110888179,0.0059992733031837275,-0.07109907912757385
AXP,2019-04-18,2019-04-22,1.97,0.0022673387900173925,0.005607854200672335,0.027035259136207745,0.08862933217513302,0.10412389345126494
AXP,2019-01-17,2019-01-18,29.14,-0.010234666502854317,0.007041519532766993,0.009137709603667998,0.01716678200468924,0.02365665850099985
AXP,2018-10-18,2018-10-19,6.5,0.03788140924716088,-0.01631106704619656,-0.011814981230203636,0.03470062999459744,-0.021469271872860185
AXP,2018-07-18,2018-07-19,1.32,-0.008012582975461924,0.0009428939176849838,0.011331649298320423,0.010257838088521876,0.04196561166189661
AXP,2018-04-18,2018-04-19,8.74,0.09547806472523512,-0.006954291001002533,-0.011309113866616927,-0.02283661855414565,-0.05640726234133753
AXP,2018-01-18,2018-01-19,2.54,-0.029955673348980083,-0.005172402876157944,-0.005681602379999262,0.013384635846212078,-0.0063558353784779476
AXP,2017-10-18,2017-10-19,10.65,0.0010378978353233759,-0.003093325531854374,0.041905036294980325,0.006999304887548741,0.0015669045944672888
AXP,2017-07-19,2017-07-20,2.23,-0.007849569804279977,0.0037022087792706326,-0.01797926795406768,0.024898067599648965,0.0553020123890553
AXP,2017-04-19,2017-04-20,5.94,0.0495265069460924,-0.002186671280587471,-0.009978285257883579,-0.0515650086958237,0.0206163461041613
AXP,2017-01-19,2017-01-20,-7.88,-0.016603369647608557,-0.0004159807832664342,-0.0013045761882315432,0.009237055582383302,-0.0372294440950276
AXP,2016-10-19,2016-10-20,29.78,0.11072199220805734,0.008217986287620382,0.005566093699122865,0.05098079755624063,0.09890367417402923
AXP,2016-07-20,2016-07-21,11.08,-0.011748138535024322,0.008915709118757498,0.019129483063038855,0.022708162382867547,-0.037351136170536425
AXP,2016-04-20,2016-04-21,11.83,0.03652160600453691,0.004877355281398765,0.01077908733488242,-0.020917281484774453,-0.060770766162471346
AXP,2016-01-21,2016-01-22,9.66,-0.15268005848906685,0.014390352078916702,-0.04512861670008639,-0.01200701480260391,0.05274441423079135
AXP,2015-10-21,2015-10-22,-5.51,-0.06841465914037304,0.0178653306827794,0.0063316274424729535,-0.012718590375482952,-0.036661363486696574
AXP,2015-07-22,2015-07-23,7.54,-0.01715865749910417,-0.004041630325367751,-0.014601824133003927,0.05227042381681524,0.03424059032586846
AXP,2015-04-16,2015-04-17,8.59,-0.01868503945880129,-0.010300792673040848,-0.009127150268752438,0.01591512970653519,0.007104995523970148
AXP,2015-01-21,2015-01-22,0.6,-0.05311376648171007,0.002637908982206727,-0.008148428250573825,-0.07874958780457209,-0.10430780558404074
AXP,2014-10-15,2014-10-16,2.86,-0.02259655686462181,0.01735212245037876,0.020432714786225326,0.03876587716200519,0.02444683000003245
AXP,2014-07-29,2014-07-30,3.82,-0.006196700175686187,-0.012261027402554081,-0.024682429776658132,-0.034970069082231214,-0.04971233543185749
AXP,2014-04-16,2014-04-17,2.42,-0.009796484561211072,0.0017318845169751462,0.009930521551845595,0.005938723217669306,0.03524458976016387
AXP,2014-01-16,2014-01-17,-0.49,0.03634511209375613,-0.007117430063836139,-0.02705336411676451,-0.02470271381164213,-0.059278039569576335
AXP,2013-10-16,2013-10-17,2.24,0.04543707703852573,-0.003140641013513523,-0.0027916230899107664,-0.01423658084922308,0.02259518536462579
AXP,2013-07-17,2013-07-18,3.79,-0.0624856327917922,-0.0011011595507723904,0.023425014158611868,0.026499909401584865,0.008731191984074238
AXP,2013-04-17,2013-04-18,2.12,0.02774142588484818,0.025131846929306922,0.01909309890972799,0.03788664043287415,0.10394244446799172
AXP,2013-01-17,2013-01-18,0.47,-0.022561747238422414,-0.011750036629206706,-0.02360734884422111,0.008650868437897863,0.025588485078709144
AXP,2012-10-17,2012-10-18,0.44,-0.01932127231470604,0.0036457715316782213,-0.007561867374967113,0.0045658491699390735,0.03586311845144641
AXP,2012-07-18,2012-07-19,4.86,-0.051799308850714376,0.0016786646822387619,0.03853579974578969,-0.010656081499905934,-0.009867313805909994
AXP,2012-04-18,2012-04-19,6.52,-0.000705979352020325,-0.0037546684781832873,0.017370176177632146,0.01646047670257722,0.03358026226599331
AXP,2012-01-19,2012-01-20,2.35,-0.01930817162724785,-0.009414113074971864,-0.002812221293859829,0.022554069087748152,0.10803732317075587
AXP,2011-10-19,2011-10-20,8.27,-0.002992029017968356,0.03015770289496955,0.06979312532173854,0.007342850112593835,0.016998475917511024
AXP,2011-07-20,2011-07-21,13.65,0.001601857128647577,-0.007135642891574534,-0.006858182351664466,-0.009293637921316877,-0.03567605309288169
AXP,2011-04-20,2011-04-21,14.29,-0.008732765696688016,-0.00022697689942841048,0.022008709106783098,0.0878762469195633,0.10668438974490224
AXP,2011-01-24,2011-01-25,-1.12,-0.032319091126124966,-0.01145996605366395,-0.0389402202696052,-0.04467929848698726,0.018379822687944358
AXP,2010-10-21,2010-10-22,3.42,-0.021690801140602844,0.003960101834114438,0.06107694026633492,0.07891902809203999,0.07452499566404147
AXP,2010-07-22,2010-07-23,8.13,0.057263187016377115,0.0038725845467129094,-0.0020812794706935867,-0.0638911912554373,-0.18983376347575165
AXP,2010-04-22,2010-04-23,14.19,0.03526126699000698,-0.015162744219425317,-0.015538285694206788,-0.0670195355715032,-0.015518775526380368
AXP,2010-01-21,2010-01-22,2.78,-0.06104820588334414,-0.02585824651947033,-0.0074336922307703945,-0.009044969651150314,0.09100285944278896
AXP,2009-10-22,2009-10-23,16.12,-0.013429337919260265,0.01950093532259678,0.049339714833839254,0.17114137917185634,0.18545625609134953
AXP,2009-07-23,2009-07-24,0.26,-0.000190732028901186,-0.041249733271340405,-0.047635565396295765,0.06311038336685448,0.09260791148325387
AXP,2009-04-23,2009-04-24,96.32,0.277033544019732,-0.03283012535137586,-0.05411482795656908,-0.10233177736148213,0.060994280146804636
AXP,2009-01-26,2009-01-27,39.98,0.025414694126929982,0.036309161078075025,-0.02602583268976766,-0.12580868960973324,0.25685232819698856
AXP,2008-10-20,2008-10-21,24.79,0.10273096117829184,0.0025413967276369798,-0.012954957261400502,-0.17403909820832886,-0.24442257338111528
AXP,2008-07-21,2008-07-22,-32.37,-0.11145576286417713,0.03012267718496564,-0.0029586191155714925,-0.029323608931255518,-0.06441934365581337
AXP,2008-04-24,2008-04-25,4.48,0.06273478067234106,0.002297249328223394,0.04137309166700209,-0.03452596903243843,-0.11901845215916396
AXP,2008-01-28,2008-01-29,1.0,0.030364121666691224,-0.0022658012848884024,-0.03083604330762868,-0.0531887035984524,-0.07390680468598043
AXP,2007-10-22,2007-10-23,5.88,0.013175842368015722,0.006618751932975231,0.019392584543000746,0.018617949484045715,-0.12878949464131273
AXP,2007-07-23,2007-07-24,-3.09,-0.037442355819671036,0.007105615130056808,-0.00611484394945927,0.008915549981209692,-0.03971732555960805
AXP,2007-04-19,2007-04-20,9.43,0.03463826544365567,0.0062269010060460595,0.012566577255203715,0.02161106064155427,0.01816025989436021
AXP,2007-01-22,2007-01-23,-2.34,-0.00932855023559409,0.0161041735644345,0.008238987675686538,-0.005063179507246662,-0.007848355489635361
AXP,2006-10-23,2006-10-24,3.17,-0.03068848216005793,-0.0005866869816233411,0.020229948654733265,0.027778555616121636,-0.024123695967282366
AXP,2006-07-24,2006-07-25,5.12,-0.01751787396802662,0.016556922427619192,0.020558993802850756,0.016940143503826333,0.05937659864643985
AXP,2006-04-24,2006-04-25,1.13,-0.012042809526330078,0.011267307039860786,0.01602901048115668,0.05762135778371791,0.050445677366226516
AXP,2006-01-23,2006-01-24,1.69,0.023022318170138556,0.0006449402521246927,-0.014511771261391693,0.01674978749413003,-0.045263220397052994
AXP,2005-10-24,2005-10-25,3.82,0.041047078251412294,0.011371139600555136,-0.017895605037589912,-0.014132670988132201,-0.0246008655490757
AXP,2005-07-25,2005-07-26,3.98,-0.00369559209153536,0.008695357740533538,0.012119903838990531,0.04060633423220139,0.05791503825204325
AXP,2005-04-26,2005-04-27,0.13,0.028015901274740518,0.00486021537881276,0.011259090147219375,-0.0223399608580781,-0.022793083034019945
AXP,2005-01-24,2005-01-25,0.85,0.02822131911370729,-0.009356758411487975,0.04457056371236989,-0.011696520544240752,-0.05111341754736065
V,2026-01-29,2026-01-30,0.88,-0.010789304951807632,0.03234650398878003,0.03224641459137212,0.006030413137507851,-0.06825900643849381
V,2025-10-28,2025-10-29,0.28,-0.021940455220845312,0.021986096201408234,0.0106379451939983,-0.008793174978482421,-0.059826535988968144
V,2025-07-29,2025-07-30,4.68,-0.008934468188811273,-0.011751305640912424,-0.029183543306253612,-0.019020620024941648,-0.07409692745533658
V,2025-04-29,2025-04-30,3.0,0.016974898093634172,-0.015915011379813437,0.0006704912159836152,-0.013378372484412537,-0.12142198353028144
V,2025-01-30,2025-01-31,3.34,0.01760878861882942,0.018490906245572702,0.019942588757930202,0.09034588581091019,0.0770185591319269
V,2024-10-29,2024-10-30,5.24,0.022418856799861886,0.018534795019561234,0.04039879245456479,0.054188165707564906,0.11869117775204696
V,2024-07-23,2024-07-24,0.11,-0.02638171960109914,0.003518809589111216,0.027544995732042166,0.0214896226736343,0.06551892410695959
V,2024-04-23,2024-04-24,3.16,-0.0015086428932282736,0.004308022990541671,-0.017986056215178237,-0.04442655742701351,-0.12574460728830816
V,2024-01-25,2024-01-26,3.05,-0.017818948216201447,0.013428701847376878,0.020246792018780102,0.024356318050088532,-0.015710282028662093
V,2023-10-24,2023-10-25,3.83,0.029898567425585387,-0.011542476677816826,-0.0049337889400011825,-0.016230638759662686,-0.018189985542112153
V,2023-07-25,2023-07-26,2.03,-0.018004371610908176,-0.004588759774593942,0.013751148987452111,0.051251310987563525,0.04851683265007456
V,2023-04-25,2023-04-26,5.18,0.00023657761443696135,-0.016138683409230747,-0.0185628756531101,-0.04060464606059122,-0.07018887715035027
V,2023-01-26,2023-01-27,8.46,0.015765961711361243,0.0024358544019423833,-0.02210163173247548,-0.026455821805801305,-0.01085656512812061
V,2022-10-25,2022-10-26,3.47,0.05785988226300165,0.010061101246019222,0.007011135098938692,-0.009761029875649196,0.051177541091235845
V,2022-07-26,2022-07-27,13.29,-0.03156285004923842,-0.008361283373031103,-0.04289324940046668,-0.04780871190702185,-0.023790306011428286
V,2022-04-26,2022-04-27,8.37,0.046044844080839864,0.005331987074113309,-0.02634016272812545,0.0015428358006961407,0.05056808321493311
V,2022-01-27,2022-01-28,6.34,0.08771994172150643,-0.026037348180884212,-0.013562809558868016,-0.03852562661460679,-0.06098140057471946
V,2021-10-26,2021-10-27,5.35,-0.07385596070892197,-0.03717681400948192,-0.0593393124891034,-0.09055567609680604,-0.03525258383847707
V,2021-07-27,2021-07-28,10.5,-0.008260919701816305,-0.0001788016983830243,-0.04193116359401283,-0.0797977445771384,-0.10330312011697462
V,2021-04-27,2021-04-28,8.64,0.014004719524604248,0.008234312867906546,-0.014209201498455615,-0.029917434917122177,0.010795437073281233
V,2021-01-28,2021-01-29,11.27,0.0027699370586601324,0.009796721210345805,0.03264360607419681,0.07000356424646093,0.05963552220439672
V,2020-10-28,2020-10-29,1.94,-0.0029443806942340833,-0.0066680948947069885,0.007678187960904248,0.04096555383143041,-0.08325924150738562
V,2020-07-28,2020-07-29,2.31,0.0026028356838454503,-0.019193841411580426,-0.033988336278126696,-0.008632970165868947,-0.06565375162304843
V,2020-04-30,2020-05-01,2.8,0.001322159390997113,0.0005459467491122361,0.020099052226304037,0.028336303055676693,-0.018261569706387926
V,2020-01-30,2020-01-31,-0.36,-0.013780208919405013,0.0018193141041660255,-0.013595085099834314,0.007315848531002644,-0.03139807513796078
V,2019-10-24,2019-10-25,2.79,0.03238058282270928,0.005552715801299568,0.0022648637274558236,-0.020236037248546834,0.057873329001307594
V,2019-07-23,2019-07-24,3.48,0.003401800939974331,-0.004713986682461924,-0.015770340895756907,0.018210894257628785,-0.025419622431169353
V,2019-04-24,2019-04-25,5.74,-0.0011250347127421678,0.007205462232324766,0.00359951986696172,0.038518373555091356,0.09814627754750571
V,2019-01-30,2019-01-31,3.95,-0.024678606233040856,0.03758946132357721,0.037441393286026914,0.07017384437188023,0.12447314994344594
V,2018-10-24,2018-10-25,0.95,0.022964901388047854,-0.002196073285607447,-0.010493689557536934,-0.027454191121137894,0.00017064519202369954
V,2018-07-25,2018-07-26,9.85,0.011496800042166022,-0.005786085836940624,-0.021770668248208058,-0.009955302672364552,0.005103768787353524
V,2018-04-25,2018-04-26,9.36,0.03524692522819106,-0.009358570133719546,0.014642767634151066,0.015148005704613166,0.04679266566824336
V,2018-02-01,2018-02-02,10.13,-0.003844315335201909,0.0034471155770001705,0.012682571496329231,0.021612638474074908,0.09057993324718872
V,2017-10-25,2017-10-26,6.02,0.016485887077176575,-0.008996234198925812,0.003039966969136776,0.0030266488545240833,0.02286642341080425
V,2017-07-20,2017-07-21,6.4,0.014185803757695403,0.007973913110613573,-0.004639531614286874,0.047764727413635355,0.04990327557184071
V,2017-04-20,2017-04-21,8.76,0.010672399761604057,-0.003317769072529675,-0.014108669189555556,0.000534289181625125,0.020147507562341627
V,2017-02-02,2017-02-03,9.98,0.03659720186934701,-0.0011165587716992498,-0.011553335521261143,-0.0013045092122989654,0.03144515089837219
V,2016-10-24,2016-10-25,7.11,-0.004773992142218519,-0.001405524329596619,0.009757030465167849,-0.05347884117943735,-0.05858966498288409
V,2016-07-21,2016-07-22,2.99,0.006239825833407764,-0.009423341986460554,-0.022723669605368868,0.002771090377588159,0.04724896694683811
V,2016-04-21,2016-04-22,2.6,-0.01976042403509959,-0.010539137691336853,-0.011004860408059258,0.0001891017821775698,-0.04309809443694068
V,2016-01-28,2016-01-29,1.43,0.02077286075556839,-0.0011150015209472341,-0.00981695663563742,-0.025448377268609823,-0.027710874173656475
V,2015-11-02,2015-11-03,-1.23,-0.010639930003230047,0.008809594130794074,0.03368042737880306,0.028164056854308117,0.033295884529568665
V,2015-07-23,2015-07-24,6.75,0.055265398006504096,-0.006749585796030688,-0.0047999131011984275,0.002191360925622887,0.04814047903764218
V,2015-04-30,2015-05-01,1.1,-0.02402652834048913,-0.005736098185562977,0.051985184224716985,0.04858827830774404,0.14013688065434238
V,2015-01-29,2015-01-30,1.59,0.03815286189661693,-0.01069731077411129,0.018491782993135253,0.03083011141539882,-0.015200842826475824
V,2014-10-29,2014-10-30,3.8,0.08712318018587295,0.008763108791723484,0.03788462128463976,0.053899734718730885,0.033684089862516364
V,2014-07-24,2014-07-25,3.62,-0.02443744085186994,-0.002965246274078015,0.01261885585003053,0.0006283102482014247,0.0026523228993537984
V,2014-04-24,2014-04-25,-0.24,-0.04117291310956139,0.009349759867868013,0.018096241628390297,0.04627394996791767,0.045321618782367734
V,2014-01-30,2014-01-31,1.8,-0.012463139089308295,0.013406848079868361,0.02105746686945764,-0.008413653481140315,-0.11589523230957433
V,2013-10-30,2013-10-31,-0.31,-0.029275295713866223,0.010271800140271292,0.001994169008295521,0.006978517507430837,0.09186185982978445
V,2013-07-24,2013-07-25,4.53,0.03321688268154199,-0.008310223711790576,-0.08957870860798789,-0.06193733833984172,-0.005444171490592398
V,2013-05-01,2013-05-02,6.06,0.04075854828887904,0.01346171379567096,-0.0014631418238202354,-0.005678303256577921,0.0355551665771634
V,2013-02-06,2013-02-07,8.06,-0.014887067675052545,-0.0008530510076567577,-0.013592672440178477,-0.004534559637539459,0.06495185099381162
V,2012-10-31,2012-11-01,2.78,0.029801872682455155,0.00555485506162301,0.020885910612155834,0.0476962419581084,0.02171535281002246
V,2012-07-25,2012-07-26,7.47,0.01686588839120251,0.00026302846019965465,0.016269440703052362,-0.02827361821115737,0.04735592293446578
V,2012-05-02,2012-05-03,6.3,-0.04368251607297191,0.028012424331042896,0.03831461889942389,0.045727411937835916,0.1250161165295438
V,2012-02-08,2012-02-09,2.7,0.04662188315573257,0.020552566647794812,0.009113958303466063,0.027918669661461948,0.03889439973941822
V,2011-10-26,2011-10-27,1.49,-0.004323835181489155,0.0076480111137101625,0.005578395754362364,0.040728166609959815,0.03062132056584943
V,2011-07-27,2011-07-28,2.71,-0.002234673411936283,-0.00904207015061298,0.05428185000871388,0.07641492516294868,0.11984899831450335
V,2011-05-05,2011-05-06,3.04,0.00015884093269846744,0.0017920746142299215,0.0074884330836655355,0.025049381996605224,0.11448896562249078
V,2011-02-02,2011-02-03,1.99,0.012847824305402877,0.014901022956352206,0.03374557157504432,0.03189937278491817,0.06095014825374201
V,2010-10-27,2010-10-28,1.24,-0.042037853058469854,0.021607269322643674,0.013702782094315857,-0.01408723970917114,-0.15852585148184706
V,2010-07-28,2010-07-29,4.5,-0.049139474698504215,0.01921450439352146,-0.029879743516889823,0.018736157282484123,0.024562950455456534
V,2010-04-28,2010-04-29,4.95,-0.021486612775184266,-0.010941273062486934,-0.041127493999207676,-0.1213490350659564,-0.1065727200133777
V,2010-02-03,2010-02-04,8.4,0.024267669082342236,-0.007966637618932793,0.010830237065858395,-0.006028379595557576,-0.05882916818831507
V,2009-10-27,2009-10-28,3.57,0.0754590709250369,-0.012181659431883096,0.01783994577535153,0.003071361938273842,0.00888861009780717
V,2009-07-29,2009-07-30,3.76,0.005758022289726439,-0.027457593513246947,0.009060265537006229,-0.009150886844052852,0.003916054423806159
V,2009-04-29,2009-04-30,13.77,0.048385349390901,-0.004606955923153411,-0.03057525254797966,-0.014438148830230979,-0.07996709083571285
V,2009-02-04,2009-02-05,18.43,0.100647899930016,0.0025783368176319765,0.06230823167323507,0.12081951497282084,0.189247598421866
V,2008-10-29,2008-10-30,3.49,0.058561542291187596,0.014772718366240278,0.006351378509958261,0.0352291570572274,-0.04272614425507648
V,2008-07-30,2008-07-31,18.59,-0.04266026471979645,-0.01292148117886116,-0.05014578768084765,0.010454304906777123,-0.03257606899271481
V,2008-04-28,2008-04-29,17.24,0.08068948380934904,0.03767141053544276,0.06086554388716747,0.011276406760868829,-0.04047519338389771
MA,2026-01-29,2026-01-30,12.26,0.03837292622879185,0.02580129215263005,0.020418201618561005,-0.024940134380861068,-0.08753996618218918
MA,2025-10-30,2025-10-31,1.52,0.0030836666957817505,-0.016224783769756113,0.01622344213285465,-0.011904934349759588,-0.03405569352618942
MA,2025-07-31,2025-08-01,3.12,0.02147540200259901,0.0025177347638580816,0.0009063127723671904,0.025701541488171165,-0.08160238251988639
MA,2025-05-01,2025-05-02,4.8,-0.0013635851665265708,0.00882699063718373,0.02080583475811315,-0.00676197102548759,-0.12190840971242545
MA,2025-01-30,2025-01-31,3.54,0.012064289829064156,0.02206898641999988,0.014923631110333013,0.06508229353439254,0.049341089997908316
MA,2024-10-31,2024-11-01,3.85,0.0045444093929356555,-0.002766354838666274,-0.014715334190357643,-0.011251559640919062,0.037356546653380285
MA,2024-07-31,2024-08-01,2.3,0.03157009420451651,0.01777511688971667,0.007991634040531603,0.01152022939859676,0.029044194597895423
MA,2024-05-01,2024-05-02,2.23,-0.02846049372371251,-0.006772955506508138,0.0026443952060402065,-0.03070047446547397,-0.06076730926704976
MA,2024-01-31,2024-02-01,3.17,0.038776202373766555,-0.011265171412533914,-0.02441387906997905,-0.014260273763274656,-0.05279482203576291
MA,2023-10-26,2023-10-27,5.45,-0.04109127808895041,0.010951221509760467,0.0018799112961245257,0.016644605166449056,0.008462858609557644
MA,2023-07-27,2023-07-28,2.0,-0.02657877251280505,0.001454879930694597,0.018028976796000906,0.06236584277122048,0.05432349142678761
MA,2023-04-27,2023-04-28,3.22,0.007568740275708308,0.0005622627492767318,0.020117065561786496,-0.0247271340821974,-0.03880712721567092
MA,2023-01-26,2023-01-27,2.64,-0.03517599219942846,0.0047665271545386245,-0.016762407879324925,-0.029998305946101644,-0.01796518176321371
MA,2022-10-27,2022-10-28,4.09,0.012848765109077842,0.003308115551023616,-0.0011211481818310665,0.028180545374010713,0.10163621882021046
MA,2022-07-28,2022-07-29,8.65,0.0033426334311277284,-0.006225076872603874,0.00692214947544767,-0.04548951064791584,-0.05820459954437751
MA,2022-04-28,2022-04-29,27.76,0.017635439972661704,-0.01796293645239333,-0.04314472000279679,-0.023323292775918936,-0.03149652314700757
MA,2022-01-27,2022-01-28,6.23,0.09004321410745719,-0.007893436198241233,-0.0160836441079939,-0.04466678825450843,-0.043574966583228014
MA,2021-10-28,2021-10-29,8.43,-0.012293498028028482,-0.0061013662043089,0.01934394758134861,-0.04893464469574327,0.08160528489951957
MA,2021-07-29,2021-07-30,11.63,0.00724904621009459,-0.025574542358742458,-0.03864026453906,-0.10504892093054774,-0.10598979666470976
MA,2021-04-29,2021-04-30,11.32,-0.034109023928911464,-0.009119040693145175,-0.02898178263080886,-0.06278740476443656,-0.03277448745935252
MA,2021-01-28,2021-01-29,8.2,0.014127397198169911,1.632910484339334e-05,0.023344108098188432,0.09464504761408166,0.09965166090397104
MA,2020-10-28,2020-10-29,-3.42,-0.05109984591391159,-0.005060483908607916,0.01824635537499164,0.054428420240761,-0.06202072669216907
MA,2020-07-30,2020-07-31,15.72,-0.006795407480726268,0.0062069929183701245,0.038516874049910665,0.1129730356329981,-0.011487764476472373
MA,2020-04-29,2020-04-30,5.37,0.02256735637512519,0.0038160073197789357,0.022367680805636003,0.0466198611034081,0.007142983659728319
MA,2020-01-29,2020-01-30,4.7,0.010666409208728078,-0.008101356297018136,-0.004308926697013771,-0.009550426190074734,-0.06278338007753415
MA,2019-10-29,2019-10-30,6.79,0.0016513909198072607,0.0014364845831514872,-0.03603578486128056,0.015213182594050245,0.07703958921697307
MA,2019-07-30,2019-07-31,3.43,-0.019214635848675443,0.015649747963221716,0.020934535030866397,0.05063973633806118,-0.026278448008078548
MA,2019-04-30,2019-05-01,7.19,0.013564973125810509,-0.004112535808026951,0.0009184665976371686,0.06566488040705143,0.09533855673419978
MA,2019-01-31,2019-02-01,1.89,0.03852119376394336,-0.0017030913016256033,0.011626732391087913,0.023982450823813783,0.09746012421775596
MA,2018-10-30,2018-10-31,6.02,0.00904677571955026,-0.00032119770042182694,0.01511788923104751,-0.01748755277629299,0.0394050628387238
MA,2018-07-26,2018-07-27,8.15,-0.04327158129943853,-0.019758849931777234,-0.016319967827518767,0.010191975334165937,0.027207975321470235
MA,2018-05-02,2018-05-03,20.59,0.04346951060019577,-0.003883525891889894,-0.0005611733419124132,0.005863484085955939,-0.00836059559112523
MA,2018-02-01,2018-02-02,1.83,0.03205210970759964,0.006876521026948468,0.01927542901386836,0.05862503062549007,0.09253730566458185
MA,2017-10-31,2017-11-01,9.18,-0.0032847660551478253,-0.004687056848159066,0.0009618201797692016,-0.018593464152219186,0.02482774775781782
MA,2017-07-27,2017-07-28,5.51,-0.021411817624736984,-0.0002931681459995561,0.01290728404337238,0.047356674727886405,0.0973441376024824
MA,2017-05-02,2017-05-03,6.63,0.009087060164566618,0.003854486747870034,-0.01162382266633033,0.03127126341465214,0.051764609906008285
MA,2017-01-31,2017-02-01,0.55,-0.039648915478899815,0.0006745213275982653,0.00926407111148686,0.01349694277716429,0.059484034281983345
MA,2016-10-28,2016-10-31,10.22,0.03592010948375357,-0.012003460536564536,-0.012727924006154967,-0.06923282428549482,-0.055125203890724395
MA,2016-07-28,2016-07-29,6.54,0.013122818066828357,-0.0009566864069107117,0.012337014274200087,0.012131248465545585,0.09078160165896476
MA,2016-04-28,2016-04-29,1.15,0.00029642099267934707,9.37983339774906e-05,-0.0002398870525506247,-0.016991098896686818,-0.09059072669570423
MA,2016-01-29,2016-02-01,15.43,0.038320239258413435,-0.01244180092035374,-0.04753811123296381,-0.006445670408861348,0.025598004576234734
MA,2015-10-29,2015-10-30,4.09,-0.006108884093179223,-0.00789100775333762,0.0152084934352259,-0.014464122584634143,-0.07039962574249581
MA,2015-07-29,2015-07-30,-0.14,0.027035278285117537,-0.00874507691993498,-0.000985920165631926,0.010481206336517501,0.026336463907422836
MA,2015-04-29,2015-04-30,11.41,0.0138721026504669,0.0006874679781199156,0.01843036105702356,0.009868650540150403,0.05129664505791509
MA,2015-01-30,2015-02-02,2.5,0.02000762379106058,-0.004459211735826418,0.005980549381287892,0.05072530737920289,0.0421132972952889
MA,2014-10-30,2014-10-31,11.56,0.08419942863433816,0.0039920895260212585,0.004206722919365413,0.023967455565562013,-0.03358835895272849
MA,2014-07-31,2014-08-01,4.35,0.010492182531712246,0.002114864153090812,-0.0013106386417143234,-0.031579696016361014,-0.03391808584728484
MA,2014-05-01,2014-05-02,1.55,0.004454576540395383,0.012181514005852323,0.008663275997582986,0.018584228652932522,-0.022215417847395003
MA,2014-01-31,2014-02-03,-4.71,-0.04511334169700887,-0.017692871314630376,-0.0005167976663726925,-0.014891210654162768,-0.08930837715250806
MA,2013-10-31,2013-11-01,4.78,0.016714108880194534,-0.015830312434690463,-0.01020996892986592,0.0007586318696479744,0.06030129413168672
MA,2013-07-31,2013-08-01,10.23,0.0624789476639207,-0.0029523811689433632,0.004203925437771039,-0.014277992083267299,0.08471994820341644
MA,2013-05-01,2013-05-02,0.77,-0.013821605751453192,0.00455976500591837,-0.007953003361939714,0.022151993654796254,0.034585400836911306
MA,2013-01-31,2013-02-01,1.15,-0.0025441394883993773,0.0025842861302129982,0.007401868347696405,-0.005902402605726609,0.006669147569841272
MA,2012-10-31,2012-11-01,4.18,0.024210792537837422,0.010513561998915955,0.01883549184382627,0.047412017298781306,0.043445758677190804
MA,2012-08-01,2012-08-02,1.3,-0.022327948549895504,-0.018179603983004222,-0.023126442400710934,-0.03403315468441326,0.03047144661571699
MA,2012-05-02,2012-05-03,1.42,-0.01895838757017454,0.009964031132849382,-0.02076676268490818,-0.034841145464170054,-0.0032829308899541276
MA,2012-02-02,2012-02-03,2.8,0.0758116685337955,0.0032047347552287553,0.016248712113833053,0.053516230368967355,0.11814925406558885
MA,2011-11-02,2011-11-03,16.95,0.06175337947883186,-0.011632221674763077,-0.0023890246175929386,0.04317107100801565,-0.07997957536880695
MA,2011-08-03,2011-08-04,12.62,0.12245049373361128,0.01370975759789439,0.03921208630884876,0.01746989489318973,0.024785470677917365
MA,2011-05-03,2011-05-04,5.24,0.035995437279352394,-0.01889193458779659,-0.012193193374366973,0.02426642254276057,0.11041564317935704
MA,2011-02-03,2011-02-04,4.24,0.027734424195992924,0.004829542823513,0.010334509575142814,-0.002013513185054494,0.10336318833653868
MA,2010-11-02,2010-11-03,11.92,0.04174614524752651,-0.007106894298586575,-0.011014280334037174,-0.03224233724877379,-0.13864501745706448
MA,2010-08-03,2010-08-04,4.24,0.011864131027783165,-0.016813181996697235,0.05372320918145801,0.019367281018507265,0.11379040091574799
MA,2010-05-04,2010-05-05,10.05,-0.021717635857201212,0.0011050804715354579,-0.0277511448474288,-0.09874434322740833,-0.06501380573063265
MA,2010-02-04,2010-02-05,-9.32,-0.07954725534782492,0.0328605780334581,0.008534275235164035,0.0413182851594005,0.03252088147624099
MA,2009-11-03,2009-11-04,18.73,0.004713385726276886,0.005029859569203543,0.007579886414486481,-0.0023458812283640995,0.06554335515301934
MA,2009-07-30,2009-07-31,10.27,0.017184420421596514,0.017674236347640315,0.02894878273204382,0.002917329386920464,0.05143310505452181
MA,2009-05-01,2009-05-04,6.94,-0.06389170556012469,0.028106077254074324,0.007156853420904996,-0.10290367729791072,-0.026169870656170824
MA,2009-02-05,2009-02-06,15.83,0.11567021954391987,-0.004333736062533622,0.044824816814914015,0.09350066486835518,0.08097315030250352
MA,2008-11-03,2008-11-04,11.06,0.1146992109815328,-0.04238261981051905,-0.0628553581160941,-0.05936674379789453,-0.02372985826209062
MA,2008-07-31,2008-08-01,4.56,-0.10515348747702158,-0.017488651677722067,-0.04710615473343571,0.0014067464685716402,-0.13625662659142823
MA,2008-04-29,2008-04-30,29.53,0.1568633876146126,0.03604389810445574,0.0370824201640223,0.09828647168608207,0.035909390156598775
MA,2008-01-31,2008-02-01,21.73,0.1051725932875307,0.015301772068063713,0.0011010671292250862,-0.08112750979815886,0.27133291217648203
MA,2007-10-31,2007-11-01,26.39,0.21898991230326548,0.0018301470055832603,0.03596749232726015,0.0746424243486471,0.1002158041127188
MA,2007-08-01,2007-08-02,7.12,-0.12596089210360284,-0.053906833480528715,0.005576841957985468,-0.0613441133287258,0.05637605920082622
MA,2007-05-02,2007-05-03,35.86,0.16257865526405846,-0.0049772207242835265,0.034790608483865504,0.0959447850119528,0.2374543987713288
MA,2007-02-09,2007-02-12,110.74,-0.09951036770727073,0.017132661589648324,0.038175396052734234,0.053687107142249224,0.3110307402436816
MA,2006-11-01,2006-11-02,32.09,0.1895161937267722,0.023557780846036547,-0.0033862842352510025,0.1297589916972588,0.2155770119261078
MA,2006-08-02,2006-08-03,11.04,0.1014553797227229,0.0029136116747310314,0.07959111724970558,0.10093775052304377,0.37635089101815256
BLK,2026-01-15,2026-01-16,7.94,0.06343753223121773,-0.025311611741778317,-0.03733716100830886,-0.06506722798810116,-0.10821443282407206
BLK,2025-10-14,2025-10-15,2.28,0.03788268290146979,-0.01915866892020124,-0.06458121175518883,-0.11773129675886129,-0.13800365444668283
BLK,2025-07-15,2025-07-16,11.47,-0.025345452508560018,0.01526190471141442,0.019228315108468452,0.03876524413408289,0.005630380761046494
BLK,2025-04-11,2025-04-14,11.59,0.008578351558265807,0.0011041876696915587,0.018949642266581468,-0.010723666407011612,0.08426637701694939
BLK,2025-01-15,2025-01-16,6.36,0.01756264159023968,-0.0007601984851497434,-0.0027646829264718065,-0.052418812118119607,-0.015316613044894845
BLK,2024-10-11,2024-10-14,11.11,0.0235936370330756,0.023177232371305645,0.010064601780666815,0.03792621027436627,-0.02839824902815058
BLK,2024-07-15,2024-07-16,3.99,0.010591635616482797,0.010644056808710833,0.02050395474585187,0.05301885074074497,0.11451607367542427
BLK,2024-04-12,2024-04-15,4.47,-0.003067151230720877,-0.015633899905615367,0.005602059477587185,0.003203310069502363,-0.018469926029404338
BLK,2024-01-12,2024-01-16,8.79,0.0014292241436455466,0.0005673259529411778,-0.019417469284741307,-0.0571404490870937,-0.09476169640599752
BLK,2023-10-13,2023-10-16,30.76,-0.006619877734297619,0.0010687370646456085,0.0031238383140702597,0.03139838167610298,0.15876912609517224
BLK,2023-07-14,2023-07-17,9.6,-0.01897340457076302,0.007764432086518447,0.03199114478635634,-0.04194766048573628,-0.07888935522170737
BLK,2023-04-14,2023-04-17,2.63,0.040056800265700465,-0.006852315457279046,-0.03144474305028855,-0.07451864985264534,-0.022955723131297567
BLK,2023-01-13,2023-01-17,10.31,-0.007650845287919261,0.012626843532400178,-0.0029883095769309698,-0.0648336092483549,-0.14232793270722222
BLK,2022-10-13,2022-10-14,35.17,0.03437444646669752,0.007518138179274381,0.03747015854228297,0.29189903434508535,0.27046226772569093
BLK,2022-07-15,2022-07-18,-8.27,0.0044294113140828095,0.024543066976560945,0.02897361246495156,0.14209028587306527,-0.04492853852172707
BLK,2009-10-20,2009-10-21,8.64,0.028877711627477654,-0.010206120786092732,-0.016841226361248074,-0.019577608856986783,-0.03879482885113239
BLK,2009-07-21,2009-07-22,12.02,-0.0006806697278056717,0.044705868098092294,-0.0018708652685566207,0.013842808749603641,0.0701983411370668
BLK,2009-04-21,2009-04-22,0.6,0.08856475098051542,0.07492272976776504,0.07533474052463718,-0.06342047374486404,0.20679942557757225
BLK,2009-01-21,2009-01-22,-31.56,0.009969442257174777,0.038345382088221136,-0.011870160065216906,0.02525797244183292,0.14610973622315582
BLK,2008-10-21,2008-10-22,-8.83,-0.08035189063754056,-0.06989737585074285,0.0685172656017925,-0.07426804038124424,-0.027794882565732593
BLK,2008-07-17,2008-07-18,13.61,0.20192247263241847,-0.02257444756483451,0.005345210606168216,-0.039222604552284546,0.01883738467582574
BLK,2008-04-16,2008-04-17,-5.53,-0.04414215332138549,0.0011992767589801279,-0.006791263385524049,0.044667355857497704,-0.07199788098425564
BLK,2008-01-17,2008-01-18,17.21,0.02511751753301672,0.01759045885478072,0.019591642790239394,-0.09141117656841236,-0.018034639727531276
BLK,2007-10-17,2007-10-18,19.9,0.04054397755005357,0.0009407763853652718,0.030831027521220467,0.07887049040344996,0.15618851347712603
BLK,2007-07-18,2007-07-19,7.98,0.06348237508383825,-0.009313878483725335,-0.008907212062801761,-0.04002396908206829,0.04376980421906618
SCHW,2026-01-21,2026-01-22,-0.27,0.013475439665815436,-0.01833491440587587,-0.01291836109929978,-0.09390127370068957,-0.1331943298940763
SCHW,2025-10-16,2025-10-17,5.21,-0.0008416829667857728,-0.00179630635879513,-0.016381782652872934,-0.005846209489746457,0.04355815526934648
SCHW,2025-07-18,2025-07-21,3.81,0.03267234692579657,-0.009078166447886393,0.0042531410697779215,-0.021121332263579706,-0.08311243867829454
SCHW,2025-04-17,2025-04-21,3.17,0.012502462929753322,-0.004270113412758514,-0.0021631854860615363,0.036783191157161,0.020383099619314615
SCHW,2025-01-21,2025-01-22,10.46,0.04000942429074961,0.012904266804965925,0.02574886907495899,0.012135203201633304,0.07728248266730153
SCHW,2024-10-15,2024-10-16,2.61,0.06627038298616095,-0.0024442358432805733,0.0022683637481077934,0.06375009172447865,0.0038717675121711093
SCHW,2024-07-16,2024-07-17,1.14,-0.14195230927572344,-0.016296031571811587,0.03259646174716446,0.052230227674165075,0.011218407267529207
SCHW,2024-04-15,2024-04-16,0.73,0.05773928165427045,-0.0018825581370378597,0.025350327964434483,0.018942179940927506,-0.08071597561407828
SCHW,2024-01-17,2024-01-18,6.37,-0.028008766181799594,0.004434189053449611,-0.00843436452267654,-0.018962564091625556,0.07827999534023733
SCHW,2023-10-16,2023-10-17,3.86,0.03550176015908413,-0.021131983473969607,-0.043478014346655214,-0.003993659039398523,0.12281066501264548
SCHW,2023-07-18,2023-07-19,5.69,0.11652279230886697,0.03540530972223699,0.008101578412109678,-0.04694438001868684,-0.17306062917156584
SCHW,2023-04-17,2023-04-18,3.34,0.05937745998073951,0.02887252549484698,-0.03537224553129703,-0.057944525549673886,0.0007350925823950138
SCHW,2023-01-18,2023-01-19,-1.68,-0.06292562550140601,-0.009326154078125759,-0.018784470158401234,0.005412657094587603,-0.3755819420901525
SCHW,2022-10-17,2022-10-18,4.34,-0.04311249522437788,0.0085442636128793,0.018957372573217945,0.0706739189869785,0.134117034205544
SCHW,2022-07-18,2022-07-19,6.9,-0.0021352420204228117,-0.0122274273193409,-0.028602224173975066,0.12963739923772732,0.22838974092186448
SCHW,2022-04-18,2022-04-19,-8.35,-0.08725527587970738,-0.005110499714690908,-0.04368478481135718,-0.06702424173876187,-0.05804756696214719
SCHW,2022-01-18,2022-01-19,-2.56,-0.014171511762807953,0.010193885311330586,0.02427279842872654,-0.010352158785025711,-0.06591827416926321
SCHW,2021-10-15,2021-10-18,3.4,0.020639166960739974,0.00457575241930086,0.010355697883851045,-0.025981048666106288,0.12279715284535087
SCHW,2021-07-16,2021-07-19,-2.3,-0.03235949881568556,0.004566227041411297,-0.017370964065744676,0.04956262247684884,0.1379902775924009
SCHW,2021-04-15,2021-04-16,2.0,-0.05415625891132758,0.022522065078337872,0.03831735868077912,0.13603294029285706,0.06491185833183954
SCHW,2021-01-19,2021-01-20,5.41,-0.024182471483152668,0.0006239098463525217,-0.06607513807639198,0.04227994471812946,0.017685081805199454
SCHW,2020-10-15,2020-10-16,7.75,0.060298637695238355,0.005022498156297961,0.03132662654971785,0.14423081190399323,0.4223116718511932
SCHW,2020-07-16,2020-07-17,1.11,-0.06185031186011669,0.0038800881704950108,0.04746745169909472,0.006694279609911424,0.05666441134221056
SCHW,2020-04-15,2020-04-16,-0.96,-0.027936456557053346,0.007377574833938194,0.030129584737535242,-0.05066125598959137,-0.13272378459136558
SCHW,2020-01-16,2020-01-17,-2.64,0.014434391393421064,0.004233702843451148,-0.027915875110477995,-0.04405075413829829,-0.12174965595312481
SCHW,2019-10-15,2019-10-16,9.59,0.026186671223565883,0.008070451721329253,0.05526523568428754,0.06561784872816867,0.1310940355861301
SCHW,2019-07-16,2019-07-17,0.93,0.03258917476644141,0.00289093115856609,0.062069579267885144,-0.06159014659389406,-0.10847739899234021
SCHW,2019-04-15,2019-04-16,5.58,0.006835879966083036,0.012083257514947765,-0.020055703125725355,-0.04272845589970298,-0.1588809275297598
SCHW,2019-01-16,2019-01-17,1.42,0.05031400879083847,0.009281720955988337,0.011654413650956652,-0.0630595795623834,-0.14428447083240703
SCHW,2018-10-15,2018-10-16,0.76,-0.032041531909484555,-0.004117356432684627,-0.05229304892364617,0.007894795857770753,-0.012749516778296166
SCHW,2018-07-17,2018-07-18,3.7,0.05573033448550668,-0.02094258207228239,-0.0341037188192137,-0.07357501413070922,-0.08278277214166807
SCHW,2018-04-16,2018-04-17,1.95,0.03134405098570947,-0.027414186713880295,0.04310030781407248,0.09568667081736937,-0.09035215876996538
SCHW,2018-01-17,2018-01-18,6.07,-0.011436464716460648,-0.0018388590518285675,-0.03568783303190337,-0.030510411588997033,-0.00034510809159848943
SCHW,2017-10-16,2017-10-17,3.02,-0.03199766360478773,0.0010957841504615207,0.0372175764211804,0.02067032496960186,0.1854344069063345
SCHW,2017-07-18,2017-07-19,0.2,-0.02364936842377341,-0.0011567141091923805,0.012683812510471126,-0.03189542470990936,0.033734725619618544
SCHW,2017-04-18,2017-04-19,7.03,0.00848802047381525,0.002310450140972309,0.025251777613004567,-0.012403959031940803,0.06952264391128127
SCHW,2017-01-18,2017-01-19,0.65,0.02902556975897641,-0.006810950560663831,0.009234192075144865,-0.03431815118338166,-0.120624813025628
SCHW,2016-10-17,2016-10-18,1.5,0.004738769904887086,0.007578457752884793,-0.017675686310821725,0.13603631722027365,0.2197250576428782
SCHW,2016-07-18,2016-07-19,0.91,0.014979714662346932,0.011848904879048217,0.03998660737791182,0.0911680721210737,0.16382834781659628
SCHW,2016-04-15,2016-04-18,-0.19,-0.002085794232264293,-0.005927344103822674,0.030046815258149673,-0.026046621365692246,-0.1140746493072915
SCHW,2016-01-19,2016-01-20,5.99,-0.05326638244178994,-0.040821793757658265,-0.014150098595467231,-0.07615080687872211,0.0069413874830848155
SCHW,2015-10-15,2015-10-16,2.19,0.012426319896671645,-0.006768061093317401,0.04015931426778652,0.1323112816119183,0.03353313672060476
SCHW,2015-07-16,2015-07-17,5.37,0.024999014509423434,0.005231077982805976,0.02165893096482807,0.002863558644954578,-0.13591711595176814
SCHW,2015-04-15,2015-04-16,-7.53,-0.0019019578804990722,0.002656684458542502,-0.00441063260994401,0.03552512075438452,0.09676844629884651
SCHW,2015-01-16,2015-01-20,-1.82,-0.012275156654283803,-0.006917229648346956,-0.0011224092475186076,0.049906492159481175,0.09764580098790154
SCHW,2014-10-15,2014-10-16,2.52,0.01632093128978429,0.0015223520907898802,-0.006099486082210781,0.03519221700125619,0.01695313174017432
SCHW,2014-07-16,2014-07-17,2.06,-0.003959244149532193,0.015601279369380272,0.010060588261901371,0.021160655842556553,-0.008473380705546152
SCHW,2014-04-15,2014-04-16,9.86,0.0434314734215302,0.006055383725288355,0.000181130405361829,-0.0732127498651286,-0.04011274909141749
SCHW,2014-01-16,2014-01-17,10.86,0.03395225582335404,-0.0018192769037455037,-0.04218489508840906,-0.02511543316677034,-0.029699581666739028
SCHW,2013-10-15,2013-10-16,8.11,0.05790571502144326,0.0014262583587751898,-0.020077104804384405,-0.010552878055290149,0.0008497550916841679
SCHW,2013-07-16,2013-07-17,-3.74,-0.03381702668508668,0.0188654719651955,0.05197575658118758,0.04823258890580262,0.011567647650490676
SCHW,2013-04-15,2013-04-16,-4.88,-0.009765480349300026,-0.014280204823233555,-0.024166224881356557,0.059679987158113734,0.20094282620122383
SCHW,2013-01-16,2013-01-17,-0.35,-0.008939883591601028,0.01088513405767011,0.037256572161060264,0.08443464403880774,0.047841963091994844
SCHW,2012-10-15,2012-10-16,2.86,0.010025893899044291,0.01798742244467011,0.020800746817688953,0.027462154602724276,0.13519832622267813
SCHW,2012-07-17,2012-07-18,3.72,0.011721237235973403,-0.008005359904557086,-0.027483999267534753,-0.017631307270536745,-0.03147288937338799
SCHW,2012-04-16,2012-04-17,-2.74,-0.005494338576085944,0.004809289379622217,0.0027194294698554833,-0.034633027590111,-0.07529390064254315
SCHW,2012-01-18,2012-01-19,-0.45,0.009123150332849939,0.024362503125342716,-0.0714129013561684,-0.007447121482692776,0.06183226345094517
SCHW,2011-10-17,2011-10-18,-7.01,-0.04400300411348523,-0.007859829792619788,-0.0038343532933990954,-0.03617734852829957,-0.05546891814631549
SCHW,2011-07-18,2011-07-19,1.72,0.0060938988571992425,0.0045449404935701265,0.0007355903636532268,-0.07841906790409547,-0.083942936241722
SCHW,2011-04-15,2011-04-18,6.64,-0.002278578514287033,-0.01461354360826328,-0.0008022746131539638,-0.05447343864140586,-0.16242167643276129
SCHW,2011-01-18,2011-01-19,31.42,-0.019495087704620384,0.0013257902676252487,-0.02581782412192901,0.01647621215053463,-0.03203419655827977
SCHW,2010-10-15,2010-10-18,-16.39,0.056894188579900806,0.00042873345822191933,-0.0028838910564137343,-0.0002667843326094044,0.12329671663238728
SCHW,2010-07-16,2010-07-19,11.6,0.06440266760042512,-0.017024707813336315,-0.029252079967783562,-0.06596958901148431,-0.1679223900044483
SCHW,2010-04-15,2010-04-16,-10.41,-0.005054594325105466,0.0015042224914276758,0.027996973776724277,-0.06157246793155924,-0.1511405812547364
SCHW,2010-01-19,2010-01-20,-4.76,-0.0011479432100569564,0.026064657082904286,0.0209281238267931,-0.03422987283727563,-0.05206921682521837
SCHW,2009-10-15,2009-10-16,-2.24,-0.05165509292105053,0.009307159068321136,-0.007388547646597465,-0.0011242413975609544,-0.0058735816111723516
SCHW,2009-07-16,2009-07-17,-0.92,-0.06516077656482411,-0.005939582298256196,-0.0698532402667833,0.0017862857190422687,-0.01753488130520564
SCHW,2009-04-15,2009-04-16,35.3,0.047249333693042184,-0.0032871304651540534,0.042122924234074044,-0.057616762429105406,-0.05512392415395562
SCHW,2009-01-16,2009-01-20,9.02,-0.03454059046614544,0.018122567894120367,0.0048656658436965206,-0.04235462653393696,0.2055296697038964
SCHW,2008-10-15,2008-10-16,11.44,0.05612355132647173,0.012200038074334119,-0.15127321671397587,-0.11195409256914512,-0.17766611770787788
SCHW,2008-07-16,2008-07-17,-0.41,0.14990704820938516,-0.011939344280308628,-0.040245334391882936,-0.048788259081963936,0.17848518826867543
SCHW,2008-04-15,2008-04-16,0.23,0.06717882244963147,0.043359683822739026,0.0773088134131572,0.07936780101552765,0.07477548528678435
SCHW,2008-01-16,2008-01-17,-1.76,0.011598694405404175,0.010267332440279775,-0.030789635006129745,-0.08341764158654241,-0.09238945855123004
SCHW,2007-10-15,2007-10-16,5.58,0.00617056949486261,-0.003946299344657955,0.010908680819407879,0.08075782445294855,0.09043645222303087
SCHW,2007-07-17,2007-07-18,0.2,-0.01744990148632275,-0.020390813549489795,-0.030292838072317196,-0.04334089501374261,0.06384499504733232
SCHW,2007-04-17,2007-04-18,1.28,-0.01516217370463624,0.0013082670537946095,-0.007748587504404769,0.0007311070740030345,0.09886969786614919
SCHW,2007-01-17,2007-01-18,-0.16,-0.046120787539496444,-0.009259642026471337,-0.04180849335357051,-0.002495106647960821,-0.013935098023639014
SCHW,2006-10-16,2006-10-17,4.64,-0.04679509445419183,0.0034684775134525836,0.005980338311982081,0.07106391000541579,0.15716060156839418
SCHW,2006-07-18,2006-07-19,-3.14,0.03213970102240493,-0.009168371873108039,-0.011071137515642149,0.056857491143577965,0.09598108911926162
SCHW,2006-04-17,2006-04-18,0.16,-0.018303845968976162,0.012340621630765547,-0.001465579114232285,-0.0025086296897927074,-0.12084192748433897
SCHW,2006-01-18,2006-01-19,-4.12,0.00015541009824515672,-0.01447307478498383,0.020755287217979257,0.07199144938880808,0.15281446355534478
SCHW,2005-10-17,2005-10-18,6.23,0.013254841240782245,0.012887401598501214,0.06714426950614105,0.12474523983885288,0.056102724944627314
SCHW,2005-07-18,2005-07-19,8.56,0.07859724103638421,0.0016736537060564327,-0.006234543607876009,0.018401923713660118,-0.009978883331141053
SCHW,2005-04-15,2005-04-18,-0.46,0.005098974813483981,0.010752787209450165,-0.017951049193004942,0.07575086813170206,0.1702174803151446
SCHW,2005-01-18,2005-01-19,6.93,0.010960652886876976,0.0007522887533797373,0.01371226274787718,-0.05456060968923859,-0.06727111552759113
KO,2026-02-10,2026-02-11,2.69,0.010947653974229365,0.020537944502654226,0.014754030973675336,0.02483457983877657,-0.06432756727622779
KO,2025-10-21,2025-10-22,5.32,0.03984252964547974,-0.018216085324854636,-0.06407589309231598,0.011978531805833637,0.002748900560724632
KO,2025-07-22,2025-07-23,3.93,-0.02163883902914132,-0.0011986137243886752,-0.0063224066981329985,0.01611787112200269,-0.059767802362268196
KO,2025-04-29,2025-04-30,1.95,0.0038882319351858374,-0.024454696115768337,-0.013987546442482901,-0.07864578444652415,-0.20678943759142243
KO,2025-02-11,2025-02-12,6.38,0.06690961804780149,0.00094023741951621,0.007721872678239983,0.09932851588221092,0.09577396735803623
KO,2024-10-23,2024-10-24,3.18,-0.023963154185579483,-0.005300966100951099,-0.011269308675587841,-0.0775123921030787,-0.13501662351453214
KO,2024-07-23,2024-07-24,4.26,0.04025231505978677,0.009161242783115253,-0.003568743794994944,0.021308350218042005,-0.00984477011685736
KO,2024-04-30,2024-05-01,3.4,0.017263827680327637,-0.008384574640619924,-0.01880092744942652,-0.04384271696734765,-0.004775467792749399
KO,2024-02-13,2024-02-14,0.33,-0.002056950611534769,-0.0050443460603466495,0.01345989788068458,-0.004283913272667306,0.02757951398023617
KO,2023-10-24,2023-10-25,6.49,0.044642989493420826,0.005915882687182794,-0.006536239796489207,-0.048754276388647044,-0.09095382812902053
KO,2023-07-26,2023-07-27,8.14,0.009529584588612083,-0.009149632995827384,-0.0047458099275148324,-0.0028400056430341047,-0.053217737283376754
KO,2023-04-24,2023-04-25,5.4,0.011724466648880716,-0.00046284810017871436,-0.009215755363325195,-0.05809617364406039,-0.13229586495706602
KO,2023-02-14,2023-02-15,0.18,-0.01945232291395027,0.007559756261289241,0.04056623577160379,0.06284327758175834,0.08608288970989231
KO,2022-10-25,2022-10-26,8.32,0.023299730405726082,0.007697026498758808,0.008950481593515192,0.0011542029104312235,-0.025637353396058105
KO,2022-07-26,2022-07-27,4.69,-0.0006427854703472402,0.004121748816110271,-0.01899592290913832,-0.010067841253203147,-0.03437841473561021
KO,2022-04-25,2022-04-26,10.44,0.020266416500174578,0.005027972747317921,-0.030957643274062474,0.037542118390198165,4.152326693895869e-05
KO,2022-02-10,2022-02-11,9.35,0.02504301077469684,0.009738404052948235,0.05146414708209557,0.03166891488544854,0.16093853769633526
KO,2021-10-27,2021-10-28,12.2,0.02364718654257203,0.0038597290911768223,-0.008749657504659725,-0.042638808516045845,0.12443717690264466
KO,2021-07-21,2021-07-22,20.51,0.0012557056120445775,-0.0007253197293835001,-0.0016472627758712388,-0.0031978772491172425,-0.055144766233442555
KO,2021-04-19,2021-04-20,9.06,0.021326801296839837,-0.0013395170272059165,-0.0238714900074245,0.0036961473384595767,-0.00847811479961913
KO,2021-02-10,2021-02-11,12.45,0.01089383578354819,0.0028135361522336755,-0.002036996578817951,0.0009520672529932384,0.027538944288846734
KO,2020-10-22,2020-10-23,18.92,0.0017028731921882034,0.004228199081845907,0.006948629605215917,0.014938914696185801,-0.13944306477843538
KO,2020-07-21,2020-07-22,2.37,0.04333883959964546,0.007806415486506291,-0.0041648465413343105,-0.05462191164244934,-0.02790801558327405
KO,2020-04-21,2020-04-22,14.64,-0.00942443544286875,-0.013282000929600524,-0.01903220041457132,-0.059287366017704235,-0.12351011995149963
KO,2020-01-30,2020-01-31,0.65,0.03935325842397186,-0.004346273911838283,-0.019015519048825702,-0.0031782593881910515,-0.0859658322306841
KO,2019-10-18,2019-10-21,-0.45,0.00580771022501847,-0.003740503470645584,-0.023204173747689794,-0.06222949713714099,-0.0529414244515678
KO,2019-07-23,2019-07-24,2.44,0.038097408685709544,-0.008425247384024503,-0.008080485013620686,0.035773748270778616,0.010079389643923409
KO,2019-04-23,2019-04-24,3.68,0.005483577363353032,-0.002302246935364738,0.014151040708281437,0.05739087847204094,0.057582024874382576
KO,2019-02-14,2019-02-15,0.07,-0.10003875473860846,-0.010793302111015146,-0.014382779032036108,-0.00984512377429092,0.05941506783147177
KO,2018-10-30,2018-10-31,6.0,0.004905672593954247,-0.013565270626973991,-0.007235169225058069,0.01868527961699784,0.012983104010383939
KO,2018-07-25,2018-07-26,1.57,0.01550989273934178,0.006126874158709161,0.002054880400491732,-0.020324728788612467,0.03107777612795315
KO,2018-04-24,2018-04-25,3.09,-0.02421426385499148,-0.0026239019324805213,-0.0070893680073885745,-0.03761455882651599,0.011029391336637717
KO,2018-02-16,2018-02-20,1.9,-0.011671367150916434,-0.009802130930581354,-0.019575675452273456,-0.012547622728184549,-0.05424235983656445
KO,2017-10-25,2017-10-26,2.67,0.004746445719371661,-0.011637288456480155,-0.015277447350615536,-0.026114010448401115,-0.07038673365792247
KO,2017-07-26,2017-07-27,3.12,0.020340325674320203,-0.001211779962810855,-0.008785819194273792,-0.002409114348333241,-0.03161124777573954
KO,2017-04-25,2017-04-26,-1.27,-0.006110237725218681,-0.0061581907418564175,0.0015144605498207397,0.03212630111090853,0.009346320725137858
KO,2017-02-09,2017-02-10,1.19,-0.04417205380595912,-0.004457027674539926,0.0005543036812807323,0.01766085542431095,0.04291414712884034
KO,2016-10-26,2016-10-27,1.7,-0.005204009375688212,0.005567249446711164,0.018456552917082814,-0.053178264654839436,-0.0748273338475951
KO,2016-07-27,2016-07-28,3.18,-0.027498885044306642,-0.002072438099098517,-0.001546615161649667,-0.003831901597826981,-0.019052493544454263
KO,2016-04-20,2016-04-21,1.65,-0.058659495844675114,0.02015555391276691,0.02949063301176913,0.0379427199635497,0.012147341719557891
KO,2016-02-09,2016-02-10,2.16,-0.0015354727510700217,0.009717704273417782,-0.011899731519430246,-0.014038060667687757,-0.0427006294163057
KO,2015-10-21,2015-10-22,2.03,0.011879186889955262,-0.02136886804487348,-0.027799702841722396,-0.019035418519933844,0.054477931881315
KO,2015-07-22,2015-07-23,4.79,-0.0010832913626390717,0.0005781777353623951,-0.009900578745505761,0.022445355408641898,0.0656561846667425
KO,2015-04-22,2015-04-23,13.28,-0.003273797046609017,-0.0037860782964705963,0.003262333524423955,-0.004244234833679528,0.007168037490290269
KO,2015-02-10,2015-02-11,4.46,0.016410377494198825,-0.014337048705542865,-0.020875577496330067,-0.03535900501907718,-0.052010461233663596
KO,2014-10-21,2014-10-22,0.7,-0.07423610488627264,-0.0057159775804220825,-0.019757740833046267,0.023599571599639324,0.01546022319317486
KO,2014-07-22,2014-07-23,1.2,-0.044087034306115824,0.003869310992650643,-0.020803547623230112,0.009371508377844062,0.1083690849598139
KO,2014-04-15,2014-04-16,-0.22,0.030586598553557387,0.0018063956474247966,-0.006423277075264799,-0.008546878897275567,-0.014758045147360344
KO,2014-02-18,2014-02-19,-0.6,-0.04157304105257498,-0.0005106475705789482,0.010755091367444347,0.016288138839464006,0.07238591155148755
KO,2013-10-15,2013-10-16,-0.83,-0.004236885195503248,0.007790781860547824,0.014155672470734348,0.019119072785116487,-0.014089262718187001
KO,2013-07-16,2013-07-17,-0.1,-0.002955517386776685,-0.006212318631998781,-0.0029041911840950174,-0.03678055605346009,-0.08037298466318654
KO,2013-04-16,2013-04-17,2.99,0.06142581993910978,-0.004322196071910422,-0.027258965763889087,-0.06228625883687111,-0.11471556598296395
KO,2013-02-12,2013-02-13,3.44,-0.03876396439080221,-0.01086377156168783,0.0248076890556026,0.026132476331812038,0.06217740079879719
KO,2012-10-16,2012-10-17,0.6,-0.024941870795412657,0.005248617824475055,0.01264289666828089,0.03596986416169912,-0.01729168158337091
KO,2012-07-17,2012-07-18,2.63,-0.0017727780216685307,-0.0011998239194843663,0.019400383647781294,-0.009790292864462424,-0.05823927301170995
KO,2012-04-17,2012-04-18,1.56,0.012498795842900368,0.0017024363414741561,0.0060628682497700925,0.07082221117431564,0.06460423563152451
KO,2012-02-07,2012-02-08,1.62,-0.0010938719414717024,-0.006525521068785456,0.005684761556984386,7.215795573856099e-05,0.11730738132384144
KO,2011-10-18,2011-10-19,1.32,-0.007037655554263944,-0.0030333530494994765,-0.019605980802638312,-0.024652440116505248,-0.06247779854464408
KO,2011-07-19,2011-07-20,0.76,0.01045358446705924,-0.0070465218424404785,0.01284057006312389,0.10380500077126831,0.07214938489940936
KO,2011-04-26,2011-04-27,-0.58,-0.02611411158447363,0.0028763845897659124,0.013057837522534421,0.022832951270951973,0.051397331462445184
KO,2011-02-09,2011-02-10,0.57,0.012542404742597602,-0.005497896781737177,0.0013097861646966802,0.03856848560934967,0.03874617258192048
KO,2010-10-19,2010-10-20,3.35,0.022633045942966556,0.003027013707451065,-0.0036727828220077807,0.01943499430616069,-0.0632265840632531
KO,2010-07-21,2010-07-22,3.33,0.010124562449379537,0.0003523142763077747,0.005871686282403976,0.03323343563674075,0.03201564606446761
KO,2010-04-20,2010-04-21,8.4,-0.02752101116471728,-0.0007696238453374082,-0.004708457057707727,0.05401528922009258,0.0864126841114391
KO,2010-02-09,2010-02-10,-0.08,0.011075785837862062,-0.0024724424349782392,0.0029670812053081974,-0.07424807821997392,-0.05680557335543779
KO,2009-10-20,2009-10-21,1.11,0.0010683639164308367,-0.008684492871174676,0.024937951030361782,0.01833215683248457,-0.017953909220568054
KO,2009-07-21,2009-07-22,3.6,-0.04164807558316186,-0.021064800498087566,-0.01892458854450796,-0.04147165572462863,-0.026677494446794903
KO,2009-04-21,2009-04-22,0.48,-0.04488566138897643,-0.010050962224558035,-0.03883700892160169,0.02418854169471385,0.062425457879781376
KO,2009-02-12,2009-02-13,4.09,0.07256275000484302,0.014268663302044682,0.057857664488242144,0.03449494531322006,-0.08381364824368753
KO,2008-10-15,2008-10-16,8.14,0.107769424808273,-0.02854034410949069,-0.03723156827898588,0.0386501226281889,0.033216013271950895
KO,2008-07-17,2008-07-18,5.41,-0.0604304551505469,-0.00915068613353709,0.044544238100757916,0.06728027588896168,0.14220195651241907
KO,2008-04-16,2008-04-17,7.0,-0.032861727695590814,-0.01982738154403707,-0.016352994710733704,-0.10046699541277226,-0.054565158713869244
KO,2008-02-13,2008-02-14,5.6,-0.02419719391194919,0.0038080797907644737,-0.008283102627167804,0.030031042048875523,-0.07480689760305614
KO,2007-10-17,2007-10-18,3.83,0.02828649087052182,0.016048793305323827,0.044719044697851595,0.0966601080343058,0.17362483241417148
KO,2007-07-17,2007-07-18,3.91,-0.00547373322764011,0.0011684364182735774,0.030118605997897285,0.09442856068751038,0.06570244436255512
KO,2007-04-17,2007-04-18,5.52,0.02376564932973313,0.0020134078891628215,-0.013458252896975775,-0.00849584054622654,-0.021053195667828373
KO,2007-02-14,2007-02-15,3.86,-0.015348258030798756,0.0008983103931928804,-0.00890051359056565,0.03976552220890306,0.0705823612952825
KO,2006-10-19,2006-10-20,4.86,0.061636793972815296,0.006732608625013459,-0.005253204763945751,-0.01525412624355127,-0.010316145972246726
KO,2006-07-18,2006-07-19,4.62,0.007176662200253592,0.007298644575283064,0.005307037351043764,-0.020265422522922627,-0.07676731281902338
KO,2006-04-19,2006-04-20,1.71,0.009058377629197478,0.0008043740351926232,0.0065024137723650455,0.07913678199907825,0.08389876289176001
KO,2006-02-07,2006-02-08,3.6,0.006925436776135552,-0.00392011719250307,-0.009810385090337714,0.02237513643478084,-0.007299273779919568
KO,2005-10-20,2005-10-21,6.17,0.01688543833372269,-0.004281830177207624,0.007327379150069202,-0.05281760210996245,-0.10935224590726034
KO,2005-07-21,2005-07-22,5.7,0.015344390984745493,-0.005796836719721088,-0.007751032039362116,0.01683802919889177,-0.006218080796304926
KO,2005-04-19,2005-04-20,8.55,0.028324832137179512,-0.017032022001552294,0.006188459874413077,0.02873958558753431,-0.04854503211158523
KO,2005-02-16,2005-02-17,15.58,0.015636156410374302,-0.0022609921718796944,-0.009515855357708825,-0.01932040327339113,0.0607508871812511
PEP,2026-02-03,2026-02-04,1.02,0.08400572465851086,0.020613083202578042,0.00946354756058998,-0.025864486220091965,-0.09739887614416654
PEP,2025-10-09,2025-10-10,1.33,0.11080326795617812,-0.02327326909049332,0.006775519282192333,-0.07499577047723271,-0.1372642129422853
PEP,2025-07-17,2025-07-18,4.48,0.05291045004269512,-0.012647358654531815,-0.013703320144982545,0.02471419950749243,-0.009819421404190676
PEP,2025-04-24,2025-04-25,-0.77,-0.09084726340723803,0.002467356440607471,-0.026501093675531218,-0.08199291820226917,-0.05112329240798852
PEP,2025-02-04,2025-02-05,0.9,-0.04146827817949694,-0.005603668829458397,-0.01004166359619918,0.11359429612308825,-0.01447171880328757
PEP,2024-10-08,2024-10-09,0.74,0.015426475286157038,0.004357874286896268,0.0023031082602393838,-0.06946486576971556,-0.18007750606135164
PEP,2024-07-11,2024-07-12,5.57,0.019424577851593128,-0.017896475281393265,0.03755363146906876,0.08433692519133673,-0.004415542624468527
PEP,2024-04-23,2024-04-24,5.96,-0.0060027699526497,-0.0003160103316590668,-0.0027273197499779744,-0.021937520485130424,-0.14847204180627127
PEP,2024-02-09,2024-02-12,3.43,-0.02397484279645401,0.003633250474134875,-0.0030644222673968935,-0.05975648843508341,0.012228531875303261
PEP,2023-10-10,2023-10-11,4.44,-0.0015136315049442128,-0.02182124563637078,0.010375539071388662,0.02720087792222703,-0.04430519997076243
PEP,2023-07-13,2023-07-14,6.56,0.020206664117237372,-0.01718044871110913,0.0039060580070024997,-0.0140766949347646,-0.10220668284606682
PEP,2023-04-25,2023-04-26,8.23,0.03643039820250993,-0.013808525413607553,0.010254854132404123,-0.03600293727451542,-0.10773198828804209
PEP,2023-02-09,2023-02-10,1.22,0.035801846272555005,-0.0028286284094052316,0.0023655360297727412,0.048113361503012375,0.09833579740579723
PEP,2022-10-12,2022-10-13,6.68,0.0509231135795154,-0.002525034944640625,-0.01651003772944848,-0.03787174602956056,-0.047237843007087
PEP,2022-07-12,2022-07-13,7.1,0.011883417970232957,0.00760199394644101,-0.052893853442057104,-0.07431720474029069,-0.025669103496731016
PEP,2022-04-26,2022-04-27,4.54,0.032619269651907645,-0.010103632849312483,-0.03391660392949658,0.014062285032298005,0.026070219269122674
PEP,2022-02-10,2022-02-11,0.92,0.017788684874961547,-0.007882184160995842,0.008983512075068645,-0.01593107800946514,0.11506196210254238
PEP,2021-10-05,2021-10-06,3.27,0.017086425997048904,0.0005827084773186719,0.018909954806255458,-0.008293418377324002,0.032624517127882946
PEP,2021-07-13,2021-07-14,12.72,0.03556513761495805,0.008009992692420531,0.008403437986939433,-0.014048647842905382,0.010138486050651263
PEP,2021-04-15,2021-04-16,8.0,0.00030474788294521105,0.009005679748670947,0.012830479124979477,0.018485939128616513,0.021450555038304175
PEP,2021-02-11,2021-02-12,0.7,-0.034377217653477565,0.004675867962796065,0.0002446035591622264,-0.007941400518559627,0.038292398531210914
PEP,2020-10-01,2020-10-02,11.58,-0.000760894871279727,-0.01867462588308144,-0.03621805754302376,-0.012683481870769842,-0.042027891248397786
PEP,2020-07-13,2020-07-14,5.99,0.0036954054909146272,-0.022690596199156143,-0.027138949533389245,-0.04647336587004747,-0.054493974017461255
PEP,2020-04-28,2020-04-29,3.85,-0.02964058512223222,0.0012870603901833366,0.0112117189083617,-0.041310583687829694,-0.07102013655382944
PEP,2020-02-13,2020-02-14,0.05,0.005696349096445674,-0.0068794363842464845,0.015370337229264397,0.06411060291976522,0.05638789759957863
PEP,2019-10-03,2019-10-04,3.34,0.02549932984678316,-0.009515164171245871,-0.02537622328365774,-0.06393516425876944,-0.11774644480532392
PEP,2019-07-09,2019-07-10,2.17,0.00792538941138643,-0.0027903957173467386,-0.009213147520926945,-0.013694577431537125,0.05621600445545649
PEP,2019-04-17,2019-04-18,4.75,0.03871457581796822,-0.005976289381152244,-0.017117853946405193,0.041322971235725925,0.02182541278383021
PEP,2019-02-15,2019-02-19,-0.5,0.01701854733622854,-0.0028779768828818275,-0.00494553050597446,0.006039231195154482,0.09433869917345028
PEP,2018-10-02,2018-10-03,1.07,-0.028779589426328078,-0.000648014225240412,0.04432881705335956,0.11749598899564939,0.17397387203967962
PEP,2018-07-10,2018-07-11,5.56,0.048100055401886777,-0.018040571632549685,0.005178319362447503,-0.022621054996380785,-0.09502728954164552
PEP,2018-04-26,2018-04-27,3.24,-0.005577341480403453,0.00011986824195409085,-0.0247168154237134,-0.034735268750352044,0.07728044682425672
PEP,2018-02-13,2018-02-14,0.59,-0.04121151705503945,0.004287020338081593,-0.0016294659896336494,0.01391376918413334,-0.11659451717080194
PEP,2017-10-04,2017-10-05,3.4,0.0049768806059216075,0.0006860803520560843,0.01818634219115778,-0.015126732430466805,0.015513697923516645
PEP,2017-07-11,2017-07-12,7.35,-0.002390747214836564,-0.008215193969005163,-0.007246186112914721,0.0029283133691622165,-0.07973135755179483
PEP,2017-04-26,2017-04-27,2.59,-0.01352442980984725,0.00786130812301744,0.0021703643113237803,0.030168964185234293,-0.001431149012649957
PEP,2017-02-15,2017-02-16,3.67,0.0068589139163206525,-0.0012988283813744061,0.007209882041204541,0.023086217984827906,0.03284079350563429
PEP,2016-09-29,2016-09-30,6.2,0.01451414389550909,-0.0023764575436493462,-0.019733077263070165,0.0017544908467748144,-0.07857390587480495
PEP,2016-07-07,2016-07-08,4.23,0.00792586930075645,0.00238408359364084,-0.0021157395610174046,-0.02240308930021384,-0.012957740588638966
PEP,2016-04-18,2016-04-19,9.44,-0.004902996157992945,-0.018974324129762188,-0.01181862727658789,0.005367093253499378,0.02698065858511156
PEP,2016-02-11,2016-02-12,0.11,0.0015709718798595507,-0.015760817228271717,-0.02965748379395694,-0.05580063136379443,-0.0329061503712158
PEP,2015-10-06,2015-10-07,6.9,0.023549074318308216,-0.004459308663216532,-0.009852752701032141,-0.033596413379273216,-0.0045133241027053295
PEP,2015-07-09,2015-07-10,6.38,-0.01505130244103392,0.006440711371903385,-0.011225684411271253,0.03488814598475143,0.048952127775584886
PEP,2015-04-23,2015-04-24,4.76,-0.02653291878205355,-0.002987714568786104,0.008492354451940298,0.005122036072031433,0.02066427694284312
PEP,2015-02-11,2015-02-12,4.05,0.013065120277386821,-0.015485570554035766,-0.023171990427882094,-0.03824606374751771,-0.04524424235944402
PEP,2014-10-09,2014-10-10,5.43,0.038579448489248436,0.008925267906712109,-0.022311286589636325,-0.04446227684217785,-0.04947257758547674
PEP,2014-07-23,2014-07-24,7.19,0.028457671401012075,0.0007645273338459102,-0.013465162720874724,-0.0027556334229987822,0.04956076117517261
PEP,2014-04-17,2014-04-21,10.42,0.008559671965312932,-0.01350736561424637,0.011447642330230101,-0.0068779246435337615,-0.002147191330952314
PEP,2014-02-13,2014-02-14,3.8,-0.05243274507238371,-4.298529592206002e-05,0.00527978608095836,0.04559158052300294,0.08811288542900853
PEP,2013-10-16,2013-10-17,5.75,0.00382332939576413,-0.001547573029520688,-0.011626325272943494,0.011209791174639161,-0.06182092021919505
PEP,2013-07-24,2013-07-25,9.78,-0.006298965836505022,-0.00387096359594874,-0.026021261253390437,-0.05665194141091734,-0.060122245208423575
PEP,2013-04-18,2013-04-19,9.77,0.04732949906463735,0.002931551090984641,-0.020893283713064092,-0.061262960971695035,-0.060923988498251536
PEP,2013-02-14,2013-02-15,3.24,0.03075248902508909,0.017206990446883008,0.040939772292319154,0.024826778645989034,0.05029984501213103
PEP,2012-10-17,2012-10-18,3.09,0.004619705029914822,0.0042278687936543324,0.0036777617134029494,0.017896199576230787,0.009380793297597334
PEP,2012-07-25,2012-07-26,2.59,0.018599888905103112,-0.003830003014678285,0.004692097614310109,-0.012754016958923309,-0.07012024207300349
PEP,2012-04-26,2012-04-27,3.74,-0.0171712298485035,0.0021911351506684884,0.021121475535432643,0.09747647569897577,0.08990645583196755
PEP,2012-02-09,2012-02-10,2.34,-0.03566492504706675,-0.011508068377711678,-0.03511687352079562,-0.015923170520709684,0.027963413413714777
PEP,2011-10-12,2011-10-13,1.46,0.01636735847860482,-0.019018655992710243,-0.013391594027309717,-0.021994333410064737,-0.016819748808933443
PEP,2011-07-21,2011-07-22,0.46,-0.054409373143238904,-0.015564915686787972,0.01285410625606731,0.1069126490453699,0.050728698774998304
PEP,2011-04-28,2011-04-29,1.57,0.008530721441248224,0.007635749617886156,0.0218610639046235,0.043322055627039946,-0.04530602172153819
PEP,2011-02-10,2011-02-11,0.83,-0.014888809464600139,-0.010702292083173859,-0.017870071964583123,0.03489981222564531,0.0796672135852774
PEP,2010-10-07,2010-10-08,0.02,-0.039045022699205845,-0.004441869824658329,0.004190684631106167,-0.06321922619065945,-0.09304076846653242
PEP,2010-07-20,2010-07-21,1.34,0.03267093745363059,-0.018256136771478637,-0.01557076698538351,-0.0008537898831777468,-0.052995808616016715
PEP,2010-04-22,2010-04-23,1.09,-0.028779917443193193,0.00856717165949994,0.032510373726252983,0.08679820637995384,0.11321458252937622
PEP,2010-02-11,2010-02-12,-0.11,-0.0006828992499137154,-0.009332081034743256,-0.004419191280701007,0.024608085885178044,0.023659231068148268
PEP,2009-10-08,2009-10-09,4.67,-0.02328112960333384,0.001530229032506325,0.012860802080664424,0.02052207770714476,-0.045947968988002685
PEP,2009-07-22,2009-07-23,2.34,-0.0200954169926848,-0.005688601764288759,-0.008571778473855707,-0.028080515760341207,-0.008932747029091193
PEP,2009-04-20,2009-04-21,6.1,-0.03013036117722334,-0.02164780526918675,0.007985491042922677,-0.0254485336474628,0.0689682170249768
PEP,2009-02-13,2009-02-17,0.57,0.0496102899885944,-0.0031973811004440966,0.019262839714947688,-0.028058708115375253,-0.1606314776212826
PEP,2008-10-14,2008-10-15,-1.93,-0.05851889374240238,-0.005949487811157006,0.03974712033195238,0.08275394779244027,0.036882546826367935
PEP,2008-07-23,2008-07-24,1.23,0.033734324904511004,-0.002431947096177778,-0.022980987372276607,0.011279023375072805,0.057378860162641154
PEP,2008-04-24,2008-04-25,-0.1,-0.036342044547903796,0.007770525743750589,0.008204660309897305,0.023504127485081905,0.06734868529256843
PEP,2008-02-07,2008-02-08,0.63,0.046006311259214616,0.011362655042094882,0.011947118043580174,0.032105349956780715,-0.08524388615851375
PEP,2007-10-11,2007-10-12,2.98,-0.025432708789685954,0.0024533531220732874,0.02337671272152786,0.09526350411324858,0.1996820476334774
PEP,2007-07-24,2007-07-25,5.42,0.04130765531043268,0.002016572387809612,0.0065029253388507735,0.03974183290074096,0.03936127010960111
PEP,2007-04-25,2007-04-26,6.43,-0.010329136648558501,-0.0010048701453285735,0.008874801191007142,0.021296979151795403,-0.024999684450194515
PEP,2007-02-08,2007-02-09,0.17,-0.00040120993296366425,0.00043158264738829555,-0.0013263742846569837,0.013624716195543063,0.004237307206967911
PEP,2006-10-12,2006-10-13,1.82,-0.03332992366999232,0.0021468410393081783,0.004228182128686919,-0.010181986094111695,-0.0013542106971879964
PEP,2006-07-13,2006-07-14,3.44,0.031527435089629297,0.009224122631767528,0.012053138520410123,-0.0034967755325692185,-0.0626446922127597
PEP,2006-04-26,2006-04-27,3.09,0.005023651281689245,-0.0006029478794455922,0.008845536627777983,0.06788497856359887,0.1286987309776274
PEP,2006-02-08,2006-02-09,0.35,0.007538295964237163,0.001992692281842956,-0.004600062376372893,0.03289539542776643,-0.02615306848999155
PEP,2005-09-29,2005-09-30,6.92,0.01870696813108408,4.94571357901874e-05,0.04127861584122183,0.06371627955392056,0.023141089181884844
PEP,2005-07-12,2005-07-13,4.48,0.014922581425131254,0.006468781026053083,-0.013169897204677428,-0.01628114535991787,0.08355328599883349
PEP,2005-04-14,2005-04-15,5.16,0.04922995380186812,-0.009267430539429022,-0.01900602579330657,0.015427024068075168,-0.07491119219688325
PEP,2005-02-03,2005-02-04,-0.39,0.013561178976605692,-0.00969757450093911,-0.008287719926359793,-0.041180766704176364,0.04174868471293025
PG,2026-01-22,2026-01-23,1.25,0.02971301184271047,-0.009473594785644024,0.006813865795269436,0.109957435878417,-0.07648343170433103
PG,2025-10-24,2025-10-27,4.92,-0.016183044834160443,-0.005094456319279961,-0.021742942321053005,-0.007275716464894444,-0.01224780873935738
PG,2025-07-29,2025-07-30,4.14,-0.02303015971244593,-0.0120128099299609,0.0025171280795910356,0.007506092592746594,-0.06610804509796042
PG,2025-04-24,2025-04-25,0.93,-0.0568461172760093,0.004773056176283763,-0.03238039174183627,-0.021645169252318963,-0.16546824226197154
PG,2025-01-22,2025-01-23,1.1,0.01628281371463247,-0.003275371936604099,0.021451783057558793,0.046891988359317405,0.1646249992961345
PG,2024-10-18,2024-10-21,1.75,-0.012316384083294718,0.0014749078298363916,0.0033819819727780587,-0.0006077293547426255,-0.07695322385548076
PG,2024-07-30,2024-07-31,1.92,-0.06506925141351816,0.04482782973523192,0.11597003234637748,0.038031737144427646,0.0064762609419379835
PG,2024-04-19,2024-04-22,7.48,0.020262028491882633,-0.005886719098109117,-0.013714953519157858,-0.018543824927427455,-0.060297881285504396
PG,2024-01-23,2024-01-24,8.28,0.02479796044608973,0.01756931576588272,0.03817145834285429,0.009931580008145424,0.02298909277897465
PG,2023-10-18,2023-10-19,6.34,0.04199782309621658,0.010939124853960092,0.0430047217481726,-0.024918403744735196,-0.10063487927710568
PG,2023-07-28,2023-07-31,3.48,0.01583297787796556,0.0025415325317871273,0.01943221421496566,0.016708665366104603,0.03646152028857963
PG,2023-04-21,2023-04-24,3.46,0.034639071371432184,0.016129725786585558,-0.005572448609991509,-0.060915162714167526,-0.1308838299440005
PG,2023-01-19,2023-01-20,-0.01,-0.028581794089377666,-0.025427568463128325,-0.04154157865020114,-0.04944944816650276,0.0073395394157200755
PG,2022-10-19,2022-10-20,1.41,0.01168295003968034,-0.011780841246032292,-0.0013662361657533761,0.030402325138592534,0.07663359245578216
PG,2022-07-29,2022-08-01,-1.43,-0.04642501390655118,-5.060678004464858e-05,0.011180782200968187,0.011348881675871003,-0.018674519654331978
PG,2022-04-20,2022-04-21,2.88,0.041480850193030716,0.019075446043313793,0.02831822314645238,-0.01764608774928178,-0.013538671754278697
PG,2022-01-19,2022-01-20,0.41,0.06054219661172511,0.023457595198009273,0.01700151155292029,0.008233340760510521,-0.013886435224135463
PG,2021-10-19,2021-10-20,1.2,-0.019611731688147116,-0.009804676597862216,0.007235071218619549,0.013399501288571924,0.1079157095260439
PG,2021-07-30,2021-08-02,4.13,0.024150682689330627,0.006454588094457758,-0.008260185224498562,-0.02605536997052882,-0.03223979360168028
PG,2021-04-20,2021-04-21,6.1,-0.0003142334384285128,-0.0007948168394443789,-0.036878296231567353,0.017081257888410417,-0.00677843852796145
PG,2021-01-20,2021-01-21,8.8,-0.02823444466171654,-0.004169821990150813,0.012241387496635614,-0.044760968434717996,-0.04139504150389306
PG,2020-10-20,2020-10-21,14.89,0.007337222044384362,-0.0125676627640402,0.013201443314507122,-0.058902386127109185,-0.17170104577978895
PG,2020-07-30,2020-07-31,14.38,0.017594364287734088,-0.00565621967362806,-0.0061215907027305505,-0.01534315488884297,0.04004545435768492
PG,2020-04-17,2020-04-20,3.54,-0.01632934727085189,0.02273504442517882,-0.039014297574808454,-0.07759699170037582,-0.10878009937572086
PG,2020-01-23,2020-01-24,3.59,0.004380081475210962,0.02042462570650061,0.01725772946312021,0.004610879783817579,0.12099586830466524
PG,2019-10-22,2019-10-23,10.33,0.033285701403613976,0.012918796446399483,0.001566301260255587,-0.04208638870251313,-0.08508526586190124
PG,2019-07-30,2019-07-31,4.64,0.03095439392157251,-0.002389925675000848,0.01045686428857684,0.05717740772008317,0.0493885919761583
PG,2019-04-23,2019-04-24,2.13,-0.028637305893567833,-0.003338296001865526,0.013396193277829482,0.05180657610332218,0.09450425486239822
PG,2019-01-23,2019-01-24,3.42,0.04005523524899779,-0.01588418945376635,-0.001196324097179069,0.003942440884936005,0.025878424667575173
PG,2018-10-19,2018-10-22,2.57,0.08429147022012551,0.011557036846363222,0.05948175898973196,0.0987419959107958,0.08943938091990333
PG,2018-07-31,2018-08-01,4.52,0.0023601658588465746,0.011291430105173417,0.004700703017977981,-0.0025985877856542494,0.14731417736356378
PG,2018-04-19,2018-04-20,1.68,-0.033552609101072606,-0.010690657539866089,-0.013227364551049114,-0.0224465273533494,0.027706971395285995
PG,2018-01-23,2018-01-24,4.26,-0.04069293355192982,-8.429587904590363e-05,-0.017787975286407187,-0.03945837343480274,-0.1018310421723766
PG,2017-10-20,2017-10-23,1.21,-0.04809003149754898,-0.005422405341296566,-0.014297428892189101,0.002559494980784782,-0.04934074670297717
PG,2017-07-27,2017-07-28,8.63,0.01229208405487836,0.007328715099961691,0.003073962103251615,0.03501363265201696,-0.06741455450526346
PG,2017-04-26,2017-04-27,2.33,-0.025876519151739164,-0.0019257718983852756,-0.014811117982074906,-0.02270846004922855,-0.02601838560236236
PG,2017-01-20,2017-01-23,1.77,0.025619506695367944,0.003938265963832066,-0.008605378435398658,0.00844144661047408,0.0015229331930319834
PG,2016-10-25,2016-10-26,5.42,0.044590081251859814,-0.006715165777647303,0.01116287331600041,-0.08656725449382585,-0.057891056969805677
PG,2016-08-02,2016-08-03,6.05,-0.001588376868780439,-0.00013379052232043165,-0.0027991692285311842,0.010035778164689368,0.023813244012733437
PG,2016-04-26,2016-04-27,5.12,-0.022217526764507278,0.007448110764802451,0.04213496429636854,0.020236748994736375,0.038298762999634306
PG,2016-01-26,2016-01-27,6.8,0.022762888511562274,0.007734891383330167,0.012337701175466842,0.0055358617603076254,-0.08080426184857825
PG,2015-10-23,2015-10-26,3.89,0.026793191222545865,-0.0006488411016021267,-0.027861962732636747,-0.029615269971030145,0.08115986489060822
PG,2015-07-30,2015-07-31,5.76,-0.04734146593595634,-0.0005389255190788589,-0.0037924576174401814,-0.018276664922730945,0.030894271542724838
PG,2015-04-23,2015-04-24,-0.44,-0.02215479948461574,-0.0007809126547250189,-0.004371222499619853,-0.01929418289880047,0.0024392767484113786
PG,2015-01-27,2015-01-28,-5.91,-0.023607271531303597,-0.003136653442047388,-0.012070340517988276,-0.05592600842627227,-0.1033164003397602
PG,2014-10-24,2014-10-27,-0.24,0.026370169268269184,-0.005419652298072508,-0.011960810532675836,-0.031455595226926425,0.004826276934318585
PG,2014-08-01,2014-08-04,4.15,0.02043016470898862,0.012094212780806246,0.028992467032156966,0.0128040823835609,0.07179348006875563
PG,2014-04-23,2014-04-24,2.46,0.007067936099740879,0.011403386961937323,0.012002472753306126,-0.015531411319523847,-0.058482638926377395
PG,2014-01-24,2014-01-27,0.96,0.02908961882258121,0.002201864782194418,-0.013727765826207827,-0.04282856714936889,-0.025410619230400222
PG,2013-10-25,2013-10-28,-0.23,0.002393742855969272,0.008934099076980173,-0.003035768912901249,0.025586399685737504,-0.03931337671750135
PG,2013-08-01,2013-08-02,2.31,-0.0009479603014104221,0.0028152683135481693,0.013898329419766431,0.0008766359501096721,-0.027969430319554345
PG,2013-04-24,2013-04-25,3.19,-0.07008159011699544,0.008557123696580127,0.007650694888075238,-0.016032961555119574,-0.006388512988134698
PG,2013-01-25,2013-01-28,9.61,0.04315419826877487,0.012741953590255983,0.023594075629584932,0.03164649844211742,-0.003629424170691564
PG,2012-10-25,2012-10-26,10.52,0.017636157893414994,-0.0028800276539406866,-0.018734630877274894,-0.0007782586964761862,0.0017484489941088643
PG,2012-08-03,2012-08-06,6.33,0.014405785916085545,0.0012162510340403276,0.0019439653967681103,0.014061716489484288,0.032461005711225566
PG,2012-04-27,2012-04-30,1.0,-0.04623353863086099,-0.007319639944188716,0.029389325769679342,0.03327046786267174,0.051988736361447074
PG,2012-01-27,2012-01-30,1.7,-0.02067011415084541,-0.002308836061787778,-0.01869968063184979,0.01901009147436561,0.0030004657032483006
PG,2011-10-27,2011-10-28,0.41,-0.03798124678313641,0.012673804375538889,-0.0020017924230328887,0.030661296950759476,-0.022932419814467808
PG,2011-08-05,2011-08-08,2.13,0.06165524987576221,-0.03081415039939417,-0.0307869917442134,0.009981888599897237,-0.026080385110567317
PG,2011-04-28,2011-04-29,-0.85,0.008144214711850228,0.0058535562156031284,0.0220458373225072,0.04143359147318004,-0.002048660549287762
PG,2011-01-27,2011-01-28,2.99,-0.013853161771143152,-0.02418352916892552,-0.03604581289648778,-0.060427620490287826,-0.06570346912341474
PG,2010-10-27,2010-10-28,2.38,0.007944680925289993,0.0052539247419485235,-0.003957840631575227,-0.020152866472601283,-0.03332821304252209
PG,2010-08-03,2010-08-04,-2.88,-0.04230752693406048,0.0062683683895100595,0.04457728237140779,0.04412050636865028,0.015605927275174292
PG,2010-04-29,2010-04-30,9.01,-0.011213399021698489,-0.0045971859184583685,0.033784065288389065,0.06224023966642567,0.0793805689969509
PG,2010-01-28,2010-01-29,4.54,0.03438510189844379,-0.008401916697567291,0.0027358174466109997,-0.010059755747384491,-0.08246733505355608
PG,2009-10-29,2009-10-30,-1.6,0.021595901369845794,0.009040004560197712,0.017940739562479102,0.013392425491385085,0.01706128426825937
PG,2009-08-05,2009-08-06,2.68,-0.06408084734380848,-0.0020376194840177053,-0.0004947531600023591,0.01979233595129304,0.09400771478158787
PG,2009-04-30,2009-05-01,5.12,-0.023968528101528497,-0.003919222985409476,-0.016094334752599915,-0.0002998485227161396,0.01438043131614597
PG,2009-01-30,2009-02-02,-5.21,-0.06550162938935344,0.002164872734224277,-0.056808501423778024,0.03047150825313205,-0.10718582192173254
PG,2008-10-29,2008-10-30,0.32,-0.029462593881613652,0.01764128459122083,0.06077052878923361,0.08461941047952859,0.013946625542893498
PG,2008-08-05,2008-08-06,2.81,-0.0018966650857721312,0.010613174207428577,0.029795501724085516,0.07740292752540057,0.18550670650357126
PG,2008-04-30,2008-05-01,1.53,0.0024788756952562885,-0.006194867200658205,-0.002671417075866933,-0.009163778191963012,0.07770015373880779
PG,2008-01-31,2008-02-01,1.4,-0.01986618572595189,0.014122569360614623,0.03104534721101604,0.04810123556671453,0.0020934892132398186
PG,2007-10-30,2007-10-31,0.56,-0.035532736376848506,0.010029604337731146,0.04214350567704228,0.11490172720059078,0.05158809616818705
PG,2007-08-03,2007-08-06,1.25,0.036273310821354765,-0.007131623522604658,-0.004374161212601035,-0.012706173660576026,0.014221932158369421
PG,2007-05-01,2007-05-02,-0.17,-0.039951370447458556,-0.01134917976594274,-0.016605195253709293,-0.006357948184190221,0.03831276893347757
PG,2007-01-30,2007-01-31,0.52,-0.012121527727873893,0.001262523268241722,-0.016168617455572187,0.004194522139301604,-0.06810835758779021
PG,2006-10-31,2006-11-01,1.43,-0.00517306968586162,0.004232863135377407,0.0008837688285379119,-0.030781944561496966,-0.022235310409082887
PG,2006-08-02,2006-08-03,1.97,0.05350253677562877,0.0017134476512614683,0.021801892159688196,0.023924948636599774,-0.004136418368928085
PG,2006-05-03,2006-05-04,2.06,-0.038567390352713504,-0.011158375846643698,-0.0006390856586475646,-0.016226773119399462,0.034125077606596554
PG,2006-01-27,2006-01-30,5.01,-0.0030395703019039377,0.008840177096952395,0.025316544734068525,0.014992947635223852,-0.03296074920241088
PG,2005-11-01,2005-11-02,1.9,-0.019558192596548563,0.0012989602956765545,0.001032267919709895,-0.004815839996020532,0.016656922156382814
PG,2005-08-01,2005-08-02,1.06,-0.010107145002495876,-0.009155803976456545,-0.017610955495986902,0.027573804867719653,0.03463875214960144
PG,2005-04-28,2005-04-29,2.59,0.01071791593756588,0.006389047696999661,-0.0004964742755577678,-0.009144754411386957,-0.04692536481020548
PG,2005-01-27,2005-01-28,2.69,-0.024974447404330524,-0.023206386805528667,-0.05209906266279052,-0.0468258907789838,0.00583824731991045
CL,2026-01-30,2026-02-02,4.19,0.07604099130567299,0.022167547159682943,0.02680293477797646,0.061079915280185415,-0.10086374930714292
CL,2025-10-31,2025-11-03,2.36,-0.02516044690352437,0.03279242691204176,0.04932610864314668,0.05386232778731748,0.1959401654262558
CL,2025-08-01,2025-08-04,2.81,-0.004403829414273197,0.001471009760111719,0.005549925062136474,-0.002061637977842423,-0.15997979376103133
CL,2025-04-25,2025-04-28,6.12,-0.026379624022174752,0.008762408686589396,-0.025401320031816388,-0.05699853803374655,-0.17687927601844466
CL,2025-01-31,2025-02-03,2.32,-0.030453161851379584,-0.012798050716141263,-0.0241386330186667,0.0812857801085698,0.1347429663999945
CL,2024-10-25,2024-10-28,2.87,-0.04284913542922686,-0.01227220759768477,-0.0032747327932658443,-0.03293018565911221,-0.07730729531458358
CL,2024-07-26,2024-07-29,4.72,0.03370279100876683,0.0012005315443394116,0.05115284252086927,0.012307010853722655,-0.0811237206261719
CL,2024-04-26,2024-04-29,5.85,0.0003904785701536184,0.03164389985525362,0.016963694952991215,-0.022697259554311566,0.012758381591290613
CL,2024-01-26,2024-01-29,2.6,0.027096570933120123,0.003989224196118357,-0.0010573541990503976,-0.0026958728329209425,0.032640045628997694
CL,2023-10-27,2023-10-30,7.3,0.003578273224599915,0.010503482661465391,-0.030363169680306612,-0.04065420654142127,-0.04972991584712694
CL,2023-07-28,2023-07-31,3.28,-0.022736570867112116,0.007844832365616505,0.023858004002712763,-0.0015244087770737158,0.03281442865212514
CL,2023-04-28,2023-05-01,4.57,0.0278996888455747,0.013222212652823306,0.007410190487673329,-0.08237585849295093,-0.1313710395809844
CL,2023-01-27,2023-01-30,0.46,-0.024807643638491528,0.007936834356362166,-0.009756191368093026,0.016572330822416603,0.04560112197621957
CL,2022-10-28,2022-10-31,1.03,-0.008065570076351003,0.003021836269926137,0.011604189882398086,0.005491148357982922,-0.07961007145998145
CL,2022-07-29,2022-08-01,1.33,0.01254462041647364,-0.003760241165823297,-0.008980244521707093,0.001197278072729513,-0.0378391816705832
CL,2022-04-29,2022-05-02,-0.73,-0.043207215206291005,-0.013762133225261541,0.0724711589967163,0.05202401492375952,0.07582187658646988
CL,2022-01-28,2022-01-31,0.15,-0.04631673341739029,-0.013185179030965721,-0.010240944719315248,-0.033446460385704424,0.054059869123423976
CL,2021-10-29,2021-11-01,1.78,-0.0158498413578696,0.00017014078774346686,0.004243653121889235,-0.0025067335180719574,0.15409925229353783
CL,2021-07-30,2021-08-02,0.07,-0.0407093812870829,-0.009644065415699954,-0.025461748976158938,-0.05721733824652442,-0.08201549257332652
CL,2021-04-30,2021-05-03,1.2,0.020087645114653108,0.006416214357431227,0.028622387282262185,0.013877541087243372,-0.021208061073427764
CL,2021-01-29,2021-02-01,0.66,-0.004252083706255405,-0.009937448656435421,-0.022927825122574186,-0.06688371415676031,-0.10422894600816468
CL,2020-10-30,2020-11-02,12.23,0.044853259257434885,0.019145562933406524,-0.05356431933711381,-0.03238185226259982,-0.14703821565185804
CL,2020-07-31,2020-08-03,6.57,-0.018811707483880502,-0.0012511627438234196,-0.019576609788683363,-0.02727944283437722,0.002658740313214114
CL,2020-05-01,2020-05-04,2.67,0.012546246701688024,-0.008663970879157157,-0.032931048531766094,-0.04383175821113228,-0.0483783601091603
CL,2020-01-31,2020-02-03,0.23,0.08945932869443185,-0.008968561548754028,-0.0002839635406437502,0.0316373739326975,0.032077473967648595
CL,2019-11-01,2019-11-04,1.26,-0.05982029743450834,0.009514370843645037,0.014087236367184897,0.021802307731655146,0.08294147113819617
CL,2019-07-26,2019-07-29,-0.62,0.045738096191664246,-0.008528833224248689,-0.03107083260601473,0.007597269322077493,-0.10344201784979123
CL,2019-04-26,2019-04-29,1.49,0.03292999790262541,0.019243060936228185,0.00791594147867769,0.028894954764950298,-0.0263523675968258
CL,2019-01-25,2019-01-28,0.85,0.007884846599656159,0.016469079388136576,0.007961358951787956,0.0007773657255625288,-0.008394780189372675
CL,2018-10-26,2018-10-29,-0.39,-0.07004415211365012,0.025091448195073474,0.004483372941190167,0.07539897933924133,0.08582639694646232
CL,2018-07-27,2018-07-30,0.15,0.004793435697978299,0.0033464713137019153,-0.002910123705230694,-0.025634145257729335,-0.021473508827252852
CL,2018-04-27,2018-04-30,2.05,-0.013664655194040698,-0.005302805875020855,-0.0460574612138982,-0.042651756155116516,-0.060992104703518235
CL,2018-01-26,2018-01-29,-0.36,-0.05040136050400046,0.022182597196205966,0.018951942230810093,-0.016441250730929946,-0.02450552562788988
CL,2017-10-27,2017-10-30,-0.45,-0.03264712466138486,0.01650586828654821,0.0069944062669811125,0.027608857030763323,-0.053367339398892266
CL,2017-07-21,2017-07-24,-0.14,-0.0021967897771940637,0.0003532320136148126,0.005074431566539417,0.012542388962446638,0.003102732527302976
CL,2017-04-28,2017-05-01,1.68,-0.020799226322785858,-0.014861932091409846,-0.003548891086208261,0.04793422926387625,-0.01934040295964845
CL,2017-01-27,2017-01-30,-0.15,-0.046605410574153794,0.0008628143934092947,0.008812368792864511,0.09174644569005119,0.09292444103596709
CL,2016-10-27,2016-10-28,0.09,0.004351572587682595,0.0026229571073903557,-0.003708832597921541,-0.10395874271460692,-0.12098321872196682
CL,2016-07-28,2016-07-29,1.86,0.01292200851554437,0.009964897709212495,-0.0028668724305254134,-0.000245682917822565,-0.0351902157017725
CL,2016-04-28,2016-04-29,0.19,0.03765434879306251,0.012497526143674387,0.015647135363722087,-0.023602920484590784,-0.007332007889683245
CL,2016-01-29,2016-02-01,1.22,-0.0058589251525125174,0.005333308057252184,0.04053562786062781,-0.005962192860864857,-0.03394172998660561
CL,2015-10-30,2015-11-02,0.08,-0.03260405941387268,0.004657862261972401,-0.014505504039325268,-0.025974514177739327,0.08047262009302036
CL,2015-07-30,2015-07-31,-0.59,-0.011920049162092994,0.00925307314193391,0.01902328131631481,-0.015355309966348263,0.027562605029300635
CL,2015-04-30,2015-05-01,0.08,-0.012827730402111381,-0.00018746459637442037,0.0034125575463022084,-0.015558320558195726,0.017950210328658622
CL,2015-01-29,2015-01-30,2.13,0.04030217606451303,0.009387423432470898,-0.004221471865400561,-0.011184424384160563,-0.04064914152159682
CL,2014-10-24,2014-10-27,0.79,0.009984889553505516,-0.016310205823297563,-0.008934377331473398,-0.028754080390539727,-0.0297695681813821
CL,2014-07-31,2014-08-01,-0.57,-0.009928955317200061,-0.010192368695290499,0.01538907735122974,-0.030452739829323727,0.015809940622651286
CL,2014-04-25,2014-04-28,-0.38,0.026584502114956998,-0.016738853562032086,-0.022387296156581304,-0.041775581181420884,-0.05823440604430874
CL,2014-01-30,2014-01-31,1.63,-0.010524673298987985,0.005193291988905835,-0.014461174531569476,-0.021995570113225504,0.04242646106757397
CL,2013-10-24,2013-10-25,0.44,-0.005856851739079572,0.01664767757045249,0.0266668707299742,0.01420226137449343,-0.04176384082543416
CL,2013-07-25,2013-07-26,-0.07,0.026941835234587375,0.0002533757053944097,-0.0062328135741547275,-0.005524648907995533,0.002623482353266038
CL,2013-04-25,2013-04-26,0.14,0.006964270780957849,-0.003504019641885181,-0.0016265475522685424,-0.01652449277292245,-0.08706458474895107
CL,2013-01-31,2013-02-01,0.74,-0.0169077002820206,0.0011348457365017994,-0.015993452935122887,0.03441313031552862,0.032896458654714245
CL,2012-10-25,2012-10-26,-0.07,-0.027584231186964292,0.01049348665933203,0.005649681347594804,0.03667237003054624,-0.0026949425818794115
CL,2012-07-26,2012-07-27,-0.18,0.012882678997629071,0.0027993513848489915,-0.011456675269747918,-0.033470065541557736,-0.029111591197627185
CL,2012-04-26,2012-04-27,0.14,-0.020672757469711533,0.009396911523283258,0.03177111506527763,0.06331929750093301,0.08501294195602171
CL,2012-01-26,2012-01-27,0.25,0.016315653569716315,-0.006430839082132267,-0.008022774380545439,-0.018496138455440514,0.04953429148485822
CL,2011-10-27,2011-10-28,0.79,-0.027084041574572115,0.014788781614826108,-0.01037976781889538,0.03689951686592308,-0.024085863462093515
CL,2011-07-28,2011-07-29,1.07,-0.003259741630361246,-1.4230075442656087e-05,0.06879652982746531,0.12884224277913015,0.11285890238979968
CL,2011-04-28,2011-04-29,-0.2,0.03498588200910868,0.003910279669430472,0.02262814581315209,0.03764453836356485,0.05474660373878104
CL,2011-01-27,2011-01-28,0.67,-0.022586839070025233,-0.010374202339100802,-0.0365975137701261,-0.022641422978727954,-0.006179737924514761
CL,2010-10-28,2010-10-29,1.7,0.020528147649988115,0.0014778215520470095,-0.029864383137991002,-0.004747224027199737,-0.05575794998172845
CL,2010-07-29,2010-07-30,0.23,-0.05313868970675917,-0.03182365098811135,-0.05062602696315399,-0.02896500968585325,-0.10219786571497969
CL,2010-04-29,2010-04-30,4.88,-0.005813031671886737,-0.010941265211904305,0.01729163542883172,0.007991065033602807,0.06892657244137412
CL,2010-01-28,2010-01-29,3.03,0.01773860691530693,-0.016674927635042303,-0.0028236572164460627,0.005079023196894017,-0.05675212505613336
CL,2009-10-29,2009-10-30,0.87,0.0203709898820722,-0.006448967978843534,-0.018703466947133984,0.009103328759215712,-0.031043943061432433
CL,2009-07-30,2009-07-31,2.39,-0.05683657369420403,-0.020775332871436847,-0.04379040829408243,-0.04183285305306916,-0.012389960987813975
CL,2009-04-30,2009-05-01,0.62,0.02258164203345614,-0.019850218060445624,-0.051072400171842114,0.05233959686769607,0.1148170876798913
CL,2009-01-29,2009-01-30,2.35,0.07081719230570183,-0.0077440930451009304,-0.04056975311785993,0.041563834130469046,-0.1270150786303329
CL,2008-10-30,2008-10-31,0.69,0.005712227708333906,0.009378112725291876,0.034816228390867066,0.1308274681029411,0.16552404932429832
CL,2008-07-29,2008-07-30,4.03,0.05394474432914764,0.0038885214391597422,0.012227090592799916,0.016028983627192073,0.06498468484222641
CL,2008-04-30,2008-05-01,1.59,-0.054520209701256483,0.009880718212807338,-0.0008167434691643827,0.02744622381905215,0.06728755191689229
CL,2008-01-31,2008-02-01,2.05,-0.008492720688526578,0.002797452196604877,0.03205495761742083,0.06238736816607848,0.008638077071619676
CL,2007-10-30,2007-10-31,1.53,0.023693945987692366,0.00046251052719858965,0.031126131664031997,0.0991736549863238,0.09195913073197937
CL,2007-07-25,2007-07-26,0.72,0.02959041622055647,0.014716754737997384,-0.019549430937111145,-0.02053972918528535,0.028393464319435013
CL,2007-04-25,2007-04-26,-0.26,-0.03035220782779302,0.0080137036407959,0.008844021342298003,-0.011224490038417745,0.004060698170838428
CL,2007-01-30,2007-01-31,1.43,0.011866942001934833,-0.00876485783488612,-0.029190278643248968,0.0024809828431139325,-0.05747940300770127
CL,2006-10-25,2006-10-26,0.97,0.03167353565120745,0.014711270016794065,0.026836270836611775,0.03949917496885469,0.025600312629239674
CL,2006-07-25,2006-07-26,-0.55,-0.047431253739028234,-0.007969055053620777,-0.01742514465744638,-0.026970702467585816,-0.07031176285737861
CL,2006-04-25,2006-04-26,2.41,0.031973812388518374,0.003480742935496828,0.0030279316460923855,0.04668816166049494,0.09818856508373075
CL,2006-01-25,2006-01-26,1.32,0.009599015533162003,0.016004902663194764,0.007823143099822016,-0.015913188576457626,0.023964959980017353
CL,2005-11-01,2005-11-02,-0.3,-0.02613661300727632,-0.009816959337471398,0.011380715117776274,0.014885357879156125,0.002619925485335184
CL,2005-07-27,2005-07-28,0.15,0.01997946448518073,-9.148369805889178e-05,-0.01043763071368442,0.00835016967251867,0.02383369088715004
CL,2005-04-27,2005-04-28,0.33,0.0031576854997064085,-0.026067108522360716,-0.045206322264126575,-0.053803813768046105,-0.04872983746063553
CL,2005-01-27,2005-01-28,0.85,0.03397936840468141,0.010818374831849997,0.037518548214074965,-0.0028602230000107642,0.00205768326680289
WMT,2026-02-19,2026-02-20,1.79,-0.03324391931686721,0.033140033527593205,0.04531814537354295,0.026404180451302883,0.014133168712212152
WMT,2025-11-20,2025-11-21,3.11,0.05224740493705149,-0.02668196520960231,0.02673407989252974,0.029083045942472685,0.1209352731719433
WMT,2025-08-21,2025-08-22,-7.97,-0.06724530752958291,-0.0034475566999911944,0.0019522437229489986,0.02563236121175838,0.028792928316582422
WMT,2025-05-15,2025-05-16,5.64,0.0033121116865282296,-0.0023153262350879,0.006055232094784313,-0.05447885152284715,-0.060523831602168565
WMT,2025-02-20,2025-02-21,2.04,-0.06746059008524252,-0.007160869751210108,0.050010347546325606,-0.033243865330035094,0.04609381590992112
WMT,2024-11-19,2024-11-20,8.84,0.032874088850476824,0.008510963613881817,0.0398045669725724,0.08117166348197713,0.08037444193414123
WMT,2024-08-15,2024-08-16,3.76,0.05339252737059619,-0.00588537786838117,0.01652555045409776,0.08141208260771249,0.06299107374814517
WMT,2024-05-16,2024-05-17,14.24,0.0811846866981435,-0.008422377908601453,0.01131007102313586,0.009509663521656941,0.03170368369525711
WMT,2024-02-20,2024-02-21,9.35,0.02421026211974231,-0.010851048844871869,0.011504645371924305,0.011407516129352091,0.046514747367771836
WMT,2023-11-16,2023-11-17,0.39,-0.08746089725176032,-0.008019493767835062,0.0009550387558003859,-0.04997003971102121,-0.024357505117987843
WMT,2023-08-17,2023-08-18,7.88,-0.0012087824227760002,-0.009165757278231212,-0.00864615372607691,0.014842937434120795,0.04972546747397666
WMT,2023-05-18,2023-05-19,11.64,-0.005622736206803758,-0.00921141248685764,-0.02662502963660074,-0.019865095132607813,0.012033599795102878
WMT,2023-02-21,2023-02-22,12.88,0.00638841528050571,-0.02022544808482596,-0.018820897161298644,-0.016379892251345507,0.0025049052259460414
WMT,2022-11-15,2022-11-16,13.95,0.07221924028700966,-0.0003072972947936181,0.008771912433891416,-0.002737452268576801,-0.06483736849738986
WMT,2022-08-16,2022-08-17,10.02,0.05734025269052079,-0.006131804066707991,-0.0021886742863996833,0.04225755551526578,0.09146454263296744
WMT,2022-05-17,2022-05-18,-12.1,-0.153372016687095,-0.0213197434545499,-0.006383464439756015,0.0495501456651013,-0.01136420304485708
WMT,2022-02-17,2022-02-18,2.21,0.06109871599183603,-0.0004286396531072434,-0.026035635093281995,0.02268615748289382,0.015783530192135076
WMT,2021-11-16,2021-11-17,3.97,-0.035349359263348146,0.005198642228999351,0.02963123208163032,0.01753967549462032,0.0064175932345016395
WMT,2021-08-17,2021-08-18,13.17,0.006483263099268721,0.005225455412172009,-0.023094285861681718,-0.04549033968026561,-0.06339791419958829
WMT,2021-05-18,2021-05-19,40.06,0.03303080418815185,-0.007234617272730448,-0.018221008489594404,-0.05663481991631503,-0.03138495225287907
WMT,2021-02-18,2021-02-19,-8.0,-0.05417547781921861,0.002992935367959193,-0.036071527073403664,-0.04559315483915671,-0.05671677632450711
WMT,2020-11-17,2020-11-18,12.8,-0.0046275737572779585,0.016113468232403783,0.0004708129374593195,-0.06126939249423691,-0.11511566888650504
WMT,2020-08-18,2020-08-19,24.11,-0.021512251966396723,-0.01700972169134729,-0.0435759868813026,0.03644554758935559,0.06789850318415214
WMT,2020-05-19,2020-05-20,8.48,-0.023854391305714207,0.003237460606038467,-0.03437111439172269,-0.10947721661956111,-0.07806034661520922
WMT,2020-02-18,2020-02-19,-3.84,-0.003973320530907487,0.004193737175712697,0.04618836616366895,0.3322929475997959,0.21083896808969926
WMT,2019-11-14,2019-11-15,6.36,-0.026143421874258554,0.010871571639359257,0.006783934051466711,-0.0061307121316658275,-0.09396204681881393
WMT,2019-08-15,2019-08-16,4.3,0.046500101803030214,-0.004790665212879297,-0.005268666362378882,-0.01632109420692185,-0.018894732785509127
WMT,2019-05-16,2019-05-17,10.82,0.007075701344748664,0.01315620352174074,0.028651000088288137,0.06994302491763449,0.0417310692158841
WMT,2019-02-19,2019-02-20,5.67,-0.004849534838840541,-0.0013497502210086942,-0.020558600708535435,-0.02283376017894312,-0.012727895001001466
WMT,2018-11-15,2018-11-16,6.39,-0.05088595167502252,0.007599819018738185,-0.0032403728123125974,0.005558049561617984,0.009914716245573274
WMT,2018-08-16,2018-08-17,6.0,0.07293080670450003,-0.02104648596825498,-0.038231950937222425,-0.045980083530674176,0.10100915695120882
WMT,2018-05-17,2018-05-18,1.51,-0.02556709214394204,0.002882994714030529,-0.017130239465510733,-0.03150447775283716,0.04148626671668554
WMT,2018-02-20,2018-02-21,-2.96,-0.11534681576330252,0.012362185577255547,-0.02242395119287166,-0.03616815173843235,-0.07675135647310627
WMT,2017-11-16,2017-11-17,2.81,0.07951227997775501,-0.0016044434611115488,-0.017912090503114375,-0.03571095443970185,0.00043402926476399095
WMT,2017-08-17,2017-08-18,1.21,-0.003492630413580722,0.004260825638543908,-0.016196362676831888,-0.025288420150924695,0.0776313894946794
WMT,2017-05-18,2017-05-19,3.83,0.038029905612891435,-0.007870455594362391,-0.022391664335294825,-0.07316573744482491,-0.0076132550284195855
WMT,2017-02-21,2017-02-22,0.96,0.028670665263951456,-0.00625520046775252,-0.032384121389341325,-0.009006193453844458,0.09010578421306947
WMT,2016-11-17,2016-11-18,2.2,-0.04281338444555238,0.004558166411444686,0.029601476484906408,0.013570631915192477,-0.06855914050886747
WMT,2016-08-18,2016-08-19,4.23,-0.0024237614589430745,-0.0014647870391885087,-0.01721616137458526,0.008652441153493173,-0.027947355293528875
WMT,2016-05-19,2016-05-20,10.87,0.10342426616121259,-0.003790314651592852,-0.01037517679088662,0.0010048838900500456,-0.015684806232141302
WMT,2016-02-18,2016-02-19,2.22,-0.01737051470246409,0.0005228883505956627,0.012517473659796607,-0.026887987049045714,-0.04641089331793591
WMT,2015-11-17,2015-11-18,1.21,0.03775207699800576,-0.0029125808463350555,-0.01415107014317385,-0.005355463046985309,0.16453926726618107
WMT,2015-08-18,2015-08-19,-3.95,-0.03566800809965465,0.018839476428064272,0.01198941415559085,-0.018558347349845072,-0.15786876749818135
WMT,2015-05-19,2015-05-20,-1.44,-0.04926801889589294,-0.0001460850661112456,-0.011992811220693622,-0.03800155357685997,-0.028397311515917734
WMT,2015-02-19,2015-02-20,4.97,-0.028344105445830436,0.0037002628560937056,-0.001643564562575306,-0.007160485692974228,-0.05355214524018015
WMT,2014-11-13,2014-11-14,2.77,0.046102003463102115,0.006716062290069269,0.00842426174584432,0.040623941460380286,0.012542320700026588
WMT,2014-08-14,2014-08-15,0.01,-0.006272448834159783,-0.0003950495960469702,0.007033193135850935,0.009189470021995216,0.027891090590629997
WMT,2014-05-15,2014-05-16,-4.53,-0.016629482208439406,-0.008863063868612797,-0.030409908853955003,-0.0548673499288348,-0.06395165385596002
WMT,2014-02-20,2014-02-21,0.87,-0.027866881173289615,-0.0024010879903404447,0.008557711177233696,0.030439312903688176,0.030113727447951932
WMT,2013-11-14,2013-11-15,1.05,-0.005306989076300672,0.0034992471339081455,0.003227162895516056,-0.008359528362775315,-0.06514469120104804
WMT,2013-08-15,2013-08-16,-0.14,-0.012727816003871517,-0.0007597598660660232,-0.01380453331256204,-0.017975030171597073,-0.008382021127160577
WMT,2013-05-16,2013-05-17,-0.46,-0.029854951729389567,-0.005975684251059654,0.002572874528431246,-0.022522726728030906,-0.028346244946369725
WMT,2013-02-21,2013-02-22,6.44,0.01356024464095773,0.019594293611911562,0.0175854592755742,0.03293906308836214,0.009254388577362826
WMT,2012-11-15,2012-11-16,0.66,-0.049233018178022836,-0.0056868011146233854,-0.0066830061529481455,-0.03142134433968846,-0.07787397203172985
WMT,2012-08-16,2012-08-17,0.66,-0.04176921876133177,0.004236320866301435,0.006379619867448061,-0.004290608074836166,0.029409090766118418
WMT,2012-05-17,2012-05-18,4.41,0.07800135933609986,-0.007416837976478297,0.027941803640787688,0.049857124149781606,0.10110667002537799
WMT,2012-02-21,2012-02-22,-1.06,-0.05931420511417107,-0.005435182523746307,0.000913413117668016,0.00511873953849995,0.1005857409133063
WMT,2011-11-15,2011-11-16,-0.83,-0.026527768461825918,0.01675851139228135,0.05990090261516179,0.04410757212647831,0.008151550756863246
WMT,2011-08-16,2011-08-17,1.18,0.03928845352689314,0.04777405834465054,0.048592187774761264,0.0039148745622377135,0.0834113274663486
WMT,2011-05-17,2011-05-18,2.72,-0.024482266667232744,0.0030552039882056903,0.0034261197658812526,0.009957244398053122,0.024628090728867957
WMT,2011-02-22,2011-02-23,2.29,-0.016343175104305163,-0.017038541485165593,-0.021439297647096733,-0.013304655796246734,0.02810402642552079
WMT,2010-11-16,2010-11-17,-0.19,0.011743264610990845,-0.010812749834382629,-0.012285083992674473,-0.034215294070953695,-0.10980239305988548
WMT,2010-08-17,2010-08-18,0.4,-0.0052063019486121576,0.0016676307279004376,0.04863400524461692,0.015332619006504178,-0.04544146234283741
WMT,2010-05-18,2010-05-19,2.27,0.025097853505018586,0.004954134672103483,-0.01586803590545638,-0.03413179578720804,-0.017969076664378303
WMT,2010-02-18,2010-02-19,4.35,-0.01852424498161387,0.006176144254792071,0.014441483838247393,-0.007338575122010527,-0.03239872158334767
WMT,2009-11-12,2009-11-13,3.85,0.009152607168606997,-0.015255268354685048,0.022035457163569916,0.0009541396589005657,0.011059031076242398
WMT,2009-08-13,2009-08-14,2.99,0.025440647270937977,0.020357553875260836,-0.029931824215899572,-0.07177382934372689,-0.08823547779064489
WMT,2009-05-14,2009-05-15,-0.3,-0.03791632080334961,0.008352876784680774,0.01935169985070706,-0.040794091830120394,-0.09132270524497565
WMT,2009-02-17,2009-02-18,6.29,0.11964563890265567,0.019755565705788958,0.011530980324698237,0.003102466196888809,-0.14695869487441282
WMT,2008-11-13,2008-11-14,1.46,-0.007612102028221823,-0.0037974469474350014,0.08595240055768971,0.029389225080515224,-0.056607686982843686
WMT,2008-08-14,2008-08-15,2.7,0.01329799840852286,0.004579399109441273,0.005174370215698221,0.11550411402956684,0.21369927739277017
WMT,2008-05-13,2008-05-14,0.66,-0.007853101922546513,-0.01824747171359109,-0.029549695237317763,0.07379046399421518,0.08352347270350036
WMT,2008-02-19,2008-02-20,2.16,-0.000512259695558237,0.010124465362231105,0.017886657173056042,0.0677931678478293,0.10581296492055525
WMT,2007-11-13,2007-11-14,2.99,0.04601058901319166,0.007758521456371681,0.005087017146823802,0.03440225391711427,0.16629798847369814
WMT,2007-08-14,2007-08-15,-5.82,-0.029014493845942124,-0.0024326841236441687,-0.028916589086182665,-0.06088296819270178,-0.040486211183313525
WMT,2007-05-15,2007-05-16,0.49,-0.016326591345659502,0.0004955294457508197,-0.023557118081232953,0.03619834340500194,0.017807008811434044
WMT,2007-02-20,2007-02-21,3.33,0.02901884100390184,-0.00484976142852811,0.0013740498541469082,-0.02491624306308371,-0.08887843331911072
WMT,2006-11-14,2006-11-15,0.96,0.018970360597374336,0.002252598783215376,0.0009125740265338855,-0.0428645846121658,-0.03802417583283324
WMT,2006-08-15,2006-08-16,-0.88,-0.031503529812258235,0.0019577270837141114,-0.015542517168766978,0.06917214856879728,-0.025952867704909455
WMT,2006-05-16,2006-05-17,4.21,0.011487310264880035,0.013157622725504692,0.030766172960199012,0.04461004142017,-0.05158740973389209
WMT,2006-02-21,2006-02-22,0.89,-0.01702035575575056,0.006306689626130013,-0.008030140140598219,0.048926404834927606,0.06554584934787822
WMT,2005-11-14,2005-11-15,3.11,-0.00028813826889673155,2.1374208140523265e-05,0.004280879221093548,-0.019029940111705335,-0.09535721945641151
WMT,2005-08-16,2005-08-17,2.55,-0.024411382062088816,0.002842090780788231,-0.0245213822434196,-0.06699642205825151,0.027343095399934292
WMT,2005-05-12,2005-05-13,-2.37,-0.01728284155792492,-0.007422268362840878,-0.025114336282948013,-0.014316626982933567,-0.022894132667935496
WMT,2005-02-17,2005-02-18,1.57,0.009046284280632477,0.001211198696543514,-0.02304818303311562,-0.011370575595557764,-0.08636490202017588
TGT,2026-03-03,2026-03-04,12.97,0.06287988401989453,0.00790729239382959,0.00201805542564204,0.044096092667007536,-0.038947098014485704
TGT,2025-11-19,2025-11-20,4.09,-0.04334557820767282,0.037122851786891564,0.03564218918067463,0.1251637461512909,0.34416468454757054
TGT,2025-08-20,2025-08-21,0.82,-0.07211919489815577,0.007103356058560495,-0.023612618664793805,-0.13919262832252133,-0.12226669711649196
TGT,2025-05-21,2025-05-22,-21.27,-0.014723484055699121,-0.0012742724537544436,-0.021850208765209156,-0.016836731570823327,0.019853736361203245
TGT,2025-03-04,2025-03-05,7.05,-0.033563674853796854,-0.003782595360400043,-0.03812758938176908,-0.0636851267070937,-0.19813965663185207
TGT,2024-11-20,2024-11-21,-19.56,-0.22064953997990078,0.025027968324076832,0.07320737421252321,0.08223225155997282,0.016794645155574273
TGT,2024-08-21,2024-08-22,17.72,0.09947425070259353,8.750147962666155e-05,-0.02551044230935351,-0.03796195379128853,-0.08622761015298364
TGT,2024-05-22,2024-05-23,-1.24,-0.06282471938440981,-0.0009383055717377964,0.0786847241789177,0.0013297406811147994,-0.06622907369197484
TGT,2024-03-05,2024-03-06,23.52,0.15814375343845688,-0.02145082013021693,-0.051789320205934075,-0.017246352196019665,-0.1317357594134967
TGT,2023-11-15,2023-11-16,41.91,0.16950684376354874,-0.0016286806070278104,0.00043677465971625473,0.018226601755464644,0.004273404623645671
TGT,2023-08-16,2023-08-17,26.85,0.05536587102233814,0.007972900786340054,-0.047567084154671146,-0.07407425089567043,-0.18086096579324262
TGT,2023-05-17,2023-05-18,14.69,-0.039287951735323845,-0.010867593231354777,-0.07618094111708562,-0.18426703850999993,-0.2423428547401677
TGT,2023-02-28,2023-03-01,35.06,-0.018919775819579487,0.014021028650847311,-0.003754273424872112,-0.047041703232132304,-0.1818913099113605
TGT,2022-11-16,2022-11-17,-29.35,-0.08414986810027447,0.0008297197818674107,-0.012064209291683392,-0.07268177723356217,0.038395654597340956
TGT,2022-08-17,2022-08-18,-45.47,-0.03541259920118611,-0.021291565639272036,-0.01248724712583238,0.04344904689515727,0.06639682085250809
TGT,2022-05-18,2022-05-19,-28.53,-0.24111118960469846,0.01214242086213635,0.02297995048279966,-0.03555529217430364,0.07368413057246648
TGT,2022-03-01,2022-03-02,12.26,0.12290903758990734,0.00026526176813135294,-0.01564001144906746,-0.06384980811407304,-0.1998262562380244
TGT,2021-11-17,2021-11-18,7.85,-0.05478990032543829,-0.0035679785754036963,0.0011650627578250194,-0.09647371314092934,-0.12748914190393135
TGT,2021-08-18,2021-08-19,3.06,-0.026871489134920656,0.024600508316639402,-8.448549288098128e-05,-0.0015822373164731118,-0.006185673756808008
TGT,2021-05-19,2021-05-20,65.19,0.0662998753833004,0.015697443275197953,0.015502847015252286,0.037004462001589467,0.10665145638719675
TGT,2021-03-02,2021-03-03,5.2,-0.046118740107271794,-0.009455648192865485,0.007233763487058509,0.09839663763252027,0.21102673320528087
TGT,2020-11-18,2020-11-19,73.77,0.05896737540679953,0.01233284205594265,0.03255409111821561,-0.04180584031412227,0.02419865365193208
TGT,2020-08-19,2020-08-20,104.36,0.11311578033897385,0.005583131038323641,-0.04238655051972773,-0.00382222215717698,0.0070617281359783846
TGT,2020-05-20,2020-05-21,46.24,-0.04642091360911038,-0.01192595963038845,-0.00125749518592011,-0.03542782860365068,0.013846217799609262
TGT,2020-03-03,2020-03-04,2.11,-0.023566772186192297,0.016083255132769092,0.10228253931493558,0.09220200434285653,0.16216569075476273
TGT,2019-11-20,2019-11-21,14.28,0.15687777139826298,-0.0071592009790804045,-0.03370242495220943,-0.02704431682403663,-0.1596163749005327
TGT,2019-08-21,2019-08-22,12.6,0.23524771120980947,-0.0009303268897927763,0.014390605463838746,-0.021668900779729494,-0.006579646575423315
TGT,2019-05-22,2019-05-23,6.8,0.11864349699186427,0.025061362353546723,0.03757356615517027,0.056170738815615406,0.04927193743783831
TGT,2019-03-05,2019-03-06,0.84,0.06561741966887835,-0.0011274780814357621,-0.011598530289732567,-0.005987226803173762,0.05864441373604501
TGT,2018-11-20,2018-11-21,-2.1,-0.08710664044577132,-0.020898795108616253,-0.006231698708436539,-0.030920651551885392,-0.0036888118923177338
TGT,2018-08-22,2018-08-23,4.97,0.04323291593759082,0.0009009954420615696,-0.008861459017295736,-0.019399781601987076,-0.04321234821348596
TGT,2018-05-23,2018-05-24,-4.86,-0.060720975334663474,0.006188782901768941,0.023286875690290865,0.06025800060409736,0.13186638685645447
TGT,2018-03-06,2018-03-07,-0.45,-0.05154216797925215,-0.028358570576711872,-0.02015786832607125,0.03641475427990115,0.02089880777016906
TGT,2017-11-15,2017-11-16,5.42,-0.0864956558127179,0.05811126503590258,0.0074284648260565245,0.10052222396335031,0.3197682758152851
TGT,2017-08-16,2017-08-17,2.99,0.04644018636055358,-0.006811337023364117,-0.03773659424844811,0.03824397901183785,0.02710973202232214
TGT,2017-05-17,2017-05-18,32.32,0.03762714894798569,-0.0036381257208186746,-0.050270500498209136,-0.0874642723339989,-0.0357992082576466
TGT,2017-02-28,2017-03-01,-4.14,-0.14696543516690264,0.00837217000526791,-0.03516154557544471,-0.03293351714296244,-0.06522658969214412
TGT,2016-11-16,2016-11-17,24.91,0.06239612827636831,0.0030256190142272654,0.021023247925610722,-0.025539361117991266,-0.20745526768158173
TGT,2016-08-17,2016-08-18,9.63,-0.0727568872038965,-0.0010986859574177998,0.012554572122764562,0.0049390089923947444,0.021089354334066446
TGT,2016-05-18,2016-05-19,8.14,-0.0858095515272973,0.017541934758329214,0.002416036058507709,-0.010059550179839727,0.05679153621743005
TGT,2016-02-24,2016-02-25,-1.09,0.04650893378302379,-0.0007491584529228934,-0.008463281700227698,-0.001284685101922367,-0.1768791209428281
TGT,2015-11-18,2015-11-19,-0.06,-0.04735909467952304,0.00032487637815248327,0.036120919637159465,0.046816520189751354,0.11003938279608039
TGT,2015-08-19,2015-08-20,9.42,0.033104592344183725,0.0020841337973545038,-0.011794597279786823,-0.013297643825610606,-0.1068793945326677
TGT,2015-05-20,2015-05-21,6.94,0.01665943036030626,0.0011290538303131425,0.010171875837014177,0.05767699642464963,0.010738870151764668
TGT,2015-02-25,2015-02-26,2.93,0.0013798066765242645,0.00249595981836237,0.02125777519335692,0.0706047712532929,0.025838205136930803
TGT,2014-11-19,2014-11-20,14.95,0.05436463974069805,-0.0008559949175359627,0.03159148100265363,0.028652490323935353,0.05741354617115846
TGT,2014-08-20,2014-08-21,-0.25,0.025122059749685954,0.001226229049884786,-0.014997608161634202,0.03414928301497522,0.08706040019444838
TGT,2014-05-21,2014-05-22,-0.96,-0.02182913097702832,-0.009366692061884785,-0.0025461288860910702,0.002632748701997034,0.009179075841266426
TGT,2014-02-26,2014-02-27,11.04,0.06813613635473592,0.028463321594865976,-0.011380999858878527,-0.012877287958144468,-0.10404943458729854
TGT,2013-11-21,2013-11-22,-11.98,-0.05507231488678799,0.0019376202465380965,-0.013679134511295099,-0.043565106652235785,-0.13293975974544947
TGT,2013-08-21,2013-08-22,1.87,-0.057497512261163286,-0.0016601938452776022,-0.005585990003881602,-0.028248119136436767,-0.04828050712044685
TGT,2013-05-22,2013-05-23,-5.34,-0.02605742835180369,0.016137544072280297,0.0241758653123455,0.03580547186614025,-0.0011507634966978486
TGT,2013-02-27,2013-02-28,6.97,-0.02761637868728284,0.015285380287144212,0.024993760889316485,0.04922697733759174,0.017903176215670946
TGT,2012-11-15,2012-11-16,10.24,0.015009600871326523,-0.006237972390326307,-0.02401872012501438,-0.07116078781434587,-0.10937353967771557
TGT,2012-08-15,2012-08-16,4.97,-0.00016154793140432666,0.00226035470882735,-0.005028095127161403,-0.025083191862425247,-0.004078337837733814
TGT,2012-05-16,2012-05-17,2.09,0.013697358719851116,0.020418039278265132,0.03175571458227466,0.036947062255450414,0.06575272385074538
TGT,2012-02-23,2012-02-24,2.28,0.0358601061370305,-4.977208177359138e-05,0.02203488027915279,0.029451348981419656,0.048548105307322786
TGT,2011-11-16,2011-11-17,11.12,0.0213340345715326,0.007903085014257183,0.020086875151394734,-0.010415614450823618,-0.11904983812877268
TGT,2011-08-17,2011-08-18,6.7,0.06820254371111756,0.00211243265115324,-0.022171157511599482,-0.02681810652444483,-0.06384102443535355
TGT,2011-05-18,2011-05-19,4.54,-0.020987931412106198,-0.0039867263704153055,-0.005024708385518828,-0.022790595983050776,0.06277093126620281
TGT,2011-02-24,2011-02-25,-0.91,0.03178415250139688,-0.002567753161363928,-0.014617970063725894,-0.04255481245767623,-0.052114983803288606
TGT,2010-11-17,2010-11-18,-0.36,0.0180130273042145,0.015144980073031444,0.03732752136441475,0.01621702599789354,-0.13651351111408305
TGT,2010-08-18,2010-08-19,0.55,0.03868957186657629,0.009030190698049001,0.020899377119828144,-0.011863305443198024,-0.0750358738082666
TGT,2010-05-19,2010-05-20,3.33,0.016679418162997894,0.015147017366561544,0.01799268006543908,-0.027042078540271186,-0.05051411491514046
TGT,2010-02-23,2010-02-24,0.62,0.009969972509248803,0.0005697925199714682,0.00017782381392050794,-0.011988133461208195,0.06385495439394184
TGT,2009-11-17,2009-11-18,15.92,-0.04533147896425782,0.013658531478166536,-0.0018236041529428038,0.002066786561365941,0.06437145360540042
TGT,2009-08-18,2009-08-19,19.63,0.07639824540155504,-0.005420277652190775,0.020495056249240973,0.008326426534903675,-0.009805232542755782
TGT,2009-05-20,2009-05-21,15.55,0.012855137163223618,-0.018543542963054938,-0.09250450021868595,-0.08610939417731212,-0.11352119989795817
TGT,2009-02-24,2009-02-25,-2.3,-0.059285241472114,0.024598006377517856,0.05128046638386585,0.1372568736959905,0.344955977718334
TGT,2008-11-17,2008-11-18,2.09,-0.09060846084335639,-0.03904805752723739,0.08117698227119952,0.1437214248239982,0.06857229176253687
TGT,2008-08-19,2008-08-20,8.68,0.007107525605282827,0.01764099754113202,0.04687152096927405,0.16746974878540777,-0.013415878306379025
TGT,2008-05-20,2008-05-21,4.58,-0.012440155548814169,0.002504299550793121,0.012988635846486574,0.016108691165693023,0.03434311361883646
TGT,2008-02-26,2008-02-27,0.53,0.023190781243874747,-0.00865405189813373,-0.005262354400362712,-0.035615352596189975,-0.04506084439799607
TGT,2007-11-20,2007-11-21,-9.05,0.01817881617354289,0.03945436188050744,0.05988627737803531,-0.10804177570332707,0.025232079810688868
TGT,2007-08-21,2007-08-22,0.07,0.06208953015604601,-0.023807020317945904,0.006254611120968145,-0.00677727749422985,-0.13208811718677416
TGT,2007-05-23,2007-05-24,5.86,0.04544972685315107,0.00580236111215493,0.038352398419710054,0.0673983140650114,0.022958852780304517
TGT,2007-02-27,2007-02-28,1.49,0.012900646891933598,-0.007258366872310851,-0.005393953926948636,-0.03598534625663041,-0.09635324497460074
TGT,2006-11-14,2006-11-15,7.08,-0.0015614587630852217,0.004307340315627295,-0.00178403346118583,0.0053755914743967015,0.028057809309852022
TGT,2006-08-10,2006-08-11,0.8,0.06866859840126538,-0.005539748643174414,0.002493928401542611,0.034731468128590404,0.09279789822496753
TGT,2006-05-15,2006-05-16,-4.01,-0.05570394808861845,0.008257984870323809,0.030187875558412958,0.025429737896431326,-0.020023103707814238
TGT,2006-02-16,2006-02-17,0.92,-0.031460000847891134,-0.00948451819963092,0.016496550473079186,-0.030809016458891003,-0.09956973026081117
TGT,2005-11-10,2005-11-11,8.45,0.02222316034793481,0.00022317641665292598,-0.0645878510164738,-0.0941081817290289,-0.10159919793692651
TGT,2005-08-11,2005-08-12,3.71,0.020914435631232298,0.003898493519702173,-0.01536236519570855,-0.029223175849224514,0.02573891665155814
TGT,2005-05-12,2005-05-13,2.61,0.018981206673847617,0.0114962853041507,0.042439294326224175,0.05956697167517677,0.07415089082841941
TGT,2005-02-17,2005-02-18,0.56,0.03835399022045061,0.002421619413492615,0.0019560978208497115,0.008450648494915947,0.013972043390784172
COST,2026-03-05,2026-03-06,0.71,0.010027364620317836,-0.0015462470609275414,0.025356120045404107,0.037816095180721376,-0.17528495878456196
COST,2025-12-11,2025-12-12,5.49,0.019955002236640595,-0.025522252156611636,-0.033852143988870376,0.04434236599030217,0.156065872211686
COST,2025-09-25,2025-09-26,1.13,-0.03210677810458629,-0.0018060437286995246,-0.0117884346346262,-0.005638814921976598,-0.10851422760218365
COST,2025-05-29,2025-05-30,1.23,0.02386476844281815,0.010392887888604596,-0.0408075313105416,-0.09968559170155067,-0.1916274209398494
COST,2025-03-06,2025-03-07,-1.85,-0.06739146325171719,-0.004371269958899027,-0.0398614490176058,0.0704163574761758,0.057948563359730976
COST,2024-12-12,2024-12-13,6.43,-1.8290339728221916e-05,-0.000712041344147929,-0.017337684867616332,-0.05094362844477052,-0.01995572414308111
COST,2024-09-26,2024-09-27,1.41,-0.02760713277196647,-0.0029909586724818915,-0.0054764837348048045,-0.006923200683971009,0.029883769710788988
COST,2024-06-06,2024-06-07,0.43,0.014754578105509286,0.00017430281799568625,-0.004490392462175086,0.004607061233939724,0.01900344322498193
COST,2024-03-07,2024-03-08,2.02,-0.06552741097469361,-0.014962377610431843,0.0006943945783770555,-0.03577988584162761,0.10639253734134058
COST,2023-12-14,2023-12-15,4.83,0.024642111476957496,0.028405497026364968,0.010193451958621313,0.05581713289379975,0.04073397760499886
COST,2023-09-26,2023-09-27,1.76,0.023087250596954156,0.0032529169836190697,0.01793797713215395,-0.004076482482267441,0.06851877116382554
COST,2023-06-01,2023-06-02,-14.54,-0.022086140417319156,0.012958263906438394,0.004522649003146917,0.014563865088152328,0.007343797770166249
COST,2023-03-02,2023-03-03,2.25,-0.03106392627861687,0.015761677339410474,0.03655723500223729,0.0287388917005027,0.02765322254828928
COST,2022-12-08,2022-12-09,-1.98,0.0018731459135665762,-0.004769557049223883,-0.02367900920521282,-0.0010490887378036273,-0.0057164457573225524
COST,2022-09-22,2022-09-23,-0.08,-0.02907601240514357,0.03969540963450058,0.041856067525892215,0.008026772062106113,-0.05243013137460961
COST,2022-05-26,2022-05-27,4.95,0.02462086827173593,-0.004033130428965914,0.01198850135149565,0.07481827941345931,0.15543831834953115
COST,2022-03-03,2022-03-04,4.62,0.008327823633936027,0.03522614012012504,0.03165170407490936,0.04401131522960178,-0.06981220367417018
COST,2021-12-09,2021-12-10,12.55,0.05155992816210153,0.005995507146088541,-0.00040072579542860254,-0.06397903458246335,0.03450989966947038
COST,2021-09-23,2021-09-24,4.93,0.02027324360957139,-0.012510669910176131,-0.019734724732337283,0.009695897575161538,0.14612176486473905
COST,2021-05-27,2021-05-28,20.71,-0.02137482223358156,0.0007752167313274105,0.0005122728910595953,0.02728056340703766,0.12661463044464583
COST,2021-03-04,2021-03-05,-12.02,-0.02616949767257104,-0.013614235200683722,0.016364728347363355,0.07436652710354386,0.09697696218415697
COST,2020-12-10,2020-12-11,12.32,0.003663493386416583,0.0025571549925035297,-0.033753070955011455,-0.06750975980021223,-0.2010213728506658
COST,2020-09-24,2020-09-25,11.26,-0.024824491458977915,0.003940620225843627,0.02073884562693018,0.04160091881448302,-0.028439913579369147
COST,2020-05-28,2020-05-29,0.13,0.005436373218958845,-0.004625162386675097,-0.037783536040359555,-0.028917781468324355,-0.013796908151704645
COST,2020-03-05,2020-03-06,1.73,0.01991612269655485,0.04803097078014518,0.06546848618186518,0.0878506561325092,-0.05318943876025184
COST,2019-12-12,2019-12-13,11.02,-0.020838858336678756,-0.0012848938263911869,-0.005574211058727574,-0.009998210420966824,0.1751029199664862
COST,2019-10-03,2019-10-04,5.35,0.0011733544569285659,0.01027999661487844,0.013774292367441099,-0.022695214520931595,-0.08893276552356566
COST,2019-05-30,2019-05-31,12.97,0.006169276044972305,0.0087621671507504,0.023604442689838967,0.03342744613587234,0.11094995236522842
COST,2019-03-07,2019-03-08,19.04,0.0495314474671692,-0.006292795422290665,-0.004102141733516751,0.023187630350785415,0.05438068483108638
COST,2018-12-13,2018-12-14,-0.74,-0.07224698652326,-0.003708481522709639,0.009942812920237909,0.013796829341394368,0.04664739844644461
COST,2018-10-04,2018-10-05,0.68,-0.04829492384079259,0.02335244330552122,0.07839491502991447,0.10717035830291388,0.06465338000702325
COST,2018-05-31,2018-06-01,0.29,-0.01620378874112116,0.002806740178016298,0.01685620800765064,0.06413918021055065,0.10300118684504289
COST,2018-03-07,2018-03-08,5.17,-0.03460813021480358,-0.0018387133421624569,-0.004252945690452314,0.039351348561465604,0.06581608813033712
COST,2017-12-14,2017-12-15,0.91,0.019427840487203252,-0.008520527543609768,-0.035402705746102936,-0.05143683080782524,-0.0667425286595883
COST,2017-10-05,2017-10-06,2.91,-0.05392921573821863,-0.014135918371985468,0.015289519980636435,0.04348025087910168,0.14806103124442682
COST,2017-05-25,2017-05-26,22.69,0.02346147151139588,0.006828739557987906,0.014293515708344806,-0.11073723947320724,-0.12525653586001106
COST,2017-03-02,2017-03-03,-13.85,-0.0370587296251319,-0.01775496689948508,-0.025659126040798896,-0.00815550102578666,0.07918520762247838
COST,2016-12-07,2016-12-08,4.3,0.02801126642246987,0.007348903825967978,0.008617976965047625,0.009701599273006956,0.0008608683009336815
COST,2016-09-29,2016-09-30,2.48,0.02231808583496353,-0.007431793066772885,-0.0106984617770427,-0.0006483238693006932,0.013563879884037178
COST,2016-05-25,2016-05-26,1.23,0.04300883970195635,-0.00850778105282246,0.008868480461086792,0.06316532547423315,0.07545494045951506
COST,2016-03-02,2016-03-03,-3.19,-0.0012539984622441658,-0.007871238938442993,0.009578171745607822,0.002783845136266727,-0.07149992587607712
COST,2015-12-08,2015-12-09,-6.81,-0.02983282515383645,0.010818256489121936,0.005932838335109603,0.01214690295806875,-0.02429904807822103
COST,2015-09-29,2015-09-30,4.43,-0.012148360440828343,-0.0026783782957943147,-0.01715041458660793,0.0008538983743111572,0.04202077186221942
COST,2015-05-27,2015-05-28,1.35,-0.001302524404237726,-0.005362880687581284,-0.014057327241625117,-0.03977352081295449,0.0304487318452481
COST,2015-03-05,2015-03-06,14.73,0.029089410632677115,0.003479031893097284,0.006309170150045951,0.013733125071412555,-0.07499570780386977
COST,2014-12-10,2014-12-11,2.48,-0.0003523100639989396,-0.008801274456685326,-0.011623604954372757,0.009914114890098857,0.07243226336037645
COST,2014-10-08,2014-10-09,3.98,0.0277559126549336,0.015230399818623619,-0.008951468160960263,0.013586659526728218,0.0650788008014993
COST,2014-05-29,2014-05-30,-1.98,0.00878858516715808,-0.004072041752852362,0.005035829020779037,-0.025734328817844654,0.0054497239942026265
COST,2014-03-06,2014-03-07,-9.94,-0.028215851590797092,0.010134517150297562,0.01868158615127269,-0.01960036742393967,-0.007810218062901608
COST,2013-12-11,2013-12-12,-5.65,-0.0006661335883103581,-0.002509968130179785,-0.02080831049368992,-0.05470595522309185,-0.0799011301620578
COST,2013-10-09,2013-10-10,-3.81,0.008803671968901527,-0.0047140880514418,-0.0018140514172901856,0.0271442626215892,-0.0865530640428609
COST,2013-05-30,2013-05-31,1.04,-0.018680810214789068,0.005895824710115516,0.0004061045879333314,0.02191920062012276,0.002111918061670659
COST,2013-03-12,2013-03-13,4.38,0.01039924925782465,-0.01025443565686901,-0.006381542227323345,-0.0006009826872714896,0.010427277770791443
COST,2012-12-12,2012-12-13,2.02,0.0009679579927852622,-0.005788911563335719,-0.0036613224625603458,-0.011983191593655462,-0.04104618062550425
COST,2012-10-10,2012-10-11,6.47,-0.007422123948574222,-0.004553112647699642,-0.03739885890285255,0.01170484877282374,0.06703463381728914
COST,2012-05-24,2012-05-25,1.24,0.015328690187994098,0.013456588063095465,0.05490166347966852,0.07639354358646255,0.052520165712270916
COST,2012-02-29,2012-03-01,2.62,0.009200902283555967,0.003862309932043284,0.029847809430032957,0.0200984252460763,0.020419952000329644
COST,2011-12-08,2011-12-09,0.43,-0.03007574343962638,0.01198996721636203,0.007930926548409434,-0.09280167302659936,-0.04452284102089621
COST,2011-10-05,2011-10-06,-1.68,-0.06694730795041037,0.004422671869175776,-0.003322387359258716,-0.014339988930490266,-0.030220001011976638
COST,2011-05-25,2011-05-26,-4.86,-0.014595593405726692,0.005075528654766126,-0.017725399228595395,0.02102511182620015,0.07205351995742426
COST,2011-03-02,2011-03-03,0.7,-0.034749215095200126,0.011907118386833782,0.03872572112012951,0.01372820965544097,0.12335458922122644
COST,2010-12-08,2010-12-09,3.13,0.012244677353501432,-0.0025784916294466775,0.006924241844177503,-0.03792276414274598,-0.03744204410881036
COST,2010-10-06,2010-10-07,1.72,0.010571918324361218,-0.020472587434052003,-0.04541970353784608,-0.04835430688768505,0.012003733185906862
COST,2010-05-27,2010-05-28,0.28,0.020021659714170914,0.012188853930723997,-0.0057252647037950855,-0.015321267709246134,-0.011501271260921708
COST,2010-03-03,2010-03-04,-1.55,-0.013370939139630056,-0.016266882095197666,-0.03974885345407486,-0.06097091667528154,-0.013617575094422074
COST,2009-12-10,2009-12-11,2.27,0.0013436734546163898,-0.004311093365602536,-0.012243112819544488,-0.03334566470888067,-0.03177366368684842
COST,2009-10-07,2009-10-08,9.07,0.0016577633083965093,-0.005926752060730456,-0.023278833500748997,0.014148717502465713,-0.05826562307637917
COST,2009-05-28,2009-05-29,-0.82,-0.03824315506352438,0.00011062072168832593,-0.03996780799162558,-0.04163762642716928,-0.12358799996804493
COST,2009-03-04,2009-03-05,-8.68,-0.009646545436528986,-0.01640557832864964,-0.0645218838720929,-0.006209000664868736,-0.1261722291709717
COST,2008-12-11,2008-12-12,-2.78,0.0070279586032212515,0.0015748740359985414,0.008248313006586683,-0.07034073232428228,-0.08733356175367846
COST,2008-10-08,2008-10-09,-2.91,0.03444895601618403,0.01506387202648074,0.02846771626134359,-0.018124888926204896,-0.09023039687653522
COST,2008-05-29,2008-05-30,2.03,-0.033752716532085336,-0.0035493888790669725,0.027105339676241735,0.07193566612868874,0.024478823450589715
COST,2008-03-05,2008-03-06,-0.3,-0.02315359013585383,0.014630764142946395,0.030974217205506083,0.05710749477212218,0.10885813305551317
COST,2007-12-13,2007-12-14,-1.39,-0.009491168783515525,0.009596262056420835,0.011349513803005973,-0.009678286888508802,0.01047992961618438
COST,2007-10-10,2007-10-11,9.89,0.10011966871526379,-0.023440209404917867,-0.027689843748570087,0.015033788613617705,0.042172170139199716
COST,2007-05-31,2007-06-01,0.41,-0.00815447025927929,-0.00315077574752487,0.014755068195782428,0.059096702178609295,0.1289901360653526
COST,2007-03-08,2007-03-09,0.44,-0.04045836079296483,-0.014190321706129105,-0.01294817610179011,-0.021235158697711087,-0.0714456733923079
COST,2006-12-14,2006-12-15,1.21,0.0022003544158477606,0.004228452423956197,-0.017305461996516946,0.057593694996461275,0.0112435440001597
COST,2006-10-12,2006-10-13,3.21,0.051262405164972824,-0.005671924918157711,-0.02992002728626275,-0.017423345103922294,-0.003837083826459864
COST,2006-06-16,2006-06-19,-2.0,0.009152176580208171,0.02144093779469758,0.040680666216933226,-0.014936966202410473,-0.14167504003421816
COST,2006-03-02,2006-03-03,2.8,0.03019922996872504,0.00906588004695752,0.009728380433602024,-0.0003613627631926519,0.019811610208559705
COST,2005-12-08,2005-12-09,0.56,-0.01819368695274115,0.0017287389795357377,-0.0014202598797001809,0.004113853148815849,0.08200133602419757
COST,2005-10-06,2005-10-07,14.06,0.06378848592507702,0.008444135530877972,0.025826703003665297,0.05447199703679484,0.02991786304386146
COST,2005-05-26,2005-05-27,1.7,-0.009675799161424026,0.008169415883486186,0.01234216007124389,-0.00787587117623223,-0.05462759883944601
COST,2005-03-02,2005-03-03,-0.97,-0.04080879708412366,-0.013349253052183596,-0.0012799468638327038,0.004916891277343516,0.018040817849493407
MCD,2026-02-11,2026-02-12,2.22,0.03442036948870031,-0.014255354958643829,-0.02055988913450113,0.016427871742745626,-0.25661413699362456
MCD,2025-11-05,2025-11-06,-3.36,0.004627526295228335,0.0032042259058162603,0.028148574597888665,0.02627507690494868,0.06450937630169018
MCD,2025-08-06,2025-08-07,1.39,0.02377631272850378,-0.015786828156193478,-0.016709371145758878,0.00310027035084115,-0.10705872212563383
MCD,2025-05-01,2025-05-02,-0.02,-0.04609418109939856,0.017787398002400923,0.009783551353613418,-0.03779381510581703,-0.14400667578016757
MCD,2025-02-10,2025-02-11,-0.97,0.04650345085357399,-0.005191969542693742,-0.039247720851465884,0.047446405250722634,0.08009497598865012
MCD,2024-10-29,2024-10-30,0.88,-0.016345289933213603,0.02162724345876388,-0.010509279472311395,-0.020235854270987064,-0.039927932346906614
MCD,2024-07-29,2024-07-30,-3.18,0.0617832128771858,-0.02015781301840036,0.050210144520779876,0.05098551465812373,0.05743747243570074
MCD,2024-04-30,2024-05-01,-0.95,0.022254275187122974,-0.01354407705181071,-0.055301321934566494,-0.12596666208501184,-0.13349298634699647
MCD,2024-02-05,2024-02-06,4.39,-0.04099545433435958,0.001074818037526848,0.008439837909190118,0.003019102459194789,-0.060027354150481216
MCD,2023-10-30,2023-10-31,6.52,0.006751270217817851,-0.011427320467257807,-0.019993731896073674,-0.0176046412169375,-0.05784329090706808
MCD,2023-07-27,2023-07-28,13.66,0.004719486989747779,-0.004727004588623407,-0.0017147831210689857,0.0049566657839886785,-0.05238433854033275
MCD,2023-04-25,2023-04-26,12.55,0.008309626677996285,-0.0027904933727167514,0.009791829325613843,-0.029895843364771246,-0.10286582262634236
MCD,2023-01-31,2023-02-01,5.25,-0.04254217826093831,-0.026048873740792566,-0.01259148200885929,0.04230555750529741,0.10077603815801961
MCD,2022-10-27,2022-10-28,3.92,0.05147065528252792,0.0004481975541510419,0.03293365947499449,-0.02368513400936545,-0.038847800265186194
MCD,2022-07-26,2022-07-27,3.39,0.020160199058331996,0.00510986860640994,-0.021077599336643438,-0.02388364891593131,0.05515494767808915
MCD,2022-04-28,2022-04-29,4.67,0.02080315638981478,-0.01613356350708206,0.008103789544449791,0.0029638145534636173,0.06720680385989042
MCD,2022-01-27,2022-01-28,-4.8,0.00519992478662501,-0.004890676953227313,0.00022917338928385433,-0.02684867705770433,0.03164013241611474
MCD,2021-10-27,2021-10-28,11.93,0.03323024602176261,-0.0018254735103659936,0.01368126864986774,0.016952414014414385,0.07546813515097739
MCD,2021-07-28,2021-07-29,11.81,-0.013193626483266274,-0.0005119891176487146,-0.03366435729973105,-0.04170416268051691,-0.04910361226062099
MCD,2021-04-29,2021-04-30,5.35,0.016030502144327552,-0.0043593459246240585,-0.016802725572029997,-0.010370801167166932,-0.006201108803232325
MCD,2021-01-28,2021-01-29,-4.55,0.01564960116402392,-0.016212510636454347,-0.02486067509746115,-0.044582205400514496,0.005623324971268051
MCD,2020-11-09,2020-11-10,16.85,-0.02604215715003455,0.014604380431199715,-0.00597519208467534,-0.05207194384362268,-0.1099742543826484
MCD,2020-07-28,2020-07-29,-12.39,-0.030921263529747556,-0.0005098240978703705,-0.005955122968954951,0.020393399699551562,0.11052371898756652
MCD,2020-04-30,2020-05-01,-4.84,0.008063993933412728,-0.007082415029823097,-0.04195273970581692,-0.047638012110591266,-0.05920768997934367
MCD,2020-01-29,2020-01-30,0.04,0.025103696436797662,0.007935178195960235,-0.03453720918690317,-0.0003064514117248063,-0.01589188535505659
MCD,2019-10-22,2019-10-23,-4.4,-0.05033648936314772,-0.017647466980651894,-0.02585184128719864,-0.061814769085555166,-0.043426877525474916
MCD,2019-07-26,2019-07-29,-0.06,-0.002348282598573448,-0.009825816045168634,0.037443170924218894,0.053626555713591206,-0.06462889324619725
MCD,2019-04-30,2019-05-01,-2.42,-0.007955791310260474,0.004424804812127037,0.03454664660124385,0.06990640627705469,0.07677826369843199
MCD,2019-01-30,2019-01-31,4.07,-0.04336178474818553,-0.01200343181362451,-0.020354510988088603,0.0027995369569946416,0.016119748464588968
MCD,2018-10-23,2018-10-24,5.42,0.09956872544239725,-0.029442892925061526,-0.022550697006879172,0.03141016830618981,0.05715349183656271
MCD,2018-07-26,2018-07-27,3.31,0.0002453772937082155,0.012589552899074596,-0.015810719963010755,-0.009575161546741873,0.08306183575135062
MCD,2018-04-30,2018-05-01,7.2,0.03839659400466311,-0.010169298353665535,0.0008168195296875957,-0.038706065312372306,-0.11268525594885603
MCD,2018-01-30,2018-01-31,7.5,-0.02753002600812071,0.005575384155018792,0.018750198192437728,-0.03409037504628065,-0.018545143554501542
MCD,2017-10-24,2017-10-25,-0.35,0.004670999524482133,0.0013361837383913944,0.008438007507801881,0.01592979310558018,-0.028030090729848967
MCD,2017-07-25,2017-07-26,6.98,0.02821730658851407,0.0037406656247701564,0.0004703153072682653,0.026294490786812785,0.0312238258373847
MCD,2017-04-25,2017-04-26,10.14,0.04405755710815584,-0.0006256428567317229,0.012303166662376297,0.05221796560821912,0.05910193999392099
MCD,2017-01-23,2017-01-24,0.85,-0.013689862876537173,-0.0025423521875596045,0.012864092406550398,0.018037852755478534,0.07054822268374528
MCD,2016-10-21,2016-10-24,9.26,0.02240971598801722,-0.004133733448920207,0.002084734841287794,0.02773739831056088,0.02352486772379203
MCD,2016-07-26,2016-07-27,4.86,-0.06156658015708649,-0.0016565100409687838,-0.014833695260365376,-0.04472636828160592,-0.06017801405100709
MCD,2016-04-22,2016-04-25,5.63,0.0149984354107916,0.0004759364659145948,0.008874102621545421,-0.020183245823418017,-0.04977601674249987
MCD,2016-01-25,2016-01-26,3.95,0.018824264596784435,0.014537160483825695,0.029439512383711675,-0.04375541294634633,-0.051931396447443934
MCD,2015-10-22,2015-10-23,9.8,0.0699703384029775,-0.0011837096605273878,-0.005043676727031654,0.0030497491287868606,0.14981379712399956
MCD,2015-07-23,2015-07-24,4.51,0.0007764177072701051,0.005193454974979361,0.02710737424178844,0.05961225362367206,0.11406077022627159
MCD,2015-04-22,2015-04-23,-4.58,0.015009230892648162,0.015617432861633196,0.008147213441835,0.012423253032948889,0.002116506004689711
MCD,2015-01-23,2015-01-26,-4.39,0.000733654281995344,0.0010581708625784225,0.03747519049282133,0.016578813940168136,0.05866619706037102
MCD,2014-10-21,2014-10-22,-1.66,-0.019655635057373888,-0.010745534668261447,-0.00844543752268967,-0.0032285117500836513,-0.04712810711748294
MCD,2014-07-22,2014-07-23,-2.62,-0.029140181459358594,-5.082526227861983e-05,0.014648710037168167,-0.013575483260396481,0.008976174781096247
MCD,2014-04-22,2014-04-23,-2.28,-0.007610634855421905,0.005135272117276157,0.018110303360605817,0.02563880817597708,-0.053151111459802225
MCD,2014-01-23,2014-01-24,0.49,0.024611178129855582,0.0011067028616565944,0.0012158880214173662,-0.011730997626726136,0.005799201463871695
MCD,2013-10-21,2013-10-22,0.92,-0.006688647583219187,-0.0047782176425316125,-0.0002568721814417696,0.00942935819872126,-0.046299787961050054
MCD,2013-07-22,2013-07-23,-1.68,-0.03482744697405615,0.0026316681566088684,0.01989042249404316,0.008025540842712231,-0.030247699386792504
MCD,2013-04-19,2013-04-22,-0.11,-0.03858541629963064,-0.005878528233924207,0.008754525744285147,-0.0465465191229153,-0.06537020512623215
MCD,2013-01-23,2013-01-24,3.79,0.0019958535813786593,-0.001228042685229358,0.019279325659130375,0.004192468697496787,0.02310146717892181
MCD,2012-10-19,2012-10-22,-2.91,-0.030964395896089125,0.00833677256433607,-0.004289897289386668,2.723100886914409e-05,0.013051283561688498
MCD,2012-07-23,2012-07-24,-4.19,-0.019823848185805626,-0.0004505411477592203,-0.01346087402351892,-0.05323968998231421,-0.025249857510765805
MCD,2012-04-20,2012-04-23,0.09,0.00580892816578249,-0.0101059303687423,0.0012245178594156858,-0.005945022227226593,-0.03306039925768667
MCD,2012-01-24,2012-01-25,2.65,-0.024256388433291365,0.004626359989865825,-0.007685275660852198,-0.014780702794920275,-0.07158567811424899
MCD,2011-10-21,2011-10-24,1.77,0.0022224901464762414,0.016835287850408442,0.009050179630629485,0.04939235636025874,0.05591982874270718
MCD,2011-07-22,2011-07-25,5.14,0.023164816777437647,0.0026009035075071907,0.018102057939298755,0.15357751445837786,0.10345322420351
MCD,2011-04-21,2011-04-25,0.73,-0.020256380822288644,-0.011068331564080047,0.00027225992699775325,0.08144579523942796,0.12932744108290395
MCD,2011-01-24,2011-01-25,-0.25,3.3737878586181935e-05,-0.007977776174112994,-0.038784182345629525,-0.018164003227880032,0.012277783708924739
MCD,2010-10-21,2010-10-22,3.68,0.010654373269955997,-0.0010482715894741812,-0.011113342720402541,-0.002515801657976935,-0.12257969391727241
MCD,2010-07-23,2010-07-26,0.97,-0.026607808874869132,-0.006542677239580463,-0.019505136249690413,0.07465129999446452,0.04254598774184637
MCD,2010-04-21,2010-04-22,7.17,0.008651128579948653,-0.004839032376463992,0.008220663595827515,0.06394177134734758,0.10173624599210251
MCD,2010-01-22,2010-01-25,1.28,0.015537372807450378,0.01560204821174871,0.019148688821600257,0.027849281299974438,0.02097656894386457
MCD,2009-10-22,2009-10-23,3.63,0.02024397586322324,0.006955476479274969,0.0280234095918237,0.06390170933808781,0.03353228413468834
MCD,2009-07-23,2009-07-24,0.2,-0.07285165284518536,-0.004919195138692212,-0.02583712288958917,-0.04668362174456875,-0.058564856981284885
MCD,2009-04-22,2009-04-23,1.49,-0.009577188344963572,-0.03301275467388409,-0.06036004201517631,-0.037927615514288915,-0.0580212179495494
MCD,2009-01-26,2009-01-27,4.79,-0.00846759333081315,-0.02221463145588798,0.01549734560410887,0.018335056770564684,-0.06340686442606247
MCD,2008-10-22,2008-10-23,7.51,0.05166359367177875,0.00537471074177176,-0.009076305129527285,0.12907965113628084,0.14139632331476604
MCD,2008-07-23,2008-07-24,9.73,-0.013655269514107893,0.0050354861143007135,0.013809967569279546,0.049254812441600127,0.18035943236190388
MCD,2008-04-22,2008-04-23,16.4,0.0063312874527878815,0.010807793806307808,0.011243748987360025,-0.011318623864912114,0.1171916998343221
MCD,2008-01-28,2008-01-29,3.27,-0.08349469162731915,0.012480766212448424,0.07398375324009276,0.07324971683380177,0.15923071114248555
MCD,2007-04-20,2007-04-23,0.81,-0.008507855770817585,-0.0039000435780017773,-0.008953954878030634,0.04437263778043943,0.025401780475656555
MCD,2007-01-24,2007-01-25,0.16,-0.03746736546116902,-0.0007140020830868066,0.01789970426339349,0.048631180021718956,0.08626425482712863
MCD,2006-10-19,2006-10-20,1.32,-0.0018302250801791597,0.011552232867842127,-0.00781994094560945,0.006891260785809372,0.05739819336883567
MCD,2006-07-25,2006-07-26,0.68,-0.01610616751389249,0.009073870014281726,0.023235735864326035,0.009989429006434625,0.10002225220328786
MCD,2006-04-21,2006-04-24,-0.55,-0.02169806063308244,-0.007842128484072064,0.007106809605288977,0.029800263931126225,0.05985742223024759
MCD,2006-01-24,2006-01-25,-0.12,-0.01730059989407673,-0.011783349137856058,0.0008465311690160071,-0.0068764810485164585,-0.05549380558230854
MCD,2005-10-20,2005-10-21,2.28,-0.022139826381483374,0.004213258249758267,-0.01998712863612051,-0.019576818154399378,0.014041683807145988
MCD,2005-07-21,2005-07-22,5.25,0.0004849280498839814,-0.007509755715840782,0.005814325195714121,0.08752323234845572,0.08863910414196385
MCD,2005-04-21,2005-04-22,-0.23,-0.011545831817064478,0.0007421746834646026,-0.02650773023289721,-0.001442730414098925,-0.04247870151515465
MCD,2005-01-28,2005-01-31,-1.75,0.0021888139883792235,-0.019005182369952633,-0.004123889847243989,0.003040150183628132,-0.051450082658633156
SBUX,2026-01-28,2026-01-29,-4.59,-0.017137985540530587,-0.017575554009817917,0.04698626288272445,0.06243096797840819,0.01617944536507765
SBUX,2025-10-29,2025-10-30,-6.51,-0.016165532249351022,-0.03070048112525403,0.0028189349710965317,0.049956704247683836,0.1267509371115063
SBUX,2025-07-29,2025-07-30,-22.49,-0.005821191444176366,-0.035058727445550275,-0.03799474562332428,-0.06792682933552807,-0.13456154016603517
SBUX,2025-04-29,2025-04-30,-15.23,-0.05258638055959508,0.01739746961233757,0.021309319828000994,-0.006674698867358719,0.026393769561255498
SBUX,2025-01-28,2025-01-29,3.46,0.08151212375427863,-0.0014992450980488847,0.029795398250962668,0.08800214616562119,-0.14166303702564575
SBUX,2024-10-30,2024-10-31,-10.61,0.0257522331096649,0.00775486013191129,-0.06360096507883206,-0.004426306332764973,0.054967198837358344
SBUX,2024-07-30,2024-07-31,-0.12,0.0254632101318788,-0.022272881497240604,0.024244016429691984,0.21636940169022156,0.19900362172229902
SBUX,2024-04-30,2024-05-01,-15.19,-0.13821410052103533,-0.002771087635974334,-0.04628406326633294,0.021571689497804636,-0.07439631821878501
SBUX,2024-01-30,2024-01-31,-4.1,0.008869186183545374,-0.009433212773358735,-0.007011139959545387,-0.02594826169621789,-0.10150392286122956
SBUX,2023-11-02,2023-11-03,9.06,0.09523748395875953,0.011143119743611374,0.008332210977355148,-0.09458245724382575,-0.2153684668433673
SBUX,2023-08-01,2023-08-02,5.09,0.022245851991063437,0.004824404438429131,-0.011908562244285714,-0.025070564946386154,-0.007534243112099714
SBUX,2023-05-02,2023-05-03,13.12,-0.07450185548651345,0.0143935919576349,0.01711580945904112,-0.09109793192901705,-0.14427172918525244
SBUX,2023-02-02,2023-02-03,-2.57,-0.055504906919871644,0.013014160816375187,0.04234662769961994,0.030769404460577632,0.10276958716400175
SBUX,2022-11-03,2022-11-04,12.49,0.08212415897106284,-0.024914808301872537,0.007302287006946573,0.07198650391336159,0.08253832986939802
SBUX,2022-08-02,2022-08-03,11.13,0.018835480883595324,-0.0037929461475804116,-0.02230474121277337,0.015316261331500436,0.06216930593547754
SBUX,2022-05-03,2022-05-04,-1.02,0.048013016713046586,-0.015412706754067251,-0.057215454823851264,0.006857880095012647,0.08587132308701095
SBUX,2022-02-01,2022-02-02,-9.45,-0.022537596313965125,0.005189404422289656,-0.006554976672679458,-0.011375482500550538,-0.13603120465902685
SBUX,2021-10-28,2021-10-29,0.45,-0.07724242204275644,0.033445372162612674,0.08198989345802898,0.036785096700633124,-0.041995569245546815
SBUX,2021-07-27,2021-07-28,29.49,-0.023988492720520838,-0.004392500501821162,-0.03432616499724983,-0.07518383448825516,-0.09842695393385392
SBUX,2021-04-27,2021-04-28,16.61,-0.029862905690852037,0.01346711236034559,0.013561556211529213,0.00399730493304884,0.06773945197136011
SBUX,2021-01-26,2021-01-27,10.28,-0.027975968296925058,-0.005738972048886071,0.012314511214149615,0.040566634333045526,0.08959574162523265
SBUX,2020-10-29,2020-10-30,63.68,-0.002041705115441328,-0.02259304391075534,-0.029900617506375182,0.023723533426712518,-0.02738593924937982
SBUX,2020-07-28,2020-07-29,24.71,0.0066777467514314015,-0.006507386391732983,-0.0426826961712633,0.001192775812868252,0.09631249005878817
SBUX,2020-04-28,2020-04-29,0.89,-0.03277925657732861,0.007619453312616931,-0.020183802039110854,-0.005654269738372131,-0.10766457240024396
SBUX,2020-01-28,2020-01-29,4.08,-0.032297287053638324,-0.013393385107078104,-0.0047126683402010094,-0.0038772976366503453,0.004149345606045074
SBUX,2019-10-30,2019-10-31,-0.04,0.004715016690437501,-0.02522791253043921,-0.04685416666564168,-0.020859281477790814,-0.05140378860447581
SBUX,2019-07-25,2019-07-26,7.47,0.09143487630168612,-0.009176343406279597,-0.005231489223640806,0.01594486430130837,-0.1334700689563122
SBUX,2019-04-25,2019-04-26,6.13,0.009838221487008747,-0.00853933943550289,0.005634304948567648,0.024005882803863066,0.14132215465921316
SBUX,2019-01-24,2019-01-25,15.21,0.0009376884005856123,0.004768218292989457,-0.0009001027247195204,0.012855255737387328,0.03175108440107466
SBUX,2018-11-01,2018-11-02,4.01,0.09917057164059018,-0.003028933518069321,0.044952952108324284,0.027822085692440712,0.06554033844458829
SBUX,2018-07-26,2018-07-27,3.02,0.019386491819111673,0.00042986689174062676,-0.006211704724605971,-0.003093119902216168,0.15565121263561688
SBUX,2018-04-26,2018-04-27,-0.01,0.00014941667072831954,-0.005845917074972284,-0.009625956695426208,-0.02332066618002271,-0.17982036714099392
SBUX,2018-01-25,2018-01-26,1.48,-0.058694011208667574,-0.01009724548867541,0.0005547659998256238,0.02149478861360754,0.08097850809223872
SBUX,2017-11-02,2017-11-03,0.73,0.01259641851982396,0.008089913877144195,0.019418973973323927,0.03226361949723344,-0.09030467595845781
SBUX,2017-07-27,2017-07-28,-0.15,-0.06589939937120459,0.00019617542314842584,0.024641314682763982,0.020728253802193564,-0.032871664381639576
SBUX,2017-04-27,2017-04-28,0.28,-0.023024142361027233,-0.0005221882160060254,0.008014303352161134,0.04304086498898929,-0.06542411795141023
SBUX,2017-01-26,2017-01-27,0.03,-0.04133883197939758,0.0022816721182662425,-0.020503679225049587,-0.019230514188343983,0.044766572699597384
SBUX,2016-11-03,2016-11-04,2.08,0.001332056705827367,0.010928879226771215,-0.015366894577017343,0.03539894606199234,-0.07263438542983747
SBUX,2016-07-21,2016-07-22,0.63,0.005565996171193577,0.003579372178825646,0.0031430238446670256,-0.05380294176225764,-0.06816752453013408
SBUX,2016-04-21,2016-04-22,-0.05,-0.047495353067248836,0.003283019833593026,-0.012505435890934335,-0.03308491280980619,-0.05243726187827791
SBUX,2016-01-21,2016-01-22,2.21,0.013297149194769542,-0.009558206598171415,0.010244570268952868,-0.02417865911860051,-0.07480266584515993
SBUX,2015-10-29,2015-10-30,-1.03,-0.009919393395932397,-0.017105123419398516,-0.019736898849352036,-0.019337557744941503,0.03574531388481372
SBUX,2015-07-23,2015-07-24,2.58,0.02652748300886687,0.0004064641082234255,-0.0008473062286216138,-0.026237572985555846,0.08434516872262432
SBUX,2015-04-23,2015-04-24,3.72,0.06756134057345542,-0.014553977926901718,-0.02550553281665957,-0.01011613343862472,0.08221501524167829
SBUX,2015-01-22,2015-01-23,-0.38,0.07594320383431663,-0.003474596591746093,0.01911024928449445,0.03418549984603492,0.07342677900914296
SBUX,2014-10-30,2014-10-31,-0.45,-0.03072301479636186,0.00660132964134541,0.021182417732171555,0.05409920540819835,0.17623735788948114
SBUX,2014-07-24,2014-07-25,1.18,-0.0004233337965712236,-0.00523007953729171,0.004049452675870646,-0.022674346560785485,-0.015087463341263652
SBUX,2014-04-24,2014-04-25,0.84,0.021247535357979297,-0.010444761218648124,-0.02139796448656972,-0.010669745346334691,0.0370535052993064
SBUX,2014-01-23,2014-01-24,-0.31,0.04810441320499237,-0.005350567932585704,-0.04751141862808428,-0.06226590689651745,-0.10243539277900604
SBUX,2013-10-30,2013-10-31,0.97,0.025749420274219004,-0.010779075927456305,-0.019536345424033374,-0.021342176217819198,-0.12859605496692528
SBUX,2013-07-25,2013-07-26,3.21,0.09783486351806525,-0.009330284502756303,0.0009791218635524235,-0.001430502391463473,0.04992708576271698
SBUX,2013-04-25,2013-04-26,-1.17,0.0005605452095263086,0.0029690274750568957,0.011386893470804349,0.014883167076272574,0.0569322717856271
SBUX,2013-01-24,2013-01-25,-0.27,0.03726015384134573,-0.012708523680789008,-0.005709106288748211,-0.05153037111586034,-0.005443857094058702
SBUX,2012-11-01,2012-11-02,1.96,0.10613922060904013,0.0012948695294643375,0.026377932711663,0.023701724441368754,0.04344607281272417
SBUX,2012-07-26,2012-07-27,-4.71,-0.09355620821459065,-0.01242939314703384,-0.07982606387283764,0.009491442032146136,-0.08163194140370345
SBUX,2012-04-26,2012-04-27,1.99,-0.04341149856783233,0.00265945566698933,-0.008413945128545541,0.01199184593881919,-0.07724719483924336
SBUX,2012-01-26,2012-01-27,3.23,0.007256807685625977,0.016580288035603408,-0.01081152595662993,-0.029009397486160715,0.1712368011350378
SBUX,2011-11-03,2011-11-04,1.84,0.061076144432424595,-0.005310671131505851,-0.00600952407125499,-0.0017594061298387143,0.018656622687996727
SBUX,2011-07-28,2011-07-29,6.06,0.038464500882429364,-0.0029807461211385222,-0.012538349123182413,0.02380190198345178,0.08955388366504247
SBUX,2011-04-27,2011-04-28,0.9,-0.002143031851807864,-0.02078898948103214,0.008064100911350347,0.014447507303100404,0.11123346394325251
SBUX,2011-01-26,2011-01-27,15.21,-0.024773413166018998,-0.021895283976496205,-0.02636196617417763,-0.030105428904093623,0.08818438913404059
SBUX,2010-11-04,2010-11-05,16.1,0.037731762377524625,-0.005900156668339651,-0.0014929052976404567,0.06409667630007965,-0.021399936494122196
SBUX,2010-07-21,2010-07-22,0.81,-0.03309305039956234,0.00046679069364219394,-0.02070335632763476,-0.024673490001242082,0.019753418173941828
SBUX,2010-04-21,2010-04-22,17.73,0.0776229378772546,-0.006161179969458086,-0.022531559375490895,0.03248721632188423,0.0446472187601924
SBUX,2010-01-20,2010-01-21,18.1,0.033443668122041914,-0.010225417498737732,-0.03954636299633485,-0.008500411472752933,-0.021146468722353262
SBUX,2009-11-05,2009-11-06,15.38,0.07836332546290947,-0.023723004855008445,0.008007142382195465,-0.02137333201024516,0.033761990285545385
SBUX,2009-07-21,2009-07-22,25.08,0.16113467015682326,-0.02955788348621713,-0.0352036611614609,0.05332898724150059,0.03782625155341934
SBUX,2009-04-29,2009-04-30,5.78,0.04949093138767702,-0.05101975983848683,-0.07047010871467241,-0.06329379195072127,0.06502079589989784
SBUX,2009-01-28,2009-01-29,-9.09,0.05440801178253829,-0.0014188489219182365,0.049503472670064275,0.07379262462797775,0.3453521935472894
SBUX,2008-11-10,2008-11-11,-22.23,-0.009505507848153738,-0.02206390720592477,-0.1311954261038134,-0.04983286024481981,0.0949392112006241
SBUX,2008-07-30,2008-07-31,-11.6,-0.024369778929212438,-0.013096581595343548,-0.012990691420282752,0.061323598465707896,-0.03129291447182936
SBUX,2008-04-30,2008-05-01,-2.6,0.013109429825306718,-0.014174948401279752,-0.03415905491020921,0.09794902712460052,-0.02586130282894139
SBUX,2008-01-30,2008-01-31,1.91,-0.06382251275800888,0.00030611614603515136,0.004947157750260889,-0.023337756435526935,-0.19335055921193
SBUX,2007-11-15,2007-11-16,0.46,-0.03180497860200937,0.0009756398744209527,-0.009529406465971113,-0.12540332962227363,-0.14744118898654546
SBUX,2007-08-01,2007-08-02,-0.75,-0.003905728524533414,0.003085653177691605,0.056949213005973665,0.025797164558055474,-0.07358347896182149
SBUX,2007-05-03,2007-05-04,-2.43,-0.026827983742046202,-0.01160005358151217,-0.035108555705608446,-0.08198390101033948,-0.10065184160790941
SBUX,2007-01-31,2007-02-01,1.17,-0.01708725069449013,-0.005450765499169452,-0.031605398827190934,-0.09057079299740878,-0.1280322879666681
SBUX,2006-11-16,2006-11-17,0.66,-0.04263166931966911,-0.01847394454306217,-0.028781372218066092,-0.04725978262281294,-0.16144849676177275
SBUX,2006-08-02,2006-08-03,-1.09,-0.0798214164926242,0.0007345123541506737,-0.014016304643469146,-0.005209931037305271,0.16224062312267984
SBUX,2006-05-03,2006-05-04,12.87,0.025800003546085803,0.01282410503269893,-0.0548837489490831,-0.054217923590502815,-0.09513776089239712
SBUX,2006-02-01,2006-02-02,-4.0,0.08987906850452831,-0.01015214298563738,0.02682684051083617,0.019645583796865207,0.05118175345835985
SBUX,2005-11-17,2005-11-18,6.91,0.00512847328559074,0.024661518411832617,-0.003948878048217308,-0.020612589709377738,0.1195202267493869
SBUX,2005-07-27,2005-07-28,3.94,0.03547406537460773,0.004194951333742036,-0.025446744967535184,-0.03777100881141904,0.09189011227846355
SBUX,2005-04-27,2005-04-28,-0.83,0.05051713842035377,0.006196555003448401,0.04723638913435746,0.08530654490577882,-0.04415465456246226
SBUX,2005-01-26,2005-01-27,2.34,-0.022668907088228996,0.012634657230157664,-0.0782753103571382,-0.06913793025978077,-0.09974755228548815
HD,2026-02-24,2026-02-25,7.8,-0.019534757894920873,0.004276294674327552,-0.005630154565387957,-0.05890822451755784,-0.2333779757144433
HD,2025-11-18,2025-11-19,-2.45,-0.061154094938752124,0.008904586131726622,0.036959862699972756,0.04723329723431369,0.11519625024173497
HD,2025-08-19,2025-08-20,-0.31,0.02590400318405528,-0.006044434007883903,0.0028277005763555074,0.007228946493553767,-0.13470510350471532
HD,2025-05-20,2025-05-21,-0.81,-0.0023541478023784146,-0.013095447928705872,-0.01921197630824434,-0.07396969608228698,-0.03600342248761068
HD,2025-02-25,2025-02-26,-0.79,0.02554733295647893,0.01542381826603556,0.008732131906290075,-0.025947653603171084,-0.04010070316894432
HD,2024-11-12,2024-11-13,0.33,0.007275784598160473,-0.004467186028633163,-0.013639699195302613,0.0036766133631895848,-0.015940695092229507
HD,2024-08-13,2024-08-14,1.16,0.008831657563692863,-0.004740677272814242,0.010587556600971881,0.030958067936351474,0.031181971601522473
HD,2024-05-14,2024-05-15,0.57,0.005584871798451907,-0.01497881253640354,-0.051948676756721546,-0.01924540116103346,-0.011143143502690522
HD,2024-02-20,2024-02-21,1.63,0.009516721181736298,-0.00089484882756663,0.01881837234370387,0.01195504377874168,-0.11975769121022906
HD,2023-11-14,2023-11-15,1.35,0.04828547528397853,-0.006901535836762895,-0.008597998301132836,0.09954364789456083,0.06489012426245311
HD,2023-08-15,2023-08-16,4.68,0.028236459527137492,-0.00964580263128878,-0.028549846252913347,-0.02827225140920553,-0.12037160011645542
HD,2023-05-16,2023-05-17,0.52,0.007967903098923701,-0.00015979925413667218,0.005558665984528921,-0.025543702934324397,0.053388726017178145
HD,2023-02-21,2023-02-22,0.4,-0.0466809179840002,0.004839116548054578,-0.009061207521463666,-0.026917476082335634,-0.052563125958489776
HD,2022-11-15,2022-11-16,2.96,0.025197491470368538,-0.007959104637343062,0.003333202213301467,0.06130815513371146,-0.030965904100222597
HD,2022-08-16,2022-08-17,2.36,0.04059360761685882,-0.004594769302668444,-0.023757621593331057,-0.07538198446440558,0.03419193238891072
HD,2022-05-17,2022-05-18,10.83,-0.015951409970399233,0.01517152165302027,0.015358860916306671,0.029293163848056136,0.01101642414061299
HD,2022-02-22,2022-02-23,0.87,-0.08248195895633792,0.0004805457541232627,0.02356182764760928,-0.020966434592026184,0.012684873123877005
HD,2021-11-16,2021-11-17,15.29,0.06253738549982146,0.024462339335828975,0.040935697293396967,0.019647362397342882,-0.04704529328476603
HD,2021-08-17,2021-08-18,2.33,-0.022864083156813764,0.0026500604509851478,-0.014908620247670479,0.033277435806679856,0.08974554785977684
HD,2021-05-18,2021-05-19,26.58,-0.006159591977035528,-0.006146903539753001,-0.010824115337441098,-0.05801727791939526,-0.029709667231342163
HD,2021-02-23,2021-02-24,4.59,-0.06981469834615961,0.005939723717075185,0.016378594493360765,0.14075623613612787,0.15927314109726876
HD,2020-11-17,2020-11-18,4.77,-0.017491032974018328,-0.0001329982545217323,-0.0026010557649887023,-0.02391674334680549,-0.05927057630210175
HD,2020-08-18,2020-08-19,8.06,-0.016652310446202967,-0.01082036998875846,0.0014039902360425405,-0.0009111980231909511,-0.06983265331271171
HD,2020-05-19,2020-05-20,-7.82,-0.035725864014902076,0.018197677322112193,0.008837163136476534,0.002501699277438041,0.0454737061883439
HD,2020-02-25,2020-02-26,8.28,0.015429427992107447,7.124246000056456e-05,0.02028523846475383,-0.019227389910712933,0.07843889610975752
HD,2019-11-19,2019-11-20,0.13,-0.0711452106906224,-0.009075097414029343,-0.005649768272797839,-0.029299162041281912,0.01592822187530807
HD,2019-08-20,2019-08-21,3.02,0.05945989658308437,0.0031209731394222784,0.019205745461144508,0.011838437775429478,0.01647050540845174
HD,2019-05-21,2019-05-22,3.67,-0.016600114680109912,0.028575910262346627,0.03459408205629255,0.09028587569516433,0.06939673428927096
HD,2019-02-26,2019-02-27,4.11,-0.032069282138800115,0.009866403358703368,0.010944980433407636,0.03202945658122158,0.03815627165899449
HD,2018-11-13,2018-11-14,10.74,0.011314219209990206,-0.024555370552761024,-0.039750629327631404,-0.0005621116456020481,0.029898419663545894
HD,2018-08-14,2018-08-15,6.97,0.0003616097258076767,-0.0008746430101158609,0.010091411637381587,0.05311177931645483,-0.025874578274190707
HD,2018-05-15,2018-05-16,1.43,-0.021886883713143068,-0.00478835712289305,-0.0025579350105808807,0.05346439603022124,0.014339667594265082
HD,2018-02-20,2018-02-21,2.93,-0.009708233574481806,0.011869043510349231,-0.010240105184855963,-0.027404136903238174,0.006882064527283793
HD,2017-11-14,2017-11-15,1.0,0.008041817576585175,0.0037670274285692695,0.02688001304846588,0.07030540393714069,0.07333487947844008
HD,2017-08-15,2017-08-16,1.48,-0.014652549607415799,-0.0013549477138798949,-0.011051852099420612,0.040265003978107616,0.028057415462534374
HD,2017-05-16,2017-05-17,3.49,0.010761885483449363,-0.0065270856941122,-0.027295633916574524,-0.023551838122385593,-0.0422626849394786
HD,2017-02-21,2017-02-22,7.82,0.010672442977548435,-0.004394903465357314,-0.004968017381782763,0.024851757779438488,0.07203529021089583
HD,2016-11-15,2016-11-16,1.25,-0.02423816168537507,0.02358323388072403,0.0339266160582099,0.04857996450459989,0.05491076260894845
HD,2016-08-16,2016-08-17,0.16,-0.0033532910858573572,-0.012159120953871172,-0.005624577826292887,-0.04856649218935216,-0.045812865901209365
HD,2016-05-17,2016-05-18,6.62,-0.017334812174086056,0.003161254837915739,-0.010474294817575336,-0.04534756514611704,-0.02987703369437189
HD,2016-02-23,2016-02-24,6.03,0.030578129724428083,-0.002160676597419142,-0.030179863199331303,-0.014835470541337603,-0.007898352971998257
HD,2015-11-17,2015-11-18,3.23,0.03204492244697499,0.0033910584916077013,0.0612635571026674,0.061147178626000054,0.032554650667657836
HD,2015-08-18,2015-08-19,1.0,0.03634296414828053,0.002797157120877247,0.010895013015433164,0.006617181647699533,0.025281915986958614
HD,2015-05-19,2015-05-20,0.59,-0.01847227879331903,-0.0037152930058883538,0.0027758919556208905,0.0035395516930846194,0.08538439504485962
HD,2015-02-24,2015-02-25,11.92,0.03390391149302685,-0.006814324029399965,-0.006710558010167955,0.005814848629010716,-0.045353899651003116
HD,2014-11-18,2014-11-19,-1.61,-0.017726485616785026,0.007242753345529707,-0.0014509388540973056,0.038425355233993486,0.13407210161892968
HD,2014-08-19,2014-08-20,4.94,0.07775061333853128,0.001491980428621531,0.0056559990200955035,0.005314142429590163,0.0651296479918182
HD,2014-05-20,2014-05-21,-2.47,0.018587017477900147,0.006533349981230563,0.006178566985224787,-0.0026111257462011483,0.03831557834658539
HD,2014-02-25,2014-02-26,2.78,0.04950888130753628,-0.0019421284680904982,-0.0008779429189489374,-0.03415070270237508,-0.060362495907483105
HD,2013-11-19,2013-11-20,6.11,0.0062985793902210485,-0.007065482196068507,-0.003437732641150104,-0.009488574786105097,-0.06773133369493967
HD,2013-08-20,2013-08-21,2.63,-0.018403966878257072,-0.005453314507252616,0.021582028122248187,0.02060628827444022,-0.018401611513421567
HD,2013-05-21,2013-05-22,9.25,0.044160609758373215,-0.006894775051055846,-0.0025339549929614957,-0.029084775965709464,-0.054081777690848654
HD,2013-02-26,2013-02-27,4.25,0.04523777771708626,0.008440151490131886,0.018507647220405987,-0.0037585163367173102,0.07181791377745905
HD,2012-11-13,2012-11-14,5.43,0.021992409591248707,-0.0018865493730095828,0.01672663165871091,-0.029424491007189024,-0.026199852037848803
HD,2012-08-14,2012-08-15,3.92,0.039993303994058316,0.01644006142993648,0.02364558671432815,0.02543863141106062,0.13149657004773996
HD,2012-05-15,2012-05-16,1.38,-0.012709593247436812,-0.021051568933752263,0.0036008201575579157,0.07100235112533682,0.02858684559873481
HD,2012-02-21,2012-02-22,18.66,-0.00021047081556979652,0.0037481634446232537,0.014194943229701273,0.04048029681699328,0.049669452551699744
HD,2011-11-15,2011-11-16,2.69,0.0002806688603560481,0.010062340276959292,0.025722495959684344,0.06523037367799667,0.13031932642019584
HD,2011-08-16,2011-08-17,4.35,0.06985939667385144,0.0057048542149708,0.042020406452890624,0.018935544195457066,0.07745799484070659
HD,2011-05-17,2011-05-18,1.31,0.004195546132496286,-0.0042504957220345085,-0.007495102919023222,-0.01954983300168578,-0.06101554199147474
HD,2011-02-22,2011-02-23,18.04,-0.004573700657840463,-0.0036028378948793627,-0.018608997832826213,-0.0054470843926126555,-0.023144342085779535
HD,2010-11-16,2010-11-17,6.43,-0.0027597660825224857,-0.013421048311430095,-0.006045032906448311,0.09214932499993345,0.09379409954444728
HD,2010-08-17,2010-08-18,2.17,0.03992116035392579,-0.004779401638732139,0.016702842750093372,0.016900107994186175,-0.006118492967907008
HD,2010-05-18,2010-05-19,13.99,-0.01477904173413358,-0.005579678542169897,0.031180826675917483,-0.06872971464099253,-0.17380788940828407
HD,2010-02-23,2010-02-24,44.83,0.03735837318879609,0.0013541078201548817,-0.009846113245995491,-0.020383602964440195,0.08219227809423779
HD,2009-11-17,2009-11-18,15.59,-0.013559506767786278,0.0064350447344642125,0.019532328134059807,0.07387826797115449,0.1129001473349317
HD,2009-08-18,2009-08-19,8.26,0.007728919951173419,-0.01292156297618563,-0.0014600395966284374,-0.019614386883667567,-0.06914913644101106
HD,2009-05-19,2009-05-20,25.1,-0.07627362282577699,-0.02508326880202416,-0.0519488193403308,-0.02997645774590807,0.029561752130535357
HD,2009-02-24,2009-02-25,22.9,0.05577674900832097,0.03250995790901812,0.0028580869722536484,0.09339218835066498,-0.02772198505382284
HD,2008-11-18,2008-11-19,16.77,0.03444866594833296,0.011480473740370756,0.10014519653112952,0.1550326863096554,0.035203612137672535
HD,2008-08-19,2008-08-20,16.03,-0.030411916006421458,0.02137883945521124,0.03797674520396721,0.10528176433433734,0.14440200929141733
HD,2008-05-20,2008-05-21,11.29,-0.04231105070596031,-0.0008856341976845039,0.025307618353477945,0.054061531851408384,0.09296676118613834
HD,2008-02-26,2008-02-27,-6.98,-0.003358198511052235,-0.03174155344075669,-0.04260741695211456,0.00459083343834743,-0.07505626237909069
HD,2007-11-13,2007-11-14,-1.28,-0.007599062539453527,0.012702008048925073,0.006805138963557611,-0.04943727654615793,0.06669263963378658
HD,2007-08-14,2007-08-15,4.36,-0.024498106910441075,-0.02370316671224859,0.0024909832179229596,0.018503888711346006,-0.17073777997645512
HD,2007-05-15,2007-05-16,-10.75,-0.023515051921911057,0.00015532850745980653,0.005144444640253765,-0.01782815877970212,-0.01719536273653499
HD,2007-02-20,2007-02-21,-1.24,-0.005093899458130435,-0.002152079450018385,-0.006810415829174188,-0.04196162293495875,-0.10776516509566436
HD,2006-11-14,2006-11-15,-2.93,0.0231254208398175,0.0024795821017127295,0.006331259363873798,0.046725726102353926,0.07021301885121312
HD,2006-08-15,2006-08-16,1.09,0.01690566763831347,0.003832413533920276,-0.02510100080328148,0.06402597157280465,0.002693898117505311
HD,2006-05-16,2006-05-17,4.4,-0.041018213608123744,0.015569084474137074,0.0053605358162817085,-0.007130384550270374,-0.1268713072784453
HD,2006-02-21,2006-02-22,6.57,-0.003093378430534255,-0.005693365560932584,0.016179403184754415,0.026709829368743554,-0.0597641287425239
HD,2005-11-15,2005-11-16,6.04,-0.006369427976666842,-0.002682295494966569,-0.022273002021814925,-0.021271888444841736,-0.0636838586103351
HD,2005-08-16,2005-08-17,3.27,-0.010709716812898229,0.0020521248399818504,-0.00913269184419696,-0.012210337604225185,0.016488505953223376
HD,2005-05-17,2005-05-18,3.26,0.04798698371717025,0.0043340333590433655,-0.01602317752823923,-0.009386738876489442,-0.00033801240589692583
HD,2005-02-22,2005-02-23,-1.01,-0.04621401297356187,-0.009884242951480826,-0.00861254115906962,-0.03252490732745916,0.009766939265629437
LOW,2026-02-25,2026-02-26,1.93,-0.05380787454658942,0.005482746004060068,-0.02502121980109684,-0.04568422214333401,-0.2674793168723657
LOW,2025-11-19,2025-11-20,3.61,0.05178952315202645,0.01569217780986043,0.014214046810287151,0.006492553141879798,0.1711974904314142
LOW,2025-08-20,2025-08-21,2.18,0.003888728767923122,0.01624889494976589,-0.013643975184928214,-0.009831875389268774,-0.1645334307197076
LOW,2025-05-21,2025-05-22,1.4,-0.015969407666974855,-0.0051519472264477395,-0.001955625827321894,-0.05545159522931731,0.051317791677660374
LOW,2025-02-26,2025-02-27,4.84,0.028295835888488496,-0.0028153751146442474,0.01294550594246513,-0.026497789315253706,-0.087583846412993
LOW,2024-11-19,2024-11-20,2.77,-0.03615532385886078,0.0029578594338020014,0.024520059321649246,-0.06292074184065322,-0.09620053413526453
LOW,2024-08-20,2024-08-21,2.58,-0.00525883299335006,-0.0006506499831234747,0.031245678710028146,0.05838636939656028,0.05854769073657806
LOW,2024-05-21,2024-05-22,3.64,-0.034649131907630304,-0.009201963813989966,-0.012013797597869136,0.00271336850655457,0.0455699510143559
LOW,2024-02-27,2024-02-28,5.25,0.031802388799479164,0.004235835533789478,0.0028215887991560606,0.02423327602168457,-0.12706735235077193
LOW,2023-11-21,2023-11-22,0.94,-0.030825816241751625,0.0023572870925887557,-0.0012692060902141922,0.08324262896829504,0.0562917880742253
LOW,2023-08-22,2023-08-23,1.79,0.035720656522506555,-0.00471557826964597,-0.0042791851276660076,-0.050139602433905806,-0.12425060219721984
LOW,2023-05-23,2023-05-24,6.51,0.02074916586356279,-0.021378984820460967,-0.024677276720321828,-0.000805780846901305,0.0009128275548009324
LOW,2023-03-01,2023-03-02,2.94,-0.05567323581161676,0.007693415151340144,0.03595676368894962,-0.031236855907946337,0.003966579961549144
LOW,2022-11-16,2022-11-17,5.74,0.008558503263500494,0.00280114379529528,-0.008188484133377472,0.012516758261411964,-0.0177701203061722
LOW,2022-08-17,2022-08-18,1.73,0.01518735208294919,-0.010167783359039118,-0.005869300385150766,-0.01869275887749966,0.035672859276993596
LOW,2022-05-18,2022-05-19,8.67,0.014390076312256861,-0.017310538303475953,0.00013075760966763106,-0.02538386081394961,0.03817438370782722
LOW,2022-02-23,2022-02-24,5.23,-0.0025424008564185474,0.004972983016489518,0.04300529174135459,-0.028086775049981805,-0.04361381773003303
LOW,2021-11-17,2021-11-18,16.06,0.009662966246457128,0.010438729305999428,0.02416001912317267,0.02042128079604133,-0.027927513955335437
LOW,2021-08-18,2021-08-19,6.12,0.12095761668797911,0.019783540016402812,0.0005540028703525657,0.02507209297586188,0.1049987846592153
LOW,2021-05-19,2021-05-20,24.08,-0.004683771893547073,-0.004041489342520577,-0.00779510530560823,-0.036164446522643834,-0.07530330141600294
LOW,2021-02-24,2021-02-25,9.87,-0.04638879645694283,0.01291175513413878,-0.015239190420200499,0.14550249530607262,0.12890257615050338
LOW,2020-11-18,2020-11-19,1.22,-0.05630566507212209,0.009053360975928793,0.017427638174874138,0.05464675572676714,0.09166292167685719
LOW,2020-08-19,2020-08-20,27.26,0.00530629267635796,0.016253479060907683,0.019035912838259117,0.028227258696058688,-0.05527707054353437
LOW,2020-05-20,2020-05-21,34.48,0.02229094325637271,0.011446385409494164,0.04847481404733367,0.05806458139206416,0.16714444232707337
LOW,2020-02-26,2020-02-27,2.8,-0.043542645219730836,-0.005555026599586399,-0.017567689432644418,-0.06440247463825843,0.14366496498211034
LOW,2019-11-20,2019-11-21,4.32,0.03724398316886579,0.00785969497010175,-0.010542622155270909,-0.015636422326007926,-0.004834682953504421
LOW,2019-08-21,2019-08-22,7.29,0.0973142067439412,0.009323108571204441,0.040205709207087326,0.0009272361083485503,0.0019368673383326485
LOW,2019-05-22,2019-05-23,-8.2,-0.131461904987353,0.0037444431156610225,0.008315505765757125,0.016609137456828682,-0.03311299099179288
LOW,2019-02-27,2019-02-28,1.37,0.002862335048876563,-0.016996367247334665,-0.028509235812354983,0.019490553846894798,-0.10781710973625724
LOW,2018-11-20,2018-11-21,6.36,-0.017460063779935364,0.00034165858011259154,0.020847625406527515,0.07820220721722992,0.1472336858494705
LOW,2018-08-22,2018-08-23,2.45,0.07621414262406057,-0.009285182733010489,-0.008968204981591121,0.06411461286229603,-0.08759581718178955
LOW,2018-05-23,2018-05-24,-1.82,0.12455052197747563,0.004455657130603696,-0.009772295737511483,0.006295405084971506,-0.02128732366052577
LOW,2018-02-28,2018-03-01,-15.4,-0.05721745301160952,-0.03494184397804678,-0.044371820527723815,0.010671944196301353,0.08392414352138422
LOW,2017-11-21,2017-11-22,2.34,-0.02897589620592289,-0.006331973590598783,0.027677117518619898,0.1050269197969258,0.15801789488289764
LOW,2017-08-23,2017-08-24,-2.95,-0.03642936787309503,0.00785525324699421,0.0032836423021924688,0.049989717091475816,0.04837714346518518
LOW,2017-05-24,2017-05-25,-3.1,-0.01938929135211276,-0.004957290641734002,-0.02361672829436201,-0.07524594904352122,-0.09651593804691383
LOW,2017-03-01,2017-03-02,9.61,0.07346895504021944,0.01529118024501952,0.015495279159229769,0.027628071833100232,-0.008269326861718662
LOW,2016-11-16,2016-11-17,-8.23,-0.01918393668368812,0.022252589843692494,0.05114068764789326,0.0400477987074872,0.05834406233577938
LOW,2016-08-17,2016-08-18,-3.26,-0.06610740049399444,0.019648045422370752,0.018906996084897876,-0.05153995256621857,-0.07701098518726657
LOW,2016-05-18,2016-05-19,2.64,0.05299553755525832,-0.006818404109452891,-0.021414965157115384,-0.034652780183866416,-0.053067030878020116
LOW,2016-02-24,2016-02-25,-0.3,-0.004960881720613042,0.008123649164525903,-0.00377930347823896,0.0442328165540935,0.10978164037103144
LOW,2015-11-18,2015-11-19,1.59,-0.0075777461284018965,0.028784990206427885,0.04897942161231961,0.0420061760185616,-0.00010402523686592335
LOW,2015-08-19,2015-08-20,-3.14,0.030812921960508888,0.001816239293998323,-0.03325677307740249,-0.031398572554121595,-0.0366768339204534
LOW,2015-05-20,2015-05-21,-5.03,-0.04550309575481626,0.014321568200182044,0.02938939291724918,0.02627710211093326,0.06793845410480082
LOW,2015-02-25,2015-02-26,5.97,-0.005338673569405095,0.003271580690220599,0.010560605687133018,0.007836556740182798,-0.07066746592087925
LOW,2014-11-19,2014-11-20,1.16,0.06648682078595969,0.007943994531567133,0.01454479321951041,0.0614832833189094,0.13492453568443352
LOW,2014-08-20,2014-08-21,1.45,0.016725827553359274,-0.0011045401741092142,-0.005675839464900134,0.016242665302878212,0.08855599940133718
LOW,2014-05-21,2014-05-22,-3.23,0.01921945890358523,-0.00038274932819204466,-0.012246295796099815,-0.05699945066741641,0.03515302956526489
LOW,2014-02-26,2014-02-27,0.85,0.0510274708855627,-0.018074316769358778,-0.02706455109011041,-0.04257504259585454,-0.09931051603417174
LOW,2013-11-20,2013-11-21,-2.52,-0.049324747821781534,-0.011226250811823824,-0.02099662043383199,-0.019421765282005232,-0.057165120949343895
LOW,2013-08-21,2013-08-22,11.02,0.07219163774322768,-0.012024057313819725,-0.009087105764689518,-0.02357751710472522,0.007033825487767764
LOW,2013-05-22,2013-05-23,-3.6,0.01594212159384456,-0.00032452425578366473,-0.001498175081535269,-0.04007904711807386,0.025973003957359353
LOW,2013-02-25,2013-02-26,12.95,-0.016358919697827323,0.018011328680009875,0.030843001807539183,-0.0012106551146278122,0.0683423288244096
LOW,2012-11-19,2012-11-20,13.94,0.056556479486414846,0.0010349941007541386,0.022007779372469338,-0.01748198380014543,0.0401234904287997
LOW,2012-08-20,2012-08-21,-7.49,-0.0487148192749528,0.030223983360473827,0.05626652465363158,0.08471388729359575,0.24883641176275506
LOW,2012-05-21,2012-05-22,6.06,-0.12394724695348891,0.02693278616396033,0.062175034022932896,0.09306487908307415,0.003996608074817498
LOW,2012-02-27,2012-02-28,24.12,0.015649494326420932,0.028104228648813123,0.02511828182767928,0.09448448066554671,-0.016412400076796674
LOW,2011-11-14,2011-11-15,7.46,0.008473513604000837,0.028362806354530923,0.03783760799233682,0.08959485649026655,0.10645370649438202
LOW,2011-08-15,2011-08-16,2.73,0.017282886899856242,-0.0001704378066649248,0.02783313029554213,-0.02354566446977502,0.07728931005258555
LOW,2011-05-16,2011-05-17,-6.37,-0.03271766413653676,0.003185320361061006,-0.015081520419476302,-0.06048497360582039,-0.10935608942471009
LOW,2011-02-23,2011-02-24,19.05,-0.027031826699676964,-0.004320783423226615,0.027195077752809604,0.08230555863618272,-0.0468108119531403
LOW,2010-11-15,2010-11-16,3.25,0.01143943112019119,-0.002825443976828268,0.02072571510353116,0.11616373831127658,0.035976926941120535
LOW,2010-08-16,2010-08-17,-1.15,0.008600661675844723,0.03819456477846406,0.048552953842493474,0.042690964004669985,-0.020962884677861338
LOW,2010-05-17,2010-05-18,13.33,-0.03946779217741214,0.010551554745726888,0.029410750858133827,-0.05681424089034304,-0.16745621938492217
LOW,2010-02-22,2010-02-23,14.57,-0.001868211697259592,0.02718981966164913,0.016814603010189888,0.014944112692842682,0.0699074369746191
LOW,2009-11-16,2009-11-17,0.52,-0.032623715561399536,0.005749465039715185,0.027817319710545352,0.10126973295960306,0.07184805922077542
LOW,2009-08-17,2009-08-18,0.66,-0.10753023753628066,0.0027255132027144136,0.012952881695382112,-0.0025165837198526386,-0.04688894950459388
LOW,2009-05-18,2009-05-19,26.48,0.059554442279183384,-0.009764111253562135,-0.005035275359970726,-0.056091455329532636,0.0469835770664524
LOW,2009-02-20,2009-02-23,-8.79,-0.06615528332552933,-0.003450383002531199,0.028408097925338605,0.08752906844792796,0.10504841295355227
LOW,2008-11-17,2008-11-18,16.41,0.042412953118918795,0.008581962269624488,0.09012884030078594,0.15824037011091496,-0.019647783491628323
LOW,2008-08-18,2008-08-19,14.67,-0.0021011858161588126,0.014222232779460331,0.026619880196779855,0.033101687199907026,0.09310598330417297
LOW,2008-05-19,2008-05-20,3.48,-0.04000188044144448,0.0009205831375952434,0.03508819155433096,0.028170433665415606,0.0892581386142719
LOW,2008-02-25,2008-02-26,10.67,0.03914451288795795,0.02101979262261211,0.001996475239575579,-0.03870145855938556,-0.0744817372810953
LOW,2007-11-19,2007-11-20,-8.26,-0.09207146291730095,0.0026950665888305636,0.025432592724004,0.005643222077978072,0.09004262530728468
LOW,2007-08-20,2007-08-21,9.84,0.07440089516409909,0.019609778287181356,0.010769604654109921,0.04595058671115848,-0.16203694993345796
LOW,2007-05-21,2007-05-22,-2.44,-0.027462111486866947,0.0017599261909231334,0.011009900605973844,0.0016023318216630278,-0.08909936509330652
LOW,2007-02-23,2007-02-26,9.29,0.025910938033316788,0.007607265840959054,-0.02097192275574944,-0.05440723616622434,-0.12865723333430545
LOW,2006-11-20,2006-11-21,5.98,0.004995705205065537,-0.013073560262226613,-0.01769581736661674,-0.021838027883615108,0.05730871088852729
LOW,2006-08-21,2006-08-22,13.87,-0.04983880165128696,-0.026245390593310214,-0.02824891251108519,-0.008878212542190456,0.01481623026643164
LOW,2006-05-22,2006-05-23,16.28,-0.03637984815096451,0.013051309933969302,0.029614102833334766,0.03726119717263976,-0.050214574998107664
LOW,2006-02-27,2006-02-28,8.75,0.04971624874428626,-0.006836867272714819,-0.031119748743920095,-0.04839519059134112,-0.097310808230748
LOW,2005-11-14,2005-11-15,4.92,0.038734302175648105,0.010917499614980342,0.020873314767533513,0.04293661568580087,-0.038827064551526846
LOW,2005-08-15,2005-08-16,3.35,-0.0007628349026199688,0.011366279287611358,-0.013848250516051763,0.011913728873504947,-0.07221682484871983
LOW,2005-05-16,2005-05-17,-2.37,0.04068074986830483,0.017635993246830628,0.010881889569199332,0.0292239522647042,0.10652659785661345
LOW,2005-02-23,2005-02-24,7.74,0.014678701183655773,-0.01276995624842725,-0.026234091679022353,-0.017929514422935333,-0.023112190625845574
NKE,2025-12-18,2025-12-19,41.33,-0.12293979125036447,-0.031608884860322206,0.03191500765208821,0.10705290708849757,-0.05317449574339983
NKE,2025-09-30,2025-10-01,81.32,0.059671081262183234,0.0038348233159748446,-0.07583925929762314,-0.14760628778621265,-0.20935243157751993
NKE,2025-06-26,2025-06-27,14.18,0.17145306501189705,-0.018662639451866636,0.05294294007111855,0.0641179399353653,-0.09182982653366645
NKE,2025-03-20,2025-03-21,85.52,-0.06662489708720276,-0.026003754811555257,-0.053690530622279464,-0.08514397237238447,-0.17048685315075918
NKE,2024-12-19,2024-12-20,23.3,-0.011180184569566043,-0.008327761566786607,-0.024806796789605734,-0.06590620701269378,-0.06941357461689612
NKE,2024-10-01,2024-10-02,34.9,-0.051414515476871925,-0.010205537528132913,-0.022377364215122153,-0.09962507638124152,-0.12518088804724548
NKE,2024-06-27,2024-06-28,19.3,-0.19633813248864407,0.01731312490466652,-0.05110408827649526,-0.025139565999678926,0.11260554956620439
NKE,2024-03-21,2024-03-22,29.73,-0.06532991454848336,0.0015907734219337,-0.015672933642803533,0.04474686137315953,-0.03859148912049504
NKE,2023-12-21,2023-12-22,20.98,-0.12177993733531156,-0.0044077873703907144,-0.011680031000678381,-0.09216879299751268,-0.16942061431753752
NKE,2023-09-28,2023-09-29,24.06,0.06597935545937306,-0.010687717319503354,0.010763694836813054,0.06398106962135253,0.01628845881593244
NKE,2023-06-29,2023-06-30,-2.29,-0.03932209770720285,-0.012566751359584072,-0.03342117010931167,-0.03255210208117876,-0.14441661127008631
NKE,2023-03-21,2023-03-22,46.31,-0.009886465352320517,0.009597808443018385,-0.015280509175606971,-0.008997086611102212,-0.17124739884186924
NKE,2022-12-20,2022-12-21,29.23,0.10719095417375946,0.022298470054934016,0.02078382638336662,0.07076634217001221,0.0512237940695186
NKE,2022-09-29,2022-09-30,0.96,-0.12182273620816708,0.0010288757376821778,0.03289804359797888,0.03970710759546803,0.34596974254734336
NKE,2022-06-27,2022-06-28,10.99,-0.06554320761883847,0.005387298719877531,0.007277356820319492,-0.004140177173952209,-0.025547794824545944
NKE,2022-03-21,2022-03-22,21.41,0.002690877682163917,0.012201916850049899,0.018855876633884883,0.0317423936452339,-0.008657906924026904
NKE,2021-12-20,2021-12-21,31.97,0.02572292934310938,-0.0171399946817955,-0.018237702353850693,-0.10820927461128738,-0.17353375142112815
NKE,2021-09-23,2021-09-24,3.3,-0.06367763036161456,-0.007500620545138337,0.004870522706236224,0.07210660902559529,0.022749507509014943
NKE,2021-06-24,2021-06-25,83.69,0.15016597322066305,-0.014908873129100053,0.01825444054799097,0.03580414055711412,-0.01371340795015974
NKE,2021-03-18,2021-03-19,19.67,-0.034241355138070806,-0.0023116435292287463,-0.04941835793883709,-0.10184668063214863,-0.14031875836568997
NKE,2020-12-18,2020-12-21,25.29,0.032607583629492676,-0.009215653261355872,-0.02679766815455642,-0.0612614620111217,-0.10564008348563536
NKE,2020-09-22,2020-09-23,95.91,0.1344388036574793,-0.021231868929657227,-0.05031962145465663,-0.04401592120717468,-0.04616633049702923
NKE,2020-06-25,2020-06-26,-1290.2,-0.050763503963900836,0.008789747820790561,0.010387001120031991,-0.039428066134094664,0.14521944881885407
NKE,2020-03-24,2020-03-25,38.36,0.1511916356796812,0.008563441788055126,0.005377710927380486,-0.025283556726489076,-0.04084613772260992
NKE,2019-12-19,2019-12-20,20.35,-0.014567347268543918,-0.0007271445857064407,0.007312684376132195,0.012237421876704069,-0.04424897213341794
NKE,2019-09-24,2019-09-25,21.65,0.03755808682153006,0.017059425032503905,0.03960961838579502,0.009034625980903987,0.03855020429816336
NKE,2019-06-27,2019-06-28,-5.51,0.008249921702220053,0.008313099601569895,0.04092283649233441,0.014842980262152139,0.026699890662299497
NKE,2019-03-21,2019-03-22,5.17,-0.043739749008745665,0.002455407837753776,0.0130101501605,0.023440056513988727,-0.018563008736138586
NKE,2018-12-20,2018-12-21,12.81,0.08573074868154906,-0.032579681114818015,-0.013847739162326178,0.017989638509558148,0.031104669777388683
NKE,2018-09-25,2018-09-26,6.27,-0.0028470757930700863,0.007241812246423063,-0.020683984325266747,-0.05362654317921778,0.032009947034644104
NKE,2018-06-28,2018-06-29,8.34,0.10958334676590042,-0.018829650426103406,-0.05452298374766518,-0.07864608564071662,-0.009869833326983102
NKE,2018-03-22,2018-03-23,28.78,0.01985625395804258,-0.007708946790949245,-0.005643677083633447,0.0017961979728848831,0.0797948083220319
NKE,2017-12-21,2017-12-22,14.89,-0.006515235361569172,0.006884533126896519,-0.001550300135002125,0.015842618370528472,0.031339840873169655
NKE,2017-09-26,2017-09-27,18.86,-0.015019827320367773,-0.001959041441387588,-0.023639233717352548,0.022143017134536924,0.15824081518849553
NKE,2017-06-29,2017-06-30,21.23,0.11263820922113787,-0.007627884267816798,-0.006933588624596809,-0.019706950415108615,-0.12192270820038942
NKE,2017-03-21,2017-03-22,29.9,-0.07060144828808002,0.027958765595739843,0.045808612354146794,0.04146992957340068,-0.08980376297732073
NKE,2016-12-20,2016-12-21,16.16,0.027451012127548857,-0.0013324064676610847,-0.01741994427759197,0.016289930764352922,0.07287279561607618
NKE,2016-09-27,2016-09-28,30.71,-0.03234207192442662,-0.011422012963271055,-0.01655852951375314,-0.010651147160655294,-0.06378800127913975
NKE,2016-06-28,2016-06-29,2.28,0.02706888608485758,-0.012375786240742759,0.00044254286550504673,-0.043116324094677694,-0.04727888673935343
NKE,2016-03-22,2016-03-23,13.5,-0.028095237591850064,-0.012209181440339445,-0.026902236938999402,-0.06614090014758789,-0.1588747836883324
NKE,2015-12-22,2015-12-23,5.19,-0.029967288940076386,-0.016607858252123298,-0.018388737721870996,0.03242010415707819,0.013034147935219842
NKE,2015-09-24,2015-09-25,12.57,0.08678134510005531,0.0022165992376729227,-0.009468856484602606,-0.0317774371147681,-0.011041408253696039
NKE,2015-06-25,2015-06-26,17.71,0.036086040856879054,0.00237611616357436,0.0159596018595497,0.03285333475742458,0.13076267019135124
NKE,2015-03-19,2015-03-20,6.58,0.0416165012460723,-0.0031502349977947652,0.001602393201347363,-0.016851910062106623,0.02885876422247713
NKE,2014-12-18,2014-12-19,5.48,-0.025491219541921684,0.006893129969374634,0.015286020999067729,0.00263369347452469,0.02527130451549975
NKE,2014-09-25,2014-09-26,24.4,0.11544319360371658,-0.0024263970618357833,0.015799948359064175,0.023070638078097172,0.020781375722364492
NKE,2014-06-26,2014-06-27,3.77,0.014596006031292408,-0.0011623245440259833,0.0038567488606839895,-0.0008422792665998546,0.01861500414760897
NKE,2014-03-20,2014-03-21,5.36,-0.05171704288193124,-0.0005188622883267602,-0.0183917066122814,-0.021928893783654813,-0.04479176348535696
NKE,2013-12-19,2013-12-20,1.85,-0.020058949068570864,-0.008316681931690884,0.005654137142539373,-0.06474210683017667,-0.00599251854264593
NKE,2013-09-26,2013-09-27,10.25,0.06925411428636485,-0.008250867488844738,-0.02025043217808875,-0.013704897719283071,-0.03609969267939084
NKE,2013-06-27,2013-06-28,2.24,0.027839228316949072,-0.027059762613008687,-0.021376661895531557,-0.06616164797301594,0.03198076025197949
NKE,2013-03-21,2013-03-22,9.39,0.08629742939158913,0.004680798474177239,-0.024225855142306907,0.027076857685889744,-0.017660607599762068
NKE,2012-12-20,2012-12-21,16.33,0.07823815183633354,0.00783937989982142,-0.015416458162886282,-0.03580555162753307,-0.06189807962936156
NKE,2012-09-27,2012-09-28,10.43,-0.010819989867062674,0.004103726560887644,-0.011806364090897636,-0.021417966650991604,0.10519381144101192
NKE,2012-06-28,2012-06-29,-14.49,-0.12729206213987232,0.009176923397756998,0.03421178941877234,0.07297793181687395,0.022695757279214135
NKE,2012-03-22,2012-03-23,3.31,-0.02335154354777691,-0.00351534010470389,0.0011890301070096587,0.04217049830787678,-0.028345102852942228
NKE,2011-12-20,2011-12-21,3.02,-0.00045015876776566266,-0.024738551192627134,-0.0041833244290825355,-0.005844497935544091,0.027625490654398455
NKE,2011-09-22,2011-09-23,12.86,0.060317599281417555,-0.01622201095071052,-0.03187666515764853,-0.027444466085213337,-0.008736995853382057
NKE,2011-06-27,2011-06-28,7.21,0.08533387122381741,-0.009898670485745664,-0.006386145749737837,-0.020763722966738007,0.06446446541395812
NKE,2011-03-17,2011-03-18,-3.96,-0.10215946902493,-0.025164248590596516,-0.03969460275880732,-0.018807302232895617,0.05173483829755865
NKE,2010-12-21,2010-12-22,7.29,-0.04624867564628021,-0.00892002212563725,-0.013209104175602282,-0.07407051267023368,-0.14912638000883438
NKE,2010-09-23,2010-09-24,15.26,0.016889746300065234,-0.0009911719558801657,0.010375304492282855,-0.0012098846291950238,0.04761589661941579
NKE,2010-06-23,2010-06-24,0.48,-0.01943385244896978,0.0028475724934953206,0.02097723459113332,0.016829779677649093,0.060847047980505
NKE,2010-03-17,2010-03-18,14.31,0.0554007036612727,-0.010207585326125312,-0.015372406552718543,-0.017190976899382537,0.03139341517637684
NKE,2009-12-17,2009-12-18,6.31,0.012202670630272472,-0.0030217319663650155,-0.006010400754900891,-0.03711644100516709,0.10162926824181051
NKE,2009-09-29,2009-09-30,7.11,0.1034767165778202,-0.009189922935141093,-0.02177322032818163,-0.021746031381449926,-0.05830273580636791
NKE,2009-06-24,2009-06-25,9.38,-0.07276542182215584,-0.0059744081927611825,0.020362249904873675,-0.04758784888157752,-0.014416131201719917
NKE,2009-03-18,2009-03-19,25.42,0.01428206544668953,-0.010533217410955698,-0.036704317594522085,0.06339614802106475,0.022936597067544362
NKE,2008-12-17,2008-12-18,-2.05,0.08963186050890037,-0.022839117139138887,-0.03967778537760114,-0.07193697688686973,-0.025776705333685035
NKE,2008-09-24,2008-09-25,11.68,0.04982106140108011,0.04226610575211276,0.0546309968146752,0.02125527257061044,0.05626510650586358
NKE,2008-06-25,2008-06-26,1.61,-0.07551208177062707,0.01957683103164376,-0.0014975763954380161,-0.0009069547092350749,0.11379187335952101
NKE,2008-03-19,2008-03-20,15.54,0.09751207085781366,0.006918223576663385,-0.01664474578663344,-0.03923937870243366,-0.01146702946111744
NKE,2007-12-19,2007-12-20,7.34,0.02914464944705175,-0.010476710404251799,-0.03448571970653558,-0.027291120585434703,0.04778208022941288
NKE,2007-09-20,2007-09-21,28.37,-0.017837084068755837,0.011447605384242832,0.020435918259873898,0.12114251496226891,0.15037518721817
NKE,2007-06-26,2007-06-27,-20.09,0.07945110212714424,0.00013286698245418282,0.00635058153372503,-0.008021840479170761,-0.029615344404310573
NKE,2007-03-22,2007-03-23,0.74,0.0011390843517906646,-0.0010588800057516057,-0.01589103393757918,-0.050266782107304286,-0.07063842002801324
NKE,2006-12-20,2006-12-21,1.83,0.04684249425301412,0.0026530974449553435,-0.012563745670737925,-0.0508526439213588,0.06975313498294766
NKE,2006-09-21,2006-09-22,1.91,0.05336855561431719,-0.005944882056787559,-0.0014590585065255013,-0.014907147858084002,0.0300831608984915
NKE,2006-06-27,2006-06-28,-0.29,-0.05184855355582496,-0.0043951000441719845,-0.02068430782113473,-0.025244519722172343,0.026866351181896064
NKE,2006-03-21,2006-03-22,13.55,0.01554895871995099,-0.007257976472363592,-0.01205790194773071,-0.051709507340522265,-0.0007066228032465149
NKE,2005-12-20,2005-12-21,12.65,-0.019849895657824468,0.0004773771721309217,0.025907374396753058,-0.02991665350436279,-0.03985598129352497
NKE,2005-09-19,2005-09-20,12.27,0.031369343852671205,0.0018399092055313426,0.02409601937316297,0.052782668527628473,0.09785282399974671
NKE,2005-06-27,2005-06-28,0.31,-0.024942926684304867,-0.005064093596594432,-0.021923631755477735,-0.07575007075234341,-0.09282264728040546
NKE,2005-03-17,2005-03-18,1.81,-0.011070969822182142,-0.013852781242838952,-0.01515103483459701,-0.07680889327890983,-0.004611784649947381
DIS,2026-02-02,2026-02-03,3.44,-0.07253773555234588,0.031997968079357175,0.05131961989133571,-0.0049410049598160866,-0.04960222294721417
DIS,2025-11-13,2025-11-14,8.42,-0.07625846091876076,0.008276833316043564,0.004831668379007614,0.038298232534171195,-0.04267418621684538
DIS,2025-08-06,2025-08-07,11.3,-0.05279273037692789,-0.01178408828745503,0.01029916987356283,0.02085162765786186,-0.08407629417539364
DIS,2025-05-07,2025-05-08,19.79,0.12929884093827182,0.00907468976140624,0.02259078139677273,0.0232113656725228,0.015752034115710467
DIS,2025-02-05,2025-02-06,22.94,-0.018223971514130133,-0.0018197347723442059,-0.02792754145841525,-0.008564163426266758,-0.11043919935279045
DIS,2024-11-14,2024-11-15,2.75,0.13948368208097683,-0.017479453831567904,-0.011709424729370532,-0.057411307732267325,-0.08098212069601907
DIS,2024-08-07,2024-08-08,16.38,-0.06084933201976128,-0.0015013271686004082,-0.009327838176633074,0.004735770086902846,0.035173321623218845
DIS,2024-05-07,2024-05-08,9.8,-0.09590244834228812,-0.002347822700394575,-0.04966565962939751,-0.0738964402601554,-0.16724270089240634
DIS,2024-02-07,2024-02-08,18.24,0.10451863086062008,-0.02522940403950691,0.009873889274030878,-0.02888048793322684,0.013801776943876742
DIS,2023-11-08,2023-11-09,15.11,0.07504716898251196,-0.03851839210988617,0.008380090663412831,-0.029959394489393,-0.05178789009274376
DIS,2023-08-09,2023-08-10,6.77,0.04751779802931688,-0.02927738532788704,-0.04207014018402855,-0.11006706240010444,-0.05118399300463017
DIS,2023-05-10,2023-05-11,-0.91,-0.09951450762654579,-0.0021562325784221237,-0.0015196866965414557,-0.047234005341094565,-0.13818233345959008
DIS,2023-02-08,2023-02-09,25.97,0.008132377976417748,-0.023174648706777212,-0.04397076917074916,-0.10011077227343113,-0.08471114371988298
DIS,2022-11-08,2022-11-09,-46.87,-0.12089625575251428,-0.012187762540183833,0.02601140275358471,0.007761529802474687,0.17195701199816105
DIS,2022-08-10,2022-08-11,9.99,0.0674084698544759,0.01603870203583413,0.02350433337608049,0.010554279634220176,-0.053652744036978284
DIS,2022-05-11,2022-05-12,-9.15,-0.01438285871786904,0.005044468902033472,-0.0038760176895140663,-0.04059718541234125,-0.01636039126197608
DIS,2022-02-09,2022-02-10,71.97,0.07153182274022774,0.002039739681881536,0.032477711416206034,-0.0690368601431045,-0.18583843311425718
DIS,2021-11-10,2021-11-11,-23.41,-0.06651484332062851,-0.02284513344210304,-0.053132635805167694,-0.07301445843505983,-0.09684230625154011
DIS,2021-08-12,2021-08-13,45.48,0.011967077008902649,-0.013344286945589201,-0.027172819201369713,0.020057363626122093,-0.07821959715681448
DIS,2021-05-13,2021-05-14,204.08,-0.05088666338074466,-0.01829598703123747,-0.0035473689550802323,0.004955202400347414,-0.046728285274053816
DIS,2021-02-11,2021-02-12,194.77,-0.016898850462972237,-0.00616767274612906,0.03608133099851962,0.038834549686664444,-0.09036204506318501
DIS,2020-11-12,2020-11-13,69.3,-9.097905259891625e-05,0.03312302837658376,0.027321992262810513,0.20530024410288417,0.2840915027072739
DIS,2020-08-04,2020-08-05,111.92,0.08667954897938479,0.01847016795986378,0.016707079847111617,-0.016085862544601426,-0.04513064242113707
DIS,2020-05-05,2020-05-06,-32.97,-0.024689976843559003,0.03442456309065678,0.029544779401344035,0.13073689013255252,0.0054376708024408416
DIS,2020-02-04,2020-02-05,6.29,-0.026611547973323324,0.006043218064885947,-0.010304135205837284,-0.10241744257833085,-0.10830377618000586
DIS,2019-11-07,2019-11-08,10.99,0.04497190392267392,-0.006933406145863685,0.03941272536247631,0.043810194159128235,-0.04581120795033611
DIS,2019-08-06,2019-08-07,-22.44,-0.039495086680891744,0.0028478096906605632,-0.0007709835062222892,-0.004692900423891144,-0.09483393941303442
DIS,2019-05-08,2019-05-09,2.53,0.005534835418615214,-0.001655130564113927,0.010669145676727387,0.029857068548352572,0.04675966625035388
DIS,2019-02-05,2019-02-06,17.36,-0.006356248147513677,0.005403809666069237,-0.019110426115581336,0.015014471519353423,0.12291840372745733
DIS,2018-11-08,2018-11-09,9.72,0.019681498405775377,0.0076684192385626515,-0.0008302349304321055,0.005329830829842175,-0.027110362803762778
DIS,2018-08-07,2018-08-08,-3.9,-0.019785922080033824,0.0029457473583698324,0.00297734129894478,-0.04209590972094712,0.05612446977232133
DIS,2018-05-08,2018-05-09,8.33,-0.03415825994019428,0.007754395810640524,0.04054795272136902,-0.004194913729125727,0.09337156423601556
DIS,2018-02-06,2018-02-07,17.48,-0.013597959663227854,0.004958550979155318,-0.008700070314990316,-0.03099030674699943,-0.03227539506046795
DIS,2017-11-09,2017-11-10,-4.32,0.03951658871582053,-0.0013115402773037355,-0.011897308467202494,-0.004082536869971065,-0.02827415691365065
DIS,2017-08-08,2017-08-09,1.97,-0.030596669728435555,-0.0002774660448352506,-0.004873121166740879,-0.054575512875788545,-0.09055737633162386
DIS,2017-05-09,2017-05-10,6.3,-0.016672327905836504,0.001313307700942401,-0.013664926385951293,-0.06499662223298697,-0.04712272023863362
DIS,2017-02-07,2017-02-08,3.7,-0.006556415025110174,-0.0014370761938571341,-0.013952048323721433,-0.014616473378687322,-0.022746624622467015
DIS,2016-11-10,2016-11-11,-4.85,0.03193679256456328,0.001671421110339244,-0.0038779271795574832,0.02810465770643411,0.05774268463763699
DIS,2016-08-09,2016-08-10,0.6,0.023916923756781894,-0.005560630751174189,-0.013470537048071107,-0.04252166487125286,-0.010018319854603108
DIS,2016-05-10,2016-05-11,-2.82,-0.03191662830103181,-0.005960438383134203,-0.024463531633475477,-0.0705254895434243,-0.11840427366893003
DIS,2016-02-09,2016-02-10,12.05,-0.03468829063510903,0.029440197702367277,0.03431955795967245,0.015155016197019977,0.07173797939419235
DIS,2015-11-05,2015-11-06,5.67,0.02288969785864836,0.015815618154520594,0.028531938971123272,-0.007861104954669629,-0.08732819057811847
DIS,2015-08-04,2015-08-05,2.04,-0.08876881697099614,-0.009725978104026978,-0.026553263035382524,-0.008382375415166177,0.041537924879026855
DIS,2015-05-05,2015-05-06,10.95,0.003722661918499348,-0.00818211063037666,-0.014347795225995608,-0.0047602568209901275,0.08330798767548031
DIS,2015-02-03,2015-02-04,19.27,0.09110948834284827,0.0033331302829202603,-0.008239338349945946,0.005662530355861062,0.05398538817346843
DIS,2014-11-06,2014-11-07,0.48,-0.015931117504574877,-0.005592167355144784,0.004462527871353705,0.026140723867694282,0.13567310581197178
DIS,2014-08-05,2014-08-06,9.48,0.0019363954488418322,-0.007058061754334211,-0.0027577318728833067,-0.0013828745378974272,-0.0009897843336978962
DIS,2014-05-06,2014-05-07,15.42,-0.008584218013636069,0.01738030282136127,0.001565743786173357,0.0209528301461952,0.03389510797652351
DIS,2014-02-05,2014-02-06,13.59,0.05156032463780025,-0.010939683327175098,-0.0001893635654803827,0.027270265827960882,0.008580863972067254
DIS,2013-11-07,2013-11-08,1.46,-0.0067638763112561895,-0.0036693818010278267,0.0051370402739674415,0.013708028388613958,0.10887405700247355
DIS,2013-08-06,2013-08-07,1.9,0.0072382904008305715,-0.006091606981413422,-0.026985101156330793,-0.05091119545577327,-0.003474135270891132
DIS,2013-05-07,2013-05-08,2.97,0.004652047432487816,0.013121090867543317,0.008438565064228465,-0.039454311035366785,-0.044247755679236
DIS,2013-02-05,2013-02-06,2.75,0.0006697700893352199,-0.001611568724809831,0.001520710947504389,0.009067021675106979,0.11626185586352311
DIS,2012-11-08,2012-11-09,0.19,-0.04913856426701213,0.007491022012769966,0.02060582431141844,0.03249065624194869,0.07246450524114212
DIS,2012-08-07,2012-08-08,9.01,0.010686929193063133,-0.011351167218216385,-0.015157724038957876,0.0037876140488446453,-0.018437645897241173
DIS,2012-05-08,2012-05-09,5.59,0.0373048235647232,0.0037120971013524517,0.022770310841781605,0.04073338146493066,0.0735943487696773
DIS,2012-02-07,2012-02-08,12.18,0.014515908598453864,0.005042739481939673,0.004175421823549463,0.004488491720507248,0.0223936408015184
DIS,2011-11-10,2011-11-11,8.77,0.05770188765411355,-0.006329635540417433,0.007793980038489634,0.01798062990917182,0.07514483291367902
DIS,2011-08-09,2011-08-10,7.89,-0.04537805477168999,-0.026494129689077495,-0.007700671576542195,-0.047112528498509,-0.019484221438850424
DIS,2011-05-10,2011-05-11,-14.03,-0.03458041644571108,-0.003315574297924284,-0.0018136083520298163,-0.014293788322068401,-0.05031228215186534
DIS,2011-02-08,2011-02-09,22.33,0.05683789982997545,-0.0015315223949150525,-0.004103978653869467,-0.00291040912330065,-0.025917954745699245
DIS,2010-11-11,2010-11-12,-4.3,0.03610697834669363,-0.011830648818055067,-0.020351402226109205,-0.04193866954395009,0.05496974050845327
DIS,2010-08-10,2010-08-11,15.84,0.005922483830616776,-0.0005906265253757814,-0.013541792184815549,-0.018912487836152403,-0.04244507527894692
DIS,2010-05-11,2010-05-12,5.73,-0.015639053823169435,0.0016138521221390478,-0.001084295012353631,0.041633171855569806,0.03482885634473809
DIS,2010-02-09,2010-02-10,22.34,0.008079677196238366,-0.0061371436343049535,-0.0034784811919481573,0.04700319773043704,0.06855658080418348
DIS,2009-11-12,2009-11-13,12.99,0.04407386512992484,-0.005962770201400458,-0.012392241455395414,0.03719753848062224,0.010510206732302407
DIS,2009-07-30,2009-07-31,2.32,-0.0416205991720795,-0.0005727708872036441,0.038311790641343935,0.022220402610266143,0.05339668087029259
DIS,2009-05-05,2009-05-06,7.41,0.1178065291228616,-0.006981343635931281,-0.05019412520783606,-0.054156656601969,-0.10743834718992107
DIS,2009-02-03,2009-02-04,-18.6,-0.06848791350313121,-0.030143952686326414,-0.029556080456397682,0.015945856632531896,0.09246475682831079
DIS,2008-11-06,2008-11-07,-12.16,-0.01168273854634283,-0.0416899943736021,-0.020467202900938175,0.09725181227686464,-0.09539015712641741
DIS,2008-07-30,2008-07-31,2.36,-0.022790765423803427,-0.0036131051887268173,0.017362277933472114,0.04731400925224927,0.05473047623829619
DIS,2008-05-06,2008-05-07,14.9,0.05165721516885613,-0.0014542334104309385,-0.006077054545261973,-0.015082325868037705,-0.04190702025783599
DIS,2008-02-05,2008-02-06,20.52,0.054028114152652074,0.00037015258834971476,0.01568142276103468,0.007020389881782996,-0.00567639143538301
DIS,2007-11-08,2007-11-09,0.76,-0.003958864591769307,-0.01206974508153702,-0.010893053049351287,-0.04905469005373608,0.05164979229813482
DIS,2007-08-01,2007-08-02,5.05,0.02831083600571138,0.01235784963544806,-0.024608189532113522,-0.016078170941870917,-0.04514148929773243
DIS,2007-05-08,2007-05-09,19.43,0.0002732250502075484,-0.001452831459371029,-0.005956601471437395,-0.03786751657169363,-0.004028291707185994
DIS,2007-02-07,2007-02-08,26.81,0.00194546241740845,-0.01890590018821836,-0.022947678941446004,0.0031676579188687493,-0.023200670616709163
DIS,2006-11-09,2006-11-10,9.09,-0.016324932263941605,-0.0067805909926951236,0.0008969259038618116,0.039463058932403206,0.02306453972060596
DIS,2006-08-09,2006-08-10,15.55,0.02101799825331685,-0.00224420108566048,-0.010065843999785606,-0.0228468607311465,0.001383548203792051
DIS,2006-05-09,2006-05-10,19.74,0.045140648170077124,0.0017750164816868752,0.03137832155609854,0.04333018361843177,0.021568040742401706
DIS,2006-02-06,2006-02-07,17.85,0.07382977164933302,-0.001594144601850811,-0.016217566728859323,0.02856668658161432,0.012647483872097354
DIS,2005-11-17,2005-11-18,10.27,-0.03842543105860752,-0.010987505511638629,-0.01593370199346833,-0.02579976610019552,0.047144780262438735
DIS,2005-08-09,2005-08-10,9.02,-0.0031831384993499245,0.012124382726983018,0.04135685031394998,-0.021794326144935927,-0.018004720745338876
DIS,2005-05-11,2005-05-12,1.27,-0.0018463809337491144,0.011329601146705892,0.015680564874348768,-0.007868526441286106,-0.11214605253764387
DIS,2005-01-31,2005-02-01,12.18,0.00758809840682706,-0.0019856434015406155,0.02517854464203584,-0.022825086676793283,-0.06485680779369096
JNJ,2026-01-21,2026-01-22,-0.11,-0.015541529064554416,0.007189060674220871,0.03293226733534316,0.10919166211795717,0.02999057145168682
JNJ,2025-10-14,2025-10-15,1.49,-0.0017982071919038223,0.011779770342317142,0.005304921035627741,-0.010532781930260748,0.05582510063048529
JNJ,2025-07-16,2025-07-17,3.21,0.04084830410439322,0.005150185022156584,0.03021451957697452,0.04510835980331085,0.13613722102437342
JNJ,2025-04-15,2025-04-16,7.38,0.022051537708517754,0.021703563022003047,-0.03337979386881407,-0.15121217319032387,-0.17020996066066352
JNJ,2025-01-22,2025-01-23,1.38,-0.0213026341492929,0.004147035039146707,0.05020927524195817,0.13174011416796472,0.23336265239045317
JNJ,2024-10-15,2024-10-16,9.71,0.02004115338576773,0.0010709493850957763,0.017019478349854955,-0.09277328438741905,-0.11498845340842545
JNJ,2024-07-17,2024-07-18,4.31,0.05080190759481651,0.0019435986568034913,0.05293651223993634,0.022871364757974133,-0.005179092903778493
JNJ,2024-04-16,2024-04-17,2.26,-0.01137571113061464,0.008757963397532986,0.01626283464416156,-0.0038265682026181747,-0.08623557585274177
JNJ,2024-01-23,2024-01-24,0.39,-0.025616885123657562,-0.0016644678122332834,0.004793666748964309,-0.02851372716554801,-0.08574704841043834
JNJ,2023-10-17,2023-10-18,5.54,-0.017099895125347264,0.006101974044985248,0.021832466907928505,-0.0709888419423701,-0.04900334396142769
JNJ,2023-07-20,2023-07-21,6.92,0.07876515792032268,0.0007618923284304913,0.014724306883580285,0.04819050381293577,-0.03537513084106947
JNJ,2023-04-18,2023-04-19,7.17,-0.01943658425565531,0.011917298284435551,0.024169015808614858,-0.0244125617068901,-0.10656537801032484
JNJ,2023-01-24,2023-01-25,5.07,0.007828799626718674,-0.014648357926402733,-0.05318054446293019,-0.06357652770380895,-0.0668592579460745
JNJ,2022-10-18,2022-10-19,2.6,-0.01598504324040939,0.010935752004350263,0.008972416390122806,-0.01988259690939098,-0.03105931053878397
JNJ,2022-07-19,2022-07-20,1.63,-0.05376765242472259,-0.006668644265372503,-0.0012964918370750311,-0.09909112172180734,0.04307609240553589
JNJ,2022-04-19,2022-04-20,4.08,0.01967764500621505,0.012071506935718457,0.05196932881488847,0.07321654671032085,0.09097262394868955
JNJ,2022-01-25,2022-01-26,0.53,0.04788415588263295,0.018062611444152443,-0.02923785229174225,-0.04306481299780196,0.09895944929403089
JNJ,2021-10-19,2021-10-20,10.51,0.011185044149613521,-0.004928622816822603,-0.0036261568052075033,-0.03782255812193769,0.0006829727781179074
JNJ,2021-07-21,2021-07-22,8.62,-0.0011248656535547408,0.00036051069871700925,0.0010244087628641374,0.040431224215942585,-0.07261180464362771
JNJ,2021-04-20,2021-04-21,10.43,0.02190046151540237,0.000669345880437433,-0.030869057863194826,0.03347191068959521,-0.024732191478651133
JNJ,2021-01-26,2021-01-27,1.76,0.03741027707737532,-0.0009755088104199672,-0.06383112020141235,-0.04560563719168376,-0.12461288944181204
JNJ,2020-10-13,2020-10-14,11.03,-0.011861762176997415,-0.004908943688730405,-0.013211425727608472,-0.027145891014805024,-0.009473772551178872
JNJ,2020-07-16,2020-07-17,10.51,0.0077561111848841735,-0.0064076595152113835,-0.005625077068043494,-0.054429700902638656,-0.07640279066305089
JNJ,2020-04-14,2020-04-15,15.23,0.04883164465863854,0.008788330963230395,0.03127217611763711,-0.01741475602571607,-0.1775707742027357
JNJ,2020-01-22,2020-01-23,0.73,-0.006224542761446239,0.007479126795817637,0.024499461650243193,0.004119425659702136,0.17378116340776728
JNJ,2019-10-15,2019-10-16,5.22,0.02576439285475063,0.0044489136653296235,-0.04394816781788402,-0.0647108045675564,-0.01906227370393765
JNJ,2019-07-16,2019-07-17,5.62,-0.011147928232358106,-0.0020684426410013668,-0.0282015239604424,0.034349082167322686,-0.003335117123622666
JNJ,2019-04-16,2019-04-17,2.77,0.016443033503659055,-0.009188606091734441,-0.0008250139346985819,0.0038078074893046487,-0.06494403619562794
JNJ,2019-01-22,2019-01-23,0.89,-0.0030153136594675,-0.014274061770590984,0.006218627004327848,-0.0017898801332127956,-0.031088245351100552
JNJ,2018-10-16,2018-10-17,0.89,0.019087199266163424,0.014727622271497043,0.03967934277780816,0.07089463886776726,-0.0002658559487145329
JNJ,2018-07-17,2018-07-18,1.59,0.018784214925717135,-0.010782257367431991,-0.004080008714511862,0.018017186943234398,0.08148725439506566
JNJ,2018-04-17,2018-04-18,2.89,-0.042108138050299226,0.004216492100786673,0.017484775930486363,-0.025398085766672795,-0.04537055339465257
JNJ,2018-01-23,2018-01-24,0.94,-0.0427077067585957,0.015975830890285758,-0.022790725098555287,-0.0404618023590102,-0.048015858571681225
JNJ,2017-10-17,2017-10-18,5.35,0.031814878179248884,0.00939347341016461,0.01362375909454172,-0.01404639973302979,-0.038312758890465926
JNJ,2017-07-18,2017-07-19,2.41,0.01720942071862064,0.009613329374342783,-0.03328773875577573,-0.007489278052653425,-0.017670384381524462
JNJ,2017-04-18,2017-04-19,3.18,-0.029782956642082525,-0.004019310538988741,-0.0036156185216840164,0.0334726147888007,0.04272288026979787
JNJ,2017-01-24,2017-01-25,1.03,-0.024867335489054176,-0.0074648468713444105,0.012306139542517358,0.04897538496342313,0.06026262125960846
JNJ,2016-10-18,2016-10-19,1.39,-0.041860717136423364,0.0043100502736586055,0.0022581253526420264,-0.0013070482880210843,-0.052714142261897745
JNJ,2016-07-19,2016-07-20,3.65,0.0130995163172265,0.003857481830686016,-0.0003309018250522433,-0.036501563642018064,-0.03483666545011477
JNJ,2016-04-19,2016-04-20,1.76,0.01977840743861714,0.0052906627167637055,-0.003561495759575206,0.024790409865690144,0.058054301778648565
JNJ,2016-01-26,2016-01-27,1.48,0.05713937255537682,-0.004132187993957315,0.0025314769933706405,0.009466717032223348,0.0007760907580975918
JNJ,2015-10-13,2015-10-14,2.64,-0.004144097166882799,0.012361384992484403,0.019947708456872437,0.035141088258463515,0.07005837175954777
JNJ,2015-07-14,2015-07-15,1.74,-0.0025081232807011578,-0.0011528952328967446,-0.005998348775484774,-0.009004334858184415,-0.006267975348313581
JNJ,2015-04-14,2015-04-15,1.33,-0.005911651586824496,-0.007766476270857137,-0.0026399889677120036,0.0014516505976353011,0.0058008648761621595
JNJ,2015-01-20,2015-01-21,1.19,-0.027759934417590393,0.0033817185990681065,0.010355716054613828,-0.045753125703112074,-0.04447854702834331
JNJ,2014-10-14,2014-10-15,3.68,-0.003951539106965218,-0.013702527514830698,-0.002929676614732868,0.013290951444636212,-0.021206259048989873
JNJ,2014-07-15,2014-07-16,7.11,-0.03180884849715748,-0.006732165847175842,-0.003727817283786017,0.011065470787396503,0.027203066579222335
JNJ,2014-04-15,2014-04-16,4.33,-0.0008636145024176756,0.0007300753359911205,0.0031197741851243244,0.012822501644850659,0.00786609404029548
JNJ,2014-01-21,2014-01-22,3.15,-0.01137846017937183,-0.008558089441455086,-0.019753556473933065,-0.019483013565990248,0.040940678077890924
JNJ,2013-10-15,2013-10-16,2.8,0.007977236613851524,0.0027560668408797007,-0.003662472641326353,-0.012195176730080526,-0.01719108813503789
JNJ,2013-07-16,2013-07-17,6.38,-0.0017969092095252437,-0.0050338406725884965,0.02134831373747148,0.0016195590163579077,-0.030909678802286233
JNJ,2013-04-16,2013-04-17,2.76,0.026866830434690403,-0.002327890781130715,-0.012018340556845475,-0.02640510549194719,-0.0050087687504936085
JNJ,2013-01-22,2013-01-23,2.1,-0.012200654921180831,0.0031636158964223338,0.012335082034220735,0.04815293035291557,0.12352242543809044
JNJ,2012-10-16,2012-10-17,3.13,0.020271780542986395,0.024007906273945112,0.031769204015154595,0.041743470177497355,0.018346169451434635
JNJ,2012-07-17,2012-07-18,0.73,-0.0008843980798094453,-0.00031436542687512947,-0.001700631702193256,-0.04076480562293028,-0.0604538109929299
JNJ,2012-04-17,2012-04-18,0.97,-0.022636384982835156,0.002785152338154573,0.014310973151809625,0.04881365690964412,0.11068886217141116
JNJ,2012-01-24,2012-01-25,3.48,-0.0038341066741132135,0.012489582903739027,0.007885852107087588,-0.03254272170345096,-0.059744787054553994
JNJ,2011-10-18,2011-10-19,2.83,-0.02551295689968336,-0.00613181237497451,0.003363092478002372,0.0037426946133793937,-0.02531163124115432
JNJ,2011-07-19,2011-07-20,3.05,-0.028288531304080045,-0.01039850793940178,0.00020648375738308022,0.06796018621688138,0.06511384372545659
JNJ,2011-04-19,2011-04-20,7.41,0.04554741504969906,-0.010079022711208085,-0.0072402963298447975,0.019190086204006418,0.06481137232285483
JNJ,2011-01-25,2011-01-26,0.36,-0.03045163793215322,-0.0011477212189134889,-0.005993769056276799,-0.01549217778786538,0.03064450367426841
JNJ,2010-10-19,2010-10-20,7.19,-0.0006051783011011835,0.003926313793698677,-0.0047984902357791626,-0.011459373517180627,-0.11078619702800585
JNJ,2010-07-20,2010-07-21,0.44,-0.03907807864025914,-0.024072993617040517,-0.022687243428753945,0.013636628540825813,0.02350737621830934
JNJ,2010-04-20,2010-04-21,1.29,-0.01678721849173015,-0.012311880374953899,-0.0011668874338774948,0.02528246523226063,0.02913330967420502
JNJ,2010-01-26,2010-01-27,4.98,0.0029330998585079815,0.017146661570749955,0.0029952549347618262,-0.002538144754885785,-0.08058004145506481
JNJ,2009-10-13,2009-10-14,6.05,-0.04680208923207896,0.002781721088273903,0.00591727326262359,-0.0023998753493545966,0.013767235455997673
JNJ,2009-07-14,2009-07-15,3.23,-0.01358976724951444,0.006527537558833729,-0.02065406690964311,-0.05320324145201916,-0.10663408424269316
JNJ,2009-04-14,2009-04-15,2.9,0.018878715892256093,-0.006355851064773654,-0.0030684048130190655,0.025054061889550727,0.07178394423903445
JNJ,2009-01-20,2009-01-21,2.49,-0.006928142213817767,0.02451534134315958,-0.000704145482466112,0.0622099383449799,-0.09439048291291396
JNJ,2008-10-14,2008-10-15,5.15,0.07764887203029436,0.007236012952683835,0.007648594696244793,0.003379625390620644,-0.002068160298892452
JNJ,2008-07-15,2008-07-16,5.04,0.0166983084777379,-0.015282577245812168,-0.03278915654054271,0.006951878520164767,0.11396762370274971
JNJ,2008-04-15,2008-04-16,5.05,-0.03009763759457018,-0.0005483678701143635,0.017387023031108395,-0.011749063756858913,0.10617273419522988
JNJ,2008-01-22,2008-01-23,2.33,-0.045158020833454215,-0.019189571977071274,-0.03930856354135115,-0.02595101918741005,0.003217258168137338
JNJ,2007-10-16,2007-10-17,6.73,-0.007283038719956725,0.004401112278015096,0.011635163191412334,0.07411488454187565,0.13354263649511655
JNJ,2007-07-16,2007-07-17,5.0,-0.010232392188138317,-0.006796627226570595,0.0020526776156954973,0.05020298631755116,0.04202055190652354
JNJ,2007-04-17,2007-04-18,11.11,0.01848867369676599,0.008187127716806075,-0.01112595789531512,-0.05082050287266915,-0.06507843237231248
JNJ,2007-01-23,2007-01-24,2.03,-0.013557322148300521,0.0068155975998223095,-0.0017447433656452294,-0.04661680886123365,-0.059084310394362904
JNJ,2006-10-17,2006-10-18,5.56,0.05141908099642245,-0.0032250131796611736,-0.0029078980828334267,-0.048736394776656256,-0.06614980870042853
JNJ,2006-07-18,2006-07-19,0.88,-0.012485735123507258,0.007820480202992086,0.003000364099451369,0.021920907222392705,-0.025310634975562962
JNJ,2006-04-18,2006-04-19,0.71,-0.011381357218777088,0.002073151189251554,0.013162511432915136,0.06767659690729122,0.10109176750701032
JNJ,2006-01-24,2006-01-25,0.69,-0.045860314551225745,-0.003133035876960122,-0.02459813756743534,-0.01756737939226527,-0.036136761353526836
JNJ,2005-10-18,2005-10-19,1.64,0.01532641952962277,0.015283689762938701,-0.020053892193925504,-0.04760888109225836,-0.11933376364338055
JNJ,2005-07-19,2005-07-20,2.31,-0.0033358843105142366,-0.009253071076091857,-0.009300842834637724,-0.01242988558651359,0.0352561648481291
JNJ,2005-04-19,2005-04-20,5.32,-0.007501957472416332,-0.016629742128116076,-0.012879428570411244,-0.04632540034260524,-0.12419367312211249
JNJ,2005-01-25,2005-01-26,4.52,0.04555629509839543,-0.00835771892857784,0.0034797901258445396,-0.0020849524234209937,0.07426965843265465
PFE,2026-02-03,2026-02-04,16.18,0.017759574756071705,0.0016602738242579296,0.027065439703866767,0.000763660785862208,-0.06989110934132392
PFE,2025-11-04,2025-11-05,37.43,0.0064016601227773196,0.02048151702140666,0.061148980707045775,0.05262889667361126,0.0627800715598692
PFE,2025-08-05,2025-08-06,35.94,0.014448794859962977,0.013374057926620164,0.03226206433024181,-0.0003315101226524231,-0.06228916351266034
PFE,2025-04-29,2025-04-30,36.49,0.052303719171235,-0.026751073900538325,-0.07828621137777314,-0.08503621768303649,-0.11957262158255366
PFE,2025-02-04,2025-02-05,37.2,-0.0016299247999449484,-0.02654667765541563,-0.03526348952727154,0.04458562398604704,-0.02554467287522011
PFE,2024-10-29,2024-10-30,73.28,-0.01036941755109999,0.011889415742111109,-0.05968975184712666,-0.11269997989610414,-0.07752928880493826
PFE,2024-07-30,2024-07-31,30.19,-0.016965164057054727,0.017762555395284596,0.0030311370093869527,-0.07220992307417384,-0.11705405760757348
PFE,2024-05-01,2024-05-02,60.11,0.07511070384640406,-0.008424133668518907,0.002692217723184287,0.006025695700300648,0.089871158986089
PFE,2024-01-30,2024-01-31,154.7,0.002522062254785573,-0.005333337406210559,-0.013794008846191197,-0.07138920624916778,-0.11786841238310652
PFE,2023-10-31,2023-11-01,49.96,-0.01832141480194438,-0.019491977281459794,-0.024358788407649934,-0.06767413674620548,-0.2550808373876289
PFE,2023-08-01,2023-08-02,15.28,-0.0029570657496812425,-0.007034926388359342,0.02359183852053348,0.013603913875805285,-0.03827477476235641
PFE,2023-05-02,2023-05-03,24.68,-0.0013567767876598857,0.001361119389039378,-0.01573868548579027,-0.03430530543007815,-0.16759546766800637
PFE,2023-01-31,2023-02-01,9.4,-0.01584312444002478,-0.006141909418494018,0.0005926285830512024,-0.04456690155863807,-0.1318853281195368
PFE,2022-11-01,2022-11-02,27.03,0.0405331163978192,0.008153941509871143,0.0030454728393622954,0.007769835809408487,-0.13439723927829095
PFE,2022-07-28,2022-07-29,14.8,-0.047478527789757474,0.004941037848663066,-0.028141844003678695,-0.056841208934723775,-0.02178363404153172
PFE,2022-05-03,2022-05-04,3.47,-0.007869555044675902,0.011177010743444016,0.08039807898833129,0.09666331416923857,0.0739057892274495
PFE,2022-02-08,2022-02-09,23.6,-0.0556848699480732,0.001062597745148941,-0.010866762516714923,0.025967102392216,0.05096977572093464
PFE,2021-11-02,2021-11-03,23.5,0.016866719373105354,-0.017767165218397274,0.10567539727479891,0.20953947109528892,0.22339430058665022
PFE,2021-07-28,2021-07-29,9.42,0.021859376666373942,0.005323810396926865,0.050530632780309226,0.09453686574853326,-0.022946703202339824
PFE,2021-05-04,2021-05-05,19.63,0.009373253934637282,-0.01783893223217481,0.027649796726894493,-0.022675372821554185,0.03320828341727289
PFE,2021-02-02,2021-02-03,-9.65,-0.04175318071471079,-0.009930628551427345,-0.024422869304600914,-0.004882705413558619,0.012940228765076833
PFE,2020-10-27,2020-10-28,0.97,-0.027628595290341784,-0.014959283743324336,0.0013575667890972642,-0.01292614667384595,-0.05918944171346929
PFE,2020-07-28,2020-07-29,18.13,0.03993958087494032,-3.2767373229325436e-05,-0.032559382077535504,-0.0903988207360703,-0.10148410636294114
PFE,2020-04-28,2020-04-29,9.98,-0.0269385644385014,0.015606961850764711,0.040788855087671494,-0.021731108258115306,-0.10140657817438392
PFE,2020-01-28,2020-01-29,-4.49,-0.0738876328096747,-0.006740014910449732,0.006970496975236884,0.005791463175594647,0.13338563932232894
PFE,2019-10-29,2019-10-30,21.09,0.029418894641319415,-0.00019493442882678735,-0.032341206611544715,-0.02368479278729052,-0.07934164057015325
PFE,2019-07-29,2019-07-30,5.97,-0.09551989866621668,0.012229612127494294,0.004440789340280027,-0.06038189562243246,-0.045018760918793754
PFE,2019-04-30,2019-05-01,13.03,0.03681550325500105,0.008045493733638165,0.019082063855741405,0.08062699261448492,0.026290458695117147
PFE,2019-01-29,2019-01-30,1.03,0.03737658520367715,0.02105699258866367,0.007644502181804569,0.010190886154790357,-0.1316870091393968
PFE,2018-10-30,2018-10-31,4.57,-0.029590535529024353,0.0035247078246718466,-0.007235682502506169,0.052675068562934024,-0.021422545880009913
PFE,2018-07-31,2018-08-01,8.88,0.04028451784169618,-0.012460222295244683,0.020686204540645514,0.0015063402277806226,0.1211817665791739
PFE,2018-05-01,2018-05-02,3.6,-0.04202901621792565,-0.0015226368416697555,-0.015910805717097798,0.01045306931521095,0.03760849181085546
PFE,2018-01-30,2018-01-31,10.49,-0.04097787147411269,0.004677404702192023,0.003612409968721808,0.021217256375862914,0.058803718453546816
PFE,2017-10-31,2017-11-01,3.68,0.0002473115310810403,0.0052840156385978165,-0.004022729312274542,0.008552457495361043,-0.0180173939801207
PFE,2017-08-01,2017-08-02,1.7,-0.00025553373856657124,0.01743266089567741,0.01686778037493586,0.021879078482712977,0.047477566777594404
PFE,2017-05-02,2017-05-03,2.77,-0.008339004382627913,-0.0017718319331359034,-0.009422769304543666,-0.03371047574457409,-0.04037198121336405
PFE,2017-01-31,2017-02-01,-7.09,0.021495496496416466,0.0012356474180523769,0.0077232934461271,0.042886326916822926,0.02054096992507337
PFE,2016-11-01,2016-11-02,-1.6,-0.020838643956945013,-0.019582002266475218,0.027445862636497287,-0.00952559596766056,-0.04496881473784131
PFE,2016-08-02,2016-08-03,2.81,-0.04277492554985729,-0.005031462745862414,-0.011288026771321347,-0.0194359696113805,-0.07068355656175662
PFE,2016-05-03,2016-05-04,21.21,0.03252549481143008,0.005285426829320761,-0.005562777806955799,0.02458216721994666,0.04980441466628838
PFE,2016-02-02,2016-02-03,1.4,0.005449385562013465,-0.024150004110668366,0.025454541253272844,-0.03691307659057852,0.018330043664029683
PFE,2015-10-27,2015-10-28,18.81,0.028343700058470978,-0.018608043622641346,-0.035928692245683846,-0.067065711815947,-0.04353803144777302
PFE,2015-07-28,2015-07-29,8.56,0.02210423868013245,-0.0010760869778599913,0.012826957003557848,-0.008650601499256116,-0.03958963945293281
PFE,2015-04-28,2015-04-29,3.28,-0.007723335257812103,-0.0004787936158155981,-0.004116735793386783,0.0037087626102976223,0.014791572872321468
PFE,2015-01-27,2015-01-28,2.33,-6.858885929084124e-05,-0.012999882995159417,-0.006975934723217447,0.036018214718305686,0.05142007376704938
PFE,2014-10-28,2014-10-29,3.09,0.005904945477714252,0.005457794196921828,0.006121211861609188,0.015623638525027905,0.08601425908456406
PFE,2014-07-29,2014-07-30,2.16,-0.01518537993059077,0.000609479766101928,-0.008566027659952846,-0.008739624650719646,-0.016775024629195334
PFE,2014-05-05,2014-05-06,3.73,-0.03612058468011614,-0.011031669399489297,-0.015996888614793425,-0.018205664627612306,-0.04616908703989919
PFE,2014-01-28,2014-01-29,6.51,0.018879661824968252,0.012980396168712494,0.03871497844971916,0.031575971334951936,-0.02527286978626586
PFE,2013-10-29,2013-10-30,3.83,0.005840377502051464,-0.004923715223259184,0.004053264333861772,0.011296269070774523,-0.030158817341281674
PFE,2013-07-30,2013-07-31,2.29,-0.0031364305096035494,-0.01566344842739964,-0.0017597354972316293,-0.006444821215765284,0.003979379159616547
PFE,2013-04-30,2013-05-01,-2.33,-0.043876737973209234,0.003515655984808408,-0.029563301194366565,-0.0620426249874364,-0.04934186903884208
PFE,2013-01-29,2013-01-30,6.65,0.03392130025471407,-0.005894938273000916,-0.014169437368980242,-0.015350942662362588,0.03465245882463619
PFE,2012-11-01,2012-11-02,1.04,-0.014352502327027228,-0.0008271842721701006,0.01738333873842668,0.03195346938551802,0.06598058582413424
PFE,2012-07-31,2012-08-01,13.61,0.026885658081878594,0.006069306221559767,-0.025671799513068527,-0.02765466976664177,0.03636166452005707
PFE,2012-05-01,2012-05-02,2.45,-0.01369756855809301,0.00497833181562346,0.03319030625926567,0.0377715999313778,0.06862143504173701
PFE,2012-01-31,2012-02-01,6.19,-0.010628028354340957,-0.010970623870408813,-0.03461037300879277,-0.03125971968442576,0.018628011639321818
PFE,2011-11-01,2011-11-02,11.63,0.026050188991829204,-0.00030586975673196903,0.006933286306643249,0.028020803315798704,0.04094477696875409
PFE,2011-08-02,2011-08-03,2.23,-0.02071104716517469,0.009681448850741403,0.05565658218399283,0.08399653978061605,0.07561584422643364
PFE,2011-05-03,2011-05-04,3.68,-0.007873687748017999,-0.003064126139491141,0.01110537750702012,0.05028304456383703,-0.02227993361663272
PFE,2011-02-01,2011-02-02,1.86,0.03749145536733134,0.00885375035466085,-0.008893825052075144,0.019884548925458434,0.05595043407151623
PFE,2010-11-02,2010-11-03,5.79,-0.013682803664746168,-0.020981346143827073,-0.05123832431257391,-0.06311472798931805,-0.031897593176038574
PFE,2010-08-03,2010-08-04,19.0,0.07198248381436811,-0.014144242441816113,0.005722288013748966,0.030189780481026496,0.015057695229572232
PFE,2010-05-04,2010-05-05,12.83,0.056004374536120394,0.007602467167536764,-0.021690469584960126,-0.06120164998579514,-0.0753132853294064
PFE,2010-02-03,2010-02-04,-3.0,-0.018345018945740255,-0.005949000100086477,-0.024750790434506564,-0.10387894168713785,-0.1974581745014049
PFE,2009-10-20,2009-10-21,6.46,-0.01749256869944038,-0.0015483359330965563,0.023807396865850095,0.026705247009506383,0.09092160794975568
PFE,2009-07-22,2009-07-23,3.52,0.006793609141038548,0.01633803575112469,-0.02334463528551245,-0.019037888834346095,-0.008927059885067035
PFE,2009-04-28,2009-04-29,10.91,-0.022505296554188203,-0.005555642159125296,-0.0068765502571215276,0.06582102794061817,0.11257432281632562
PFE,2009-01-26,2009-01-27,7.1,-0.11049447037366367,-0.057854961184439224,-0.029845453033714442,-0.06480011151529586,-0.15967082179957803
PFE,2008-10-21,2008-10-22,3.3,0.048082085103446026,0.009920725767201821,-3.839603017063986e-05,0.046790812422545125,0.14953732349472948
PFE,2008-07-23,2008-07-24,1.72,0.04052133985010942,0.004491885298963494,-0.017960613696706318,0.028520425771942248,0.16687765205366845
PFE,2008-04-17,2008-04-18,-6.32,-0.04176905387289276,-0.013695197062381315,-0.010041490297226563,-0.03610145952306454,-0.005579336478616526
PFE,2008-01-23,2008-01-24,10.64,0.004222498513476669,-0.004643422129271713,-0.004182391386724493,-0.014731542969703582,-0.14271135916025235
PFE,2007-10-18,2007-10-19,10.71,0.010139501981197618,-0.007889899596188799,-0.016420678066941585,0.009593519134263317,0.06401974096196617
PFE,2007-07-18,2007-07-19,-15.66,-0.03943264650402556,0.006522914548966252,0.011849744955433006,0.03089500313398008,0.010079572791461988
PFE,2007-04-20,2007-04-23,19.9,-0.03223551040228079,-0.007995483143819593,0.002621341011617595,0.021501901578752092,-0.08386835524199243
PFE,2007-01-22,2007-01-23,1.42,-0.031087426403130114,0.009012144931451527,-0.010168501752893744,-0.02284262188877506,0.00265080970155096
PFE,2006-10-19,2006-10-20,19.73,-0.01677682782471268,-0.0027976400820275416,-0.024438496762326123,-0.034420389996573486,-0.057409446124475405
PFE,2006-07-20,2006-07-21,8.56,0.03659012757806246,0.022051738099487794,0.06316420715744209,0.09125769158770924,0.06262057736097781
PFE,2006-04-19,2006-04-20,15.97,-0.0024872177493786563,-0.0033583441026002747,-0.0028448752513893227,0.004128507250734659,-0.038023736062364755
PFE,2006-01-19,2006-01-20,20.67,0.04405628978111198,0.0037127596514621164,0.03139931278384189,0.032431995993972285,-0.023062820969987907
PFE,2005-10-20,2005-10-21,6.92,-0.0996997769379725,-0.023020261721236723,-0.002371863573083166,-0.03403884078438035,0.09323689035312022
PFE,2005-07-20,2005-07-21,3.84,-0.02641442404261085,-0.010066767220697104,-0.008305019848408257,-0.015406909428965831,-0.04992921089667102
PFE,2005-04-19,2005-04-20,1.75,-0.024320631183478603,-0.001109163393157031,-0.010277860370257574,0.026281689746437076,-0.04639916047466475
PFE,2005-01-19,2005-01-20,-1.69,0.0038417415876814687,-0.013888738236945808,-0.011413954830657214,-0.0125161998410519,0.13486518944073433
MRK,2026-02-03,2026-02-04,1.47,0.05700894403865342,0.02448957583448441,-0.00012694764658416346,-0.011987461418702328,-0.09820924449435198
MRK,2025-10-30,2025-10-31,9.85,0.00082401577743485,-0.04246763129671616,0.019748662337767064,0.18696943024544743,0.250258843123377
MRK,2025-07-29,2025-07-30,5.04,-0.023586629787937352,-0.040652471144737246,-0.02560896563837234,0.009197581974676794,0.015230540582541918
MRK,2025-04-24,2025-04-25,3.98,0.022373785583395422,0.005057272451057804,-0.02395737266858533,-0.11406746879893492,-0.13002475363019572
MRK,2025-02-04,2025-02-05,3.3,-0.11220297819531255,-0.021541835116520414,-0.04318480726138463,0.10043798456023123,-0.005187349946675801
MRK,2024-10-31,2024-11-01,0.03,-0.012675407438050623,0.0020559642246781307,-0.037336888738647156,-0.06953692574310022,-0.07971988684573317
MRK,2024-07-30,2024-07-31,6.31,-0.12575619430295648,0.02026010304697723,0.05271147012715227,0.024146109886742373,-0.11266447221665576
MRK,2024-04-25,2024-04-26,7.74,0.027431918675296485,-0.011773285301893921,-0.034086597340077573,-0.05470522614300999,-0.10280601188442651
MRK,2024-02-01,2024-02-02,127.48,0.022860307591873408,0.0018217177619074265,-0.021451028516673798,-0.054979688107498426,0.010123851553268892
MRK,2023-10-26,2023-10-27,9.51,0.008636734635299459,-0.013317181913903187,-0.05301738589061977,-0.1201712602999383,-0.016351637635959593
MRK,2023-08-01,2023-08-02,5.41,0.007824698123523821,0.0031499000089987295,0.013514924684867036,0.04071317942920194,0.08564281392244022
MRK,2023-04-27,2023-04-28,4.76,-0.010628375483841879,0.008544118074721108,0.027073159533570368,-0.04793863252173103,-0.16516912473859313
MRK,2023-02-02,2023-02-03,5.36,-0.04153711183337405,0.01669977345878615,0.06514410670490889,0.09837956659993863,0.15305156892749205
MRK,2022-10-27,2022-10-28,8.28,0.005657258598503745,0.011490741734195842,0.01698931144109639,0.05850195202286046,0.022347953991888492
MRK,2022-07-28,2022-07-29,9.57,-0.04802085568794223,-0.006105071296858777,-0.025195004285873845,0.015318581630690442,0.175280332221738
MRK,2022-04-28,2022-04-29,17.11,0.06333445182440611,-0.017745817450346757,-0.0017805569300796131,0.04158576221730903,0.05945459422633481
MRK,2022-02-03,2022-02-04,18.08,-0.023154855263382346,-0.009265103509400685,-0.006075938815125248,0.05466794090903493,0.18771642102192998
MRK,2021-10-28,2021-10-29,12.58,0.06814033679921927,-0.004104980651278067,-0.09334729402150699,-0.1611102663578089,-0.039649671069584724
MRK,2021-07-29,2021-07-30,-2.85,-0.01791005737875251,-0.006878265887054091,-0.027678989569205337,-0.03418759220783085,0.029646249321980234
MRK,2021-04-29,2021-04-30,-13.23,-0.03335783759073374,0.01770930416074612,0.04093317631704507,0.012091760736933521,0.0490720711807584
MRK,2021-02-04,2021-02-05,-4.9,-0.03500479817300284,-0.017248084112001738,-0.023269831584620038,-0.00605409362862952,-0.06418309500246244
MRK,2020-10-27,2020-10-28,21.32,0.0037691150074508073,-0.013970198424267055,0.0066084513409694345,-0.059274364949477576,-0.11815427492002106
MRK,2020-07-31,2020-08-03,25.84,0.030033341996446916,-0.014403601646455932,-0.04036935942726394,-0.029335990244952592,-0.08105123148410176
MRK,2020-04-28,2020-04-29,11.78,-0.059683079501451464,-0.008393612528275085,-0.014632236815089184,-0.054705728748469906,-0.13703474633967838
MRK,2020-02-05,2020-02-06,1.15,-0.04528242057143628,-0.0016729270117638029,-0.05252296480557994,0.06873200810861568,0.05041445306889969
MRK,2019-10-29,2019-10-30,21.55,0.046134855728564794,0.0077669774861678365,-0.04417887225188066,-0.02116344898717859,-0.07287745521826272
MRK,2019-07-30,2019-07-31,12.23,0.019429258314564435,0.017143079893693902,0.04698841707371171,0.07076596478360264,-0.0128758027165492
MRK,2019-04-30,2019-05-01,15.84,0.03227625264749623,0.012321778486316437,0.007807849300858982,0.05599078867347318,0.0013471767848403093
MRK,2019-02-01,2019-02-04,0.62,0.02526243902695713,-0.0005488328648748375,0.0028461623288901228,0.036873739292653696,-0.046699363784222125
MRK,2018-10-25,2018-10-26,4.31,-0.002022182347111934,0.020455174566205603,0.0018381376215379497,0.0634128146252142,0.03594007326251325
MRK,2018-07-27,2018-07-30,2.83,0.024462381403120625,0.011426326997572067,0.005002953506010321,0.029382763950466684,0.13829590981268758
MRK,2018-05-01,2018-05-02,5.46,-0.021717154818561957,0.0062184002166445485,-0.012591536270414982,0.009511446599845375,0.04256545595873629
MRK,2018-02-02,2018-02-05,4.73,0.004880483075302533,-0.03636903497345412,-0.022541016142607395,-0.07114442167484969,0.02361277325865374
MRK,2017-10-27,2017-10-30,7.6,-0.12185898042028653,0.0053875891694148415,0.013206339864285876,-0.019815183784703594,0.021736627405466002
MRK,2017-07-28,2017-07-31,15.47,0.004722511018393494,-0.0016024656482520605,-0.020738069881416354,0.00014894829669032106,-0.04973992862672483
MRK,2017-05-02,2017-05-03,5.87,0.020876168095934067,-0.005103057113461262,-0.0009563857352798966,0.005153829681875832,-0.02544562215368229
MRK,2017-02-02,2017-02-03,0.13,0.027709250677712127,0.011898373464609646,-0.011639885489708401,-0.0025873130625539975,-0.06334131651048869
MRK,2016-10-25,2016-10-26,8.21,0.007326848713699929,0.00956679438325303,-0.014635289533892482,-0.019912832807969627,-0.05781895517492641
MRK,2016-07-29,2016-08-01,2.14,0.0031517960263223177,0.0007817776031684431,0.06648214757506588,0.06761087839021651,0.07161175932966835
MRK,2016-05-05,2016-05-06,4.58,-0.02553946964860121,0.008501852599952064,0.009890832262119953,0.039237338004615374,0.04389769227352436
MRK,2016-02-03,2016-02-04,1.94,-0.04367653607807198,0.035308778058881995,0.050967291386971536,0.025739999507378597,0.057014752189251894
MRK,2015-10-27,2015-10-28,4.75,0.03197108482930333,-0.0036000813049850144,0.0010555625695354287,-0.026816441565074567,0.02614199438214526
MRK,2015-07-28,2015-07-29,6.12,0.007951258982113796,-0.0005789911417627414,0.012887572291470195,0.007003802280040161,-0.08281946731203671
MRK,2015-04-28,2015-04-29,13.74,0.04613334950349246,0.008009098257372727,0.021732950794136507,-0.008640885142689347,-0.023319489949408467
MRK,2015-02-04,2015-02-05,1.59,-0.03656616191090889,-0.0036573352590406616,-0.018485792082254093,-0.04607357793196987,0.003331792051094018
MRK,2014-10-27,2014-10-28,2.45,-0.04063002775115865,0.007778529351142982,0.04961960519503372,0.018639552474110754,0.09210397137418203
MRK,2014-07-29,2014-07-30,4.9,0.006042731107441135,-0.003323016633461573,-0.012090940807254591,0.02127864813221958,-0.012071489129629742
MRK,2014-04-29,2014-04-30,11.03,0.025516526261205152,0.017994698373718254,-0.04416460424854307,-0.036246465307186226,-0.054518476075620104
MRK,2014-02-05,2014-02-06,-1.11,-0.007057264724110501,0.006202202389401501,-0.006423038732113362,0.008072435668112332,0.032569505531062415
MRK,2013-10-28,2013-10-29,4.92,-0.027561131431878216,-0.0024925842079628335,0.000252719919669242,0.06794563822521638,0.15273613341889658
MRK,2013-07-30,2013-07-31,1.86,-0.004228478740754049,-0.003046592620100874,0.005102877308674758,0.006030498553496466,-0.07506559689358339
MRK,2013-05-01,2013-05-02,7.3,-0.027459881180691093,-0.01145305060007007,-0.02484080732281546,-0.0019497911069514817,0.005861641158857678
MRK,2013-02-01,2013-02-04,2.54,-0.054422917700507,0.004101138090654155,-0.0019378931439513192,0.02698767129167856,0.06611022922189425
MRK,2012-10-26,2012-10-31,2.77,-0.013905432760732195,-0.0036766206863230178,-0.014109491045099398,-0.02560953299165647,-0.10741996785368879
MRK,2012-07-27,2012-07-30,3.33,0.008107392300578331,2.520685479268092e-05,-0.006553572971838895,-0.052771798628160727,0.016322099061171214
MRK,2012-04-27,2012-04-30,1.13,0.022084154122991584,-0.0029064242450349553,0.0019653341314869177,0.0020638666521562987,0.13529870316367099
MRK,2012-02-02,2012-02-03,2.0,-0.022356392689641735,0.0014502175413159124,-0.010650843988114223,-0.014341294789697256,-0.013167875956319186
MRK,2011-10-28,2011-10-31,3.2,0.029871144832996133,0.015134287695978021,-0.011273504644520371,0.0428461364890278,0.07290332653695253
MRK,2011-07-29,2011-08-01,0.61,-0.03159831662447543,0.009398284478200125,0.023615583551141017,0.028310441554508237,0.03552872148316
MRK,2011-04-29,2011-05-02,9.38,0.01428800490155413,0.00635139188763767,0.01569346167373442,0.02180865874586846,0.016159477781483744
MRK,2011-02-03,2011-02-04,5.69,-0.03255624259770118,-0.0029079419222119984,-0.009471807842892366,-0.0039587184589979785,0.08054148917649062
MRK,2010-10-29,2010-11-01,2.76,-0.019776629706726,0.0019999689165604018,-0.05078869343696624,-0.04876613606660152,-0.17542274785350886
MRK,2010-07-30,2010-08-02,4.16,-0.022110288694176417,-0.0023400190553110045,0.006229502341544402,0.05637478477192748,0.009611237343237988
MRK,2010-05-04,2010-05-05,9.92,0.038403931953300385,-0.0038751046603465733,-0.060183200918809465,0.015775667120344172,0.030564407502002622
MRK,2010-02-16,2010-02-17,1.21,-0.009171949381133082,-0.007234332644911801,-0.01605893013417703,-0.03153838546033527,-0.15488585251183418
MRK,2009-10-22,2009-10-23,9.33,-0.006264011029551431,-0.0018173501803702141,-0.0044323372418032525,0.11177695882797845,0.20947351192664487
MRK,2009-07-21,2009-07-22,7.43,0.049629737071463564,0.005081973329831957,-0.00771610086267005,0.022776391360684878,-0.009253763019756
MRK,2009-04-21,2009-04-22,-5.37,-0.1025193103366433,0.0015006903659000592,0.006775396857340965,0.06521124232433628,0.1021509608016189
MRK,2009-02-03,2009-02-04,17.17,0.0426234316132752,-0.008191785624048764,-0.00926016460700041,-0.07275261337970806,-0.23593986231546737
MRK,2008-10-22,2008-10-23,1.52,0.0061302434877810175,-0.0012782167270749545,-0.00383097066544269,-0.0062436391758958765,0.045323381401171425
MRK,2008-07-21,2008-07-22,3.61,-0.18043069447654925,0.008631295623040547,0.04388522629965497,0.12896296791178663,0.14686303362646969
MRK,2008-04-21,2008-04-22,3.13,-0.02753844825532925,0.004451131925418017,-0.043839599216806246,0.0033041390979453578,0.05717494266290546
MRK,2008-01-30,2008-01-31,9.44,-0.05052621257740331,-0.01869080197269235,0.016365800626773508,-0.013202428426740465,-0.11469339185662852
MRK,2007-10-22,2007-10-23,9.33,0.0472292033168924,-0.0009936705141400104,0.018048953041872373,0.07459548851097508,0.07745049919363
MRK,2007-07-23,2007-07-24,13.89,0.06941247674681017,0.030046507890529872,-0.00314383956755393,0.0043984099595076875,0.01643877649951153
MRK,2007-04-19,2007-04-20,12.5,0.027057110205878976,0.007264383637233474,0.0010642099959872198,0.0072678675385311475,-0.06216197992290007
MRK,2007-01-30,2007-01-31,-2.21,-0.028667181571029654,0.002508498167878903,-0.021106681576920194,0.005556048460328977,0.12449156966020936
MRK,2006-10-20,2006-10-23,1.8,0.02237303611556407,0.002050410271202674,-0.0037862131381353192,-0.0467677922209474,-0.041871724776285535
MRK,2006-07-24,2006-07-25,11.62,0.029259707682765868,0.021831916315627753,0.035048993906066084,-0.015093252397239132,0.06005634365244239
MRK,2006-04-20,2006-04-21,6.56,0.008356056354795971,-0.008821298246415532,-0.011651857552773648,0.021669006896164245,0.11895050639027172
MRK,2006-01-31,2006-02-01,3.14,0.006193563245269873,-0.01263083657127817,0.0031106139503247476,0.005716232820018874,-0.02405509280633189
MRK,2005-10-24,2005-10-25,7.39,0.018625453235354916,0.009215199603998192,0.04908310378296288,0.07420220365096886,0.16904171060627204
MRK,2005-07-21,2005-07-22,-0.23,-0.02310181284263857,-0.010012193519133294,-0.004187724973198637,-0.09024690179895456,-0.08678360588939538
MRK,2005-04-21,2005-04-22,4.92,-0.011737956112028769,-0.01476293982645549,-0.010329192396362319,-0.07691688288888099,-0.12347588642905105
MRK,2005-01-25,2005-01-26,-0.2,0.03838665256653129,-0.0013853327247086433,-0.10434387794032307,0.0006316419889562663,0.12062831210688485
ABT,2026-01-22,2026-01-23,0.34,-0.11583396549319791,0.007489348639547977,0.01352599877749383,0.08318787965165986,-0.15576661018240123
ABT,2025-10-15,2025-10-16,0.05,-0.03566070358633511,0.0014536567369765052,-0.026939446390031985,-0.004484636898469896,-0.07934240304920048
ABT,2025-07-17,2025-07-18,0.28,-0.06663992570173827,0.004168417646446265,0.008037602397479748,0.04006352509551547,0.002911678425688624
ABT,2025-04-16,2025-04-17,1.74,0.05854479973236437,0.015480787306157873,-0.06229082552639664,-0.09961319260311718,-0.17899404791158657
ABT,2025-01-22,2025-01-23,-0.17,0.04394586072147977,0.017608441714417,0.05309038683839973,0.11104052932144437,0.2137068247079591
ABT,2024-10-16,2024-10-17,0.76,0.011422796605704777,0.008876995823880351,-0.006111070126853191,-0.04314900379902953,-0.07398699776869866
ABT,2024-07-18,2024-07-19,3.17,-0.011040843031971281,0.00625397974633457,0.03974930421347478,0.07822480657487385,0.0815526712364929
ABT,2024-04-17,2024-04-18,2.81,-0.0281135841431438,0.027822267650578714,0.007156486665175432,-0.062195568200937745,-0.153500193636239
ABT,2024-01-24,2024-01-25,0.04,-0.020134449512762997,-0.0026424530785046363,0.015743885701129168,0.02172653908682376,-0.07025618771994147
ABT,2023-10-18,2023-10-19,3.7,0.05780966526270803,0.02632822114970168,0.017251602303692937,-0.005309460383292386,0.08746643967696333
ABT,2023-07-20,2023-07-21,2.89,0.07197755759686364,-0.0015800472873952476,-0.024132030672867733,-0.05789510547308374,-0.15669840198047724
ABT,2023-04-19,2023-04-20,4.31,0.065154736683394,0.011094360837991202,-0.008989720024874526,-0.03488192165084003,-0.13298333758284164
ABT,2023-01-25,2023-01-26,9.65,-0.024343700672571855,-0.0123816253950082,-0.01909790806310996,-0.0748459561205983,-0.02442439940954455
ABT,2022-10-19,2022-10-20,22.9,-0.07765280782256012,-0.02587723365686634,-0.02180796872757984,-0.0017001324529803963,0.10021156279554067
ABT,2022-07-20,2022-07-21,25.29,-0.009707825530542946,-0.004182878218277897,-0.02123639795661514,-0.07956566215380056,0.015475312633620009
ABT,2022-04-20,2022-04-21,18.09,0.043938475524944676,-0.0027947768548846064,-0.020047823342127624,0.022348606059049203,-0.004318887192416798
ABT,2022-01-26,2022-01-27,9.48,-0.015523041260029458,0.01593156160775422,0.044670569385266035,0.0012604057441971683,0.0036445662927150346
ABT,2021-10-20,2021-10-21,47.91,0.04130014461634102,0.01439101475192417,0.010843839866606864,-0.014870855941746308,0.005796230468683161
ABT,2021-07-22,2021-07-23,14.92,0.0028930746102993066,-0.013050841721829909,0.004740623662584098,0.03792143917281354,-0.048949125941871396
ABT,2021-04-20,2021-04-21,3.99,-0.017569676454489702,0.016474088179163182,-0.012576928306762936,-0.0382118630377738,-0.07796011574356765
ABT,2021-01-27,2021-01-28,7.11,0.06538354422886938,0.04659983334446871,-0.028066915167810902,-0.012296227101542767,-0.08756343303015202
ABT,2020-10-21,2020-10-22,8.0,0.006753943241660565,-0.01883206417726213,0.0015329305436579954,-0.024333350501603457,-0.08343139609142858
ABT,2020-07-16,2020-07-17,36.92,0.02645595389244282,-0.009794415872982132,-0.00041192994152627893,-0.03954143263170451,0.0190504222594281
ABT,2020-04-16,2020-04-17,7.27,0.023780940683236107,0.03834446775728284,-0.00750699617041839,-0.062487489469985835,-0.12607186428707362
ABT,2020-01-22,2020-01-23,0.37,0.009877328026722143,0.0052556396898619795,-0.005125099305630765,-0.04145724766032499,0.2308054909605386
ABT,2019-10-16,2019-10-17,-0.16,0.003540755485591074,0.009354168749004854,-0.01602357317197667,-0.0131937091210097,-0.054297779864475704
ABT,2019-07-17,2019-07-18,2.23,0.058484084584747076,0.0024783250380423505,-0.0011805827662898505,0.003924314860208944,-0.0850465740812898
ABT,2019-04-17,2019-04-18,2.13,-0.0317250112192472,0.007120113244515336,0.05108201572543125,0.042145510151068155,0.09053305168057113
ABT,2019-01-23,2019-01-24,0.17,-0.011437710638960819,-0.004368528057358656,0.005710219176807918,0.01521842162373721,-0.05042216781134412
ABT,2018-10-17,2018-10-18,0.58,-0.025339739063855782,-0.0075291537034744005,0.015967972339102854,0.05023894531496509,0.07968143010695916
ABT,2018-07-18,2018-07-19,2.86,0.017281158741435654,-0.00606962927822452,0.01754784515580221,-0.008542389130069106,0.1014899974590332
ABT,2018-04-18,2018-04-19,1.85,0.006149161207084752,-0.0030436270168543444,0.003249262703598821,0.008102801499459966,-0.007160264844303876
ABT,2018-01-24,2018-01-25,1.17,0.06732925677088875,-0.008413879635953414,-0.010378848124862672,-0.025199022485882905,-0.009516167262455633
ABT,2017-10-18,2017-10-19,1.05,0.015819956034265337,0.0005536645614088176,-0.008620883246693523,-0.0192782617545757,-0.04028019660485738
ABT,2017-07-20,2017-07-21,2.45,0.028970756143318344,-0.0005440541132483157,-0.024315277241716338,-0.024415304522472092,0.040606713031640096
ABT,2017-04-19,2017-04-20,11.51,0.006378906917074767,-0.007044894992544459,-0.0213558841254351,-0.028813936930507822,0.06643430491156788
ABT,2017-01-25,2017-01-26,0.64,0.008524026508087701,0.002545447026633618,0.050503021482556254,0.08292258875268788,0.045296288988778244
ABT,2016-10-19,2016-10-20,1.44,-0.011239782746225946,-0.006358492129226567,-0.007726094069694267,-0.03248345867037916,-0.0594692135377084
ABT,2016-07-20,2016-07-21,3.17,0.02929478541156527,-0.0014646307587595775,0.030448556731473397,0.01869391378909735,-0.03666510671910994
ABT,2016-04-20,2016-04-21,4.45,0.005115209046112068,0.004557664754569535,-0.07157824940320745,-0.12849577889617836,-0.07587366464883571
ABT,2016-01-28,2016-01-29,1.72,-0.09445263454165187,0.016213390702134567,0.01816021347198149,0.024339389503560627,0.08236946717213334
ABT,2015-10-21,2015-10-22,1.22,0.03158036366714678,-0.008662908388975765,0.022607518680342054,0.03523585621928804,0.014572916791920298
ABT,2015-07-22,2015-07-23,3.53,0.036352480089271166,0.007442624784693708,-0.01144304135041263,-0.022602036708551543,-0.14275308800478892
ABT,2015-04-22,2015-04-23,12.72,0.020995395729206612,-0.005209582774088228,-0.029310476274809316,0.007077424090452755,0.026337246598950204
ABT,2015-01-29,2015-01-30,-1.79,0.03454673441928846,-0.001883506898687326,-0.014051893193260057,-0.007913308201192182,0.003818608026707082
ABT,2014-10-22,2014-10-23,3.66,-0.0034875644790717253,-0.006988624896140827,0.002153279882573411,-0.02281826417335897,-0.003647376696172433
ABT,2014-07-16,2014-07-17,6.52,0.025438517041330377,0.009589236126239076,0.00860503566440185,0.010007199176458093,0.018540127037402487
ABT,2014-04-16,2014-04-17,14.45,0.013393930470826154,-0.009138763883952072,-0.022581973130857302,-0.005567005097516287,-1.7648783534163215e-05
ABT,2014-01-22,2014-01-23,-0.38,-0.035653569747178704,-0.0013730985611185575,-0.0045691008961693536,0.0311179917517741,0.012572971070738737
ABT,2013-10-16,2013-10-17,6.82,0.08189707074173413,-0.003525873702657778,-0.010065636526755073,-0.01905325773653499,0.004436187133340708
ABT,2013-07-17,2013-07-18,4.44,-0.008058528921196517,0.0029849097174985406,0.024294272592791266,-0.004022509255349416,-0.06347922064416422
ABT,2013-04-17,2013-04-18,2.07,0.033960754660372516,-1.630743775615784e-05,-0.03899048079420053,-0.07401653880683656,-0.1307322274871937
ABT,2013-01-23,2013-01-24,0.78,-0.004916993995699448,-0.005926675193633435,0.0309863949148379,0.03675540314556569,0.07906147357487825
ABT,2012-10-17,2012-10-18,1.5,-0.07803672763951708,0.009311195171226694,0.017200039235079734,-0.009944432271858039,0.007320625033840011
ABT,2012-07-18,2012-07-19,1.09,-0.019978089774257746,-0.0020978188549874988,-0.006150891989336382,-0.021355425149143015,0.017571421564991585
ABT,2012-04-18,2012-04-19,3.2,-0.005445432908768866,0.00454669141740327,0.02177199698543686,0.09551752751431741,0.12046362039348657
ABT,2012-01-25,2012-01-26,0.92,-0.023022906635472573,0.003188445892955527,-0.013720933758962217,-0.004941079055298392,0.05868016583771385
ABT,2011-10-19,2011-10-20,0.94,0.03820688336543643,-0.022502517616019402,-0.05581073628711786,-0.015540169135005666,-0.04862400594688232
ABT,2011-07-20,2011-07-21,0.39,-0.014016102690281085,0.001222810458194834,0.008476212440194475,0.07325392558731736,0.09081604625825657
ABT,2011-04-20,2011-04-21,0.62,-0.004913281403883474,-0.008220214911277779,-0.015174863306875563,0.034282217636913526,0.033252800828511675
ABT,2011-01-26,2011-01-27,0.67,-0.0392922652720652,-0.0017264287710138104,-0.014270876149183653,0.009165734509326562,0.08447284583977788
ABT,2010-10-20,2010-10-21,0.31,-0.012560961903577583,-0.007161344761031252,-0.022913977894836624,-0.11428009348282919,-0.20063069594585115
ABT,2010-07-21,2010-07-22,0.97,0.02340776822699353,-0.010311731999204432,-0.008194693164821687,0.020759950411642913,0.012840033938986917
ABT,2010-04-21,2010-04-22,1.17,-0.03772025733032336,-0.004963550869440336,-0.0059157613657613295,0.02061926403717529,0.04527308096354221
ABT,2010-01-27,2010-01-28,0.74,-0.002958424751333677,-0.007852259209436885,0.017208976140594023,-0.013870416575808564,-0.180807585897933
ABT,2009-10-14,2009-10-15,2.63,0.02457997747234164,-0.0017723908804262445,0.008472702896319184,0.03162659944966362,0.021219517402675914
ABT,2009-07-15,2009-07-16,0.42,-0.060931115922531864,-0.021414163129732988,-0.07334427725200154,-0.10465717942901176,-0.04308389261667123
ABT,2009-04-15,2009-04-16,3.72,-0.0706680311933594,0.0214029303356722,0.0287569728757352,0.011454115879757643,0.04315347944914949
ABT,2009-01-21,2009-01-22,-0.09,0.0503821331424259,-0.008122677790192379,0.023522517614269933,0.08365316525558097,-0.17607840167664424
ABT,2008-10-15,2008-10-16,2.07,0.07184427159424733,0.007416629660156326,0.015681471415005532,0.05950815684274968,-0.02603173578272966
ABT,2008-07-16,2008-07-17,6.81,-0.040846358358590185,-0.0048390045313291274,-0.011867137752105239,-0.013794940756611584,0.1552446262666788
ABT,2008-04-16,2008-04-17,1.4,-0.04747406701212764,-0.014557747084015693,-0.01888774338758692,0.037375039345604266,0.210922663968103
ABT,2008-01-23,2008-01-24,1.16,-0.040144482177748464,-0.01324492524626264,-0.03305397337225657,-0.048831375947601896,-0.13994109180574388
ABT,2007-10-17,2007-10-18,1.08,-0.005186693606697768,0.02093087468309418,0.05461487122086539,0.1074115828582708,0.2573172354438321
ABT,2007-07-18,2007-07-19,2.33,0.015351580740647464,-0.01656883028495837,-0.01399865378583709,0.03835239012730851,-0.03799398618780636
ABT,2007-04-18,2007-04-19,1.15,-0.030782319368348965,0.0012153165857085035,-0.02220185805480912,0.0013575791919704372,-0.11466114433502406
ABT,2007-01-24,2007-01-25,0.94,-0.011017556305661369,0.00015300755157787727,-0.011195647264637953,-0.002353888448674457,0.04918176997318002
ABT,2006-10-18,2006-10-19,-0.17,0.012537713169781695,0.01772722971171925,-0.015025854211690448,-0.0350685330986219,0.06041007831841472
ABT,2006-07-19,2006-07-20,15.32,0.026843959847167476,0.020683324405234127,0.0067961776448648425,0.02153346267738865,-0.07728400919399481
ABT,2006-04-19,2006-04-20,-0.32,0.002229082807352123,0.001994795607480615,0.0036250567128515154,0.03871258542476519,0.12364346702836904
ABT,2006-01-25,2006-01-26,0.7,0.07497759301570883,-0.016652419222407455,-0.017163609606855257,-0.0015535297789126545,-0.0755959465124274
ABT,2005-10-19,2005-10-20,0.25,0.021556000280546606,-0.01569874629308743,-0.022609059531584985,-0.11471247510876725,-0.13289307183097643
ABT,2005-07-13,2005-07-14,1.16,-0.06757100442092479,0.0059308979602344936,-0.0018868572867404287,-0.003972689747669289,-0.061378966395688184
ABT,2005-04-12,2005-04-13,-0.17,0.01857205570759335,0.018247185769400764,0.014433499807511074,0.025906917179436162,-0.01117727449128969
ABT,2005-01-18,2005-01-19,0.3,-0.0041556863632179475,-0.00042425049623961986,0.004899519945479658,-0.008354228252880791,0.11984118230593177
BMY,2026-02-05,2026-02-06,4.57,0.06938583160491296,-0.024502426538394406,-0.007320949479572847,-0.004056588510660375,-0.12269326978240602
BMY,2025-10-30,2025-10-31,7.55,0.08920942481638783,-0.0029620528200576812,0.029717417893348697,0.07013037615083606,0.17155954409742513
BMY,2025-07-31,2025-08-01,32.6,-0.01797978601325667,0.011252966336554815,0.014021050969452054,0.029171845869738977,-0.1107324568163276
BMY,2025-04-24,2025-04-25,19.88,-0.041408072172420374,0.011309575146267292,0.026465873204772894,-0.07362404155933266,-0.11914086829582837
BMY,2025-02-06,2025-02-07,13.8,-0.042188347935483095,-0.030010350899373317,-0.06675510355566883,0.17701172997726933,-0.08710456920732756
BMY,2024-10-31,2024-11-01,19.98,0.04698838474508993,0.022956745380069754,-0.05085869378822183,0.04638967209478606,0.03976562132100536
BMY,2024-07-26,2024-07-29,27.37,0.07015878557877486,0.006495398833909816,0.021881468759491263,-0.04453403299316416,0.01516428977594897
BMY,2024-04-25,2024-04-26,-0.05,-0.087710136163196,-0.008223875405246717,-0.025136572083737097,-0.12216223234055934,-0.05739937079955859
BMY,2024-02-02,2024-02-05,7.77,-0.021024864775397334,0.023774397946267678,0.019775216455936384,0.050330763523463995,-0.08684823175516487
BMY,2023-10-26,2023-10-27,13.02,-0.08229272367400697,-0.007447649915110377,-0.023183647886121372,-0.14585292476728418,-0.20951576474963218
BMY,2023-07-27,2023-07-28,-11.98,-0.034636058530298164,0.01079748148930637,0.007144898124856636,0.04800649530782042,-0.0022916510331093543
BMY,2023-04-27,2023-04-28,3.87,-0.046989908688003235,0.02542188963342895,0.028451961128857284,-0.05401520546518035,-0.14111359087694497
BMY,2023-02-02,2023-02-03,5.17,0.04143219394707609,0.007185951732644469,-0.019769349977511563,-0.055436721115268095,-0.07790358463283686
BMY,2022-10-25,2022-10-26,8.46,0.011688833654852404,0.007354523437738569,0.05901173853201269,0.00959491887006969,-0.07305414325547677
BMY,2022-07-27,2022-07-28,7.27,-0.02430235329011876,-0.026894984344962958,-0.054485341747697924,-0.07593575689236198,0.048503920154238656
BMY,2022-04-29,2022-05-02,3.34,0.0036977152315904593,-0.004983563209867259,0.0552003518147669,0.008667723691945572,0.01790834428273136
BMY,2022-02-04,2022-02-07,1.66,0.03161085476542391,-0.01276016588253348,0.027790691311214144,0.09275104026695546,0.19911275915582638
BMY,2021-10-27,2021-10-28,4.26,-0.02423493716582592,0.02020065883889699,0.01836569624240436,-0.011920724585768094,0.15158436893464522
BMY,2021-07-28,2021-07-29,1.77,0.006043822218888106,0.0007478924207403592,0.0014424649484769958,-0.029752559459571004,-0.17951194356280964
BMY,2021-04-29,2021-04-30,-3.91,-0.05443233232940936,0.014825043732540788,0.020811014276178597,0.04630159007403689,0.033744563287337215
BMY,2021-02-04,2021-02-05,3.12,-0.03324081194944761,-0.018548443299853057,-0.0279816448441228,0.007734578454279162,-0.017572681196396545
BMY,2020-11-05,2020-11-06,9.32,-0.04418155868848472,-0.008177184483352473,-0.02549653525269513,-0.09481358144976493,-0.13501049308052915
BMY,2020-08-06,2020-08-07,10.23,0.014874474278019356,0.010121547839450518,0.0282859236473314,-0.04144664683152699,-0.008631425726850939
BMY,2020-05-07,2020-05-08,18.77,-0.030121266684185133,0.026166907542725104,0.07085974463050171,-0.09895907285953065,-0.15205662643886497
BMY,2020-02-06,2020-02-07,5.24,0.012045374566665878,0.0024967417296517525,-0.01429313432765933,0.04484276222913408,0.06728944325871522
BMY,2019-10-31,2019-11-01,9.44,-0.0014761146612969345,-0.013115199453872073,0.0058989813739083186,-0.013592281960419728,0.04859892951173994
BMY,2019-07-25,2019-07-26,10.84,0.04761147223805273,0.0022624458119410162,0.04475736545604092,0.08348902184612128,0.1845345413236712
BMY,2019-04-25,2019-04-26,1.49,0.02442497407928057,0.007802310536996648,0.057377024044628966,0.05627684109493969,-0.08111067565450192
BMY,2019-01-24,2019-01-25,10.87,-0.02961386451511272,-0.004866788747719619,0.0035160538171612465,-0.01654500071826881,-0.17242521501716934
BMY,2018-10-25,2018-10-26,19.37,0.03272897468313207,-0.008340001520589335,-0.019568520963321845,0.03742940576152476,-0.029642216308251368
BMY,2018-07-26,2018-07-27,15.49,-0.026788770521707028,0.04053670439951562,0.03160779913307543,0.03194403940386081,-0.08201575204569866
BMY,2018-04-26,2018-04-27,10.86,-0.00126093931452953,0.005012192920086145,-0.015957629535921947,-0.011405089005735558,0.061462458946528464
BMY,2018-02-05,2018-02-06,1.2,-0.01769834304198037,0.03383206980607001,0.06039846422146189,0.07182386952005593,-0.12949140228899692
BMY,2017-10-26,2017-10-27,-2.84,-0.07291680554834701,0.018740182362794178,0.035166528957166765,0.018082499767372306,-0.03823666328190689
BMY,2017-07-27,2017-07-28,0.78,-0.010581452825062954,0.030058241085300086,0.010278073944237853,0.06560566278427737,0.11801064119534233
BMY,2017-04-27,2017-04-28,13.6,0.04374484367447684,0.0021188156119513746,-0.022861409834326718,-0.05235659678888149,-0.039115653482796775
BMY,2017-01-26,2017-01-27,-4.99,-0.03391510929616237,0.026100953836314944,0.062062134174909245,0.14920041816592922,0.09169610958614638
BMY,2016-10-27,2016-10-28,17.92,0.040307360347048404,-0.0018120769311594787,0.018968446299586827,0.07068104151323151,-0.16125566559912619
BMY,2016-07-28,2016-07-29,3.82,-0.024478940656282755,0.01927629705531253,-0.15900582259235208,-0.21519279892003174,-0.33210100675231446
BMY,2016-04-28,2016-04-29,14.22,0.042190960124359966,-0.010996199817239982,-0.010343703960069894,-0.03100329060787521,-0.010547619725466806
BMY,2016-01-28,2016-01-29,34.29,-0.022420892698252537,-0.021196000139691473,-0.010916209385976372,-0.0028742278293953927,0.0627237224928181
BMY,2015-10-27,2015-10-28,11.36,0.03767504341554617,-0.003568590189366616,-0.035894604848981326,0.005478585183791518,0.01690209085775274
BMY,2015-07-23,2015-07-24,47.1,-0.032924607886474444,-0.01964486831831147,-0.017172029473161432,-0.025522291270531627,0.009765728951199204
BMY,2015-04-28,2015-04-29,40.21,-0.012402481205247895,0.0013099182828472111,0.017925551315297272,0.06661921504214074,0.03942604413105444
BMY,2015-01-27,2015-01-28,13.27,0.007754754035914413,-0.01234184193749932,-0.05366476421747912,-0.05404166664909438,0.016843696448159085
BMY,2014-10-24,2014-10-27,7.38,0.013308980802523962,0.0010464542863972692,0.051169347266497356,0.04317077070835684,0.11607501489962258
BMY,2014-07-24,2014-07-25,9.05,0.006050586605213848,0.007896525540016963,0.03490492530004041,0.008560273069778912,0.06396869253243631
BMY,2014-04-29,2014-04-30,6.55,-0.013013508171149546,-0.011485777998858193,0.015859006561017797,-0.03293997798135284,-0.06160475391795328
BMY,2014-01-24,2014-01-27,18.02,-0.05225619349977684,0.021198353683252735,-0.00014916659451635894,0.04127779201327231,-0.025777372148127364
BMY,2013-10-23,2013-10-24,4.77,-0.0057573589072917875,-0.016720361789723248,0.06015031418139771,0.0331841738588019,0.05976736898357049
BMY,2013-07-25,2013-07-26,-0.35,-0.011798637135334578,-0.0073280905859445244,-0.019473853387631412,-0.030051967413143088,0.08621013225960517
BMY,2013-04-25,2013-04-26,-1.4,-0.030507817068373688,-0.015882929401539236,-0.021765202540280804,0.13208511167051484,0.05618944433824091
BMY,2013-01-24,2013-01-25,10.07,0.045398709049518926,-0.0064336660974922966,-0.0005931958521656622,-0.0012205580780549896,0.10787892933038612
BMY,2012-10-24,2012-10-25,-1.76,0.014670305037447262,-0.0026954777417971254,-0.021944462227886374,-0.02542724092557136,0.0296671378382809
BMY,2012-07-25,2012-07-26,-0.9,0.01408365881125273,-0.011449017329811184,-0.09423356285968687,-0.13492786570988846,-0.10467515525442517
BMY,2012-04-26,2012-04-27,0.09,-0.03690988492112102,0.0052045611261537505,0.02564760292240631,0.052146787483422496,0.0933125964318886
BMY,2012-01-26,2012-01-27,-4.31,-0.00695568860619955,0.0021756037060647326,-0.02156302641269392,-0.02936075112455816,0.016477215212800767
BMY,2011-10-27,2011-10-28,4.37,-0.04751313602870355,0.008525117040505403,0.0008894971742755553,0.03859016837650153,-0.009929553405346736
BMY,2011-07-28,2011-07-29,2.66,0.01147166461880511,0.00041504287347304825,0.02860621697081145,0.08993130782846481,0.17126340053065348
BMY,2011-04-28,2011-04-29,9.17,-0.011965873045988618,0.013994231033382598,0.0355616150290321,0.03456994114973977,0.06339229353527809
BMY,2011-01-27,2011-01-28,-0.91,0.009638446254879751,-0.03116907881919717,-0.030345026687516374,-0.04173909807189502,0.04397843563567827
BMY,2010-10-26,2010-10-27,11.15,-0.007981104628833724,0.004296725249245403,-0.02145034934291934,-0.060778439736238976,-0.11646818101987999
BMY,2010-07-22,2010-07-23,1.17,-0.03523499157106502,0.0025657284763447308,0.012221636217287335,0.09870165075959236,0.044556883466049246
BMY,2010-04-29,2010-04-30,8.79,0.044626912205659286,-0.020073911972529168,0.02522198816320631,-0.0035171233055413254,0.06985368037200357
BMY,2010-01-28,2010-01-29,11.68,0.024685630889968113,-0.014729990531042736,-0.009212731906162008,-0.040672487106309996,-0.10204989429518196
BMY,2009-10-22,2009-10-23,1.51,-0.01844716426317794,-0.003562876409029636,0.022037120387281228,0.08732978838370964,0.09685656985667768
BMY,2009-07-23,2009-07-24,18.59,0.028438069885847295,-0.003892358205961899,0.008239120234083464,0.004601517255721221,-0.03684712156548442
BMY,2009-04-28,2009-04-29,1.21,-0.0857295010360688,0.002267329179642008,-0.01989010657765533,-0.018460978106415782,0.006380156429773187
BMY,2009-01-27,2009-01-28,13.07,-0.03894295372158951,0.007912202647585631,0.06255197036459392,0.001917160320678346,-0.08732925310489847
BMY,2008-10-23,2008-10-24,9.61,0.045992181048687186,0.08765484571905025,0.05248787209472994,0.16973070945467505,0.32593274405712636
BMY,2008-07-24,2008-07-25,7.28,0.03240822336410254,0.004274970943468848,-0.05194174822716846,-0.024199031560742323,0.051603592490350514
BMY,2008-04-24,2008-04-25,2.61,0.01994630464146696,0.00023652124719708567,0.04049378639484735,-0.006727604931693998,0.07582019774581183
BMY,2008-01-31,2008-02-01,2.94,-0.004520833517982048,0.015530532815868137,0.009494811661494573,-0.02196637446559957,-0.07352433828530269
BMY,2007-10-25,2007-10-26,4.53,0.032670921585261636,-0.003992277171335212,-0.013490465606404878,0.010207405617897791,-0.0892332653129132
BMY,2007-07-26,2007-07-27,2.78,-0.050510502063841445,-0.013548326830570723,-0.013319095997970765,0.009583680765991476,-0.02311108273671847
BMY,2007-04-26,2007-04-27,64.8,-0.018179631084597414,-0.0023343057068879736,0.019844033888544832,0.01572223125678085,0.06980097490733117
BMY,2007-01-25,2007-01-26,18.15,-0.01625695193793364,0.047110260598969944,0.07385772672324009,0.01600159358995845,0.06291668142903695
BMY,2006-10-26,2006-10-27,11.42,0.004396725284473768,-0.013855551754069606,0.0034538774000159034,-0.00774812386812096,0.036635753899950885
BMY,2006-07-27,2006-07-28,10.32,-0.06755133717678363,-0.019416965351973348,-0.07200924198964398,-0.12831607217267615,-0.06333312797137713
BMY,2006-04-27,2006-04-28,-0.2,0.008214291001614527,-0.006833631770424176,-0.011926292100390867,0.006561532232213119,0.06364134932434062
BMY,2006-01-25,2006-01-26,11.27,0.05407802676338669,0.007091356534034032,0.0009585326842511677,-0.000624129989361899,0.06756889316468273
BMY,2005-10-28,2005-10-31,-6.82,-0.0402619404348612,-0.009609961718534898,-0.011340674469476397,-0.01513052358876199,0.02353408049354777
BMY,2005-07-28,2005-07-29,31.72,-0.004377080007009648,0.003129326586853276,0.0017463023110873,-0.016349031914222767,-0.09699885156164012
BMY,2005-04-28,2005-04-29,21.0,0.00845181437159126,-0.002538790816825953,-0.01234596652098352,-0.056953309456100665,-0.10689944206597735
BMY,2005-01-27,2005-01-28,16.79,-0.028262608235135156,-0.007068884813970944,0.0042883520330601055,0.039671596276664056,0.12256110768646333
UNH,2026-01-27,2026-01-28,0.19,-0.16774395432176314,-0.0038994844577004972,-0.0482879445143648,-0.0162318822575086,0.18707817744393718
UNH,2025-10-28,2025-10-29,3.99,-0.03242887831555752,-0.018585792150256575,-0.06319306055187257,-0.06070296197363234,-0.2136679420456904
UNH,2025-07-29,2025-07-30,-8.23,-0.053103315187955746,-0.05819438175991809,-0.0735059888994426,0.12305277245123913,0.3016937578005672
UNH,2025-04-17,2025-04-21,-1.28,-0.25057999578152457,-0.021668263272891286,-0.08447461405027146,-0.41487197154047406,-0.5436723541235721
UNH,2025-01-16,2025-01-17,1.08,-0.0700386404024822,0.020723560353405723,0.06323169749871194,-0.04099139536007668,0.24737424297772037
UNH,2024-10-15,2024-10-16,1.7,-0.05280325074970171,-0.009379904258740801,-0.004325600395146956,0.03486553363765932,-0.04783347707010632
UNH,2024-07-16,2024-07-17,2.49,0.1205401602177869,-0.007909404456155844,0.004606487707323748,0.03482917355433823,0.008664569936373656
UNH,2024-04-16,2024-04-17,4.44,0.0825913954284152,0.03168262307562597,0.007639632056371637,0.02210696842325688,-0.04492921733349853
UNH,2024-01-12,2024-01-16,2.89,-0.035059973903120656,0.016711258653934857,-0.027900834515025563,-0.04475223967951769,-0.23986957736034997
UNH,2023-10-13,2023-10-16,3.34,0.01827775013048183,-0.0025189544409038866,0.005137867402704832,-0.0010791900015181266,-0.09038594614526296
UNH,2023-07-14,2023-07-17,2.68,0.07829170105741357,0.025456470790435448,0.04336529752808693,0.06152153117203263,0.11993243010422827
UNH,2023-04-14,2023-04-17,3.03,-0.04081533975404328,-0.0023738147311365143,-0.02930786319044798,-0.03434179787599312,-0.20042861759560981
UNH,2023-01-13,2023-01-17,3.22,-0.023405600188480147,-0.002435629716510457,0.007331936974273479,-0.021406806649884702,0.04525820942761927
UNH,2022-10-14,2022-10-17,6.5,0.02115182662347692,-0.011117083746206013,0.004936779226083043,-0.09272779990516666,-0.13442918979411722
UNH,2022-07-15,2022-07-18,6.94,0.023025639641544027,9.055539825797432e-05,-0.016212418353571678,-0.07416196062713554,0.024896489626138996
UNH,2022-04-14,2022-04-18,2.6,0.006608262836814149,-0.009364817339341691,0.003231652843757926,0.002495081730796045,0.07749940057460258
UNH,2022-01-19,2022-01-20,3.96,0.025697130985409378,0.015677846707958465,0.0316937298536365,0.037542895162196,0.17354136029680656
UNH,2021-10-14,2021-10-15,2.35,0.036196008239679944,-0.011019821217461145,0.03300727638306089,0.024235327997848666,0.04192951073126161
UNH,2021-07-15,2021-07-16,5.37,0.023192102294729455,-0.010583923555607222,-0.024703503164614005,-0.05769995612349399,-0.04265730092477393
UNH,2021-04-15,2021-04-16,21.2,0.02682372793714216,0.001920815374942042,0.025030812196623287,0.049684598740146635,0.026982998106473755
UNH,2021-01-20,2021-01-21,4.53,-0.006784310205856459,-0.017446447525338526,-0.030261996356258924,-0.10075892614905269,0.017902247388617676
UNH,2020-10-14,2020-10-15,13.83,-0.013156808809579812,0.017025557625558685,0.011890639335681463,0.07550480589481956,0.010386088275917693
UNH,2020-07-15,2020-07-16,36.0,-0.010304074172106437,-0.004917273609853945,-0.020373276461477907,-0.0032158204406196322,-0.013805585831570655
UNH,2020-04-15,2020-04-16,1.88,0.11977974043387685,-0.053386993239381675,-0.043824805192732574,-0.04723560828336382,-0.12440430972032113
UNH,2020-01-15,2020-01-16,3.24,0.032768817257775806,-0.010660464617998966,-0.019870461182801447,-0.026703029811465218,0.04072279708994497
UNH,2019-10-15,2019-10-16,3.14,0.06606839992001423,0.02523722378537241,0.04065373065989064,0.03410258083067608,0.10637392568780046
UNH,2019-07-18,2019-07-19,3.97,-0.03558797418953241,-0.007638851037427341,-0.03074206433901472,-0.014706231865470376,-0.1369433115171027
UNH,2019-04-16,2019-04-17,3.53,-0.05624328310118032,0.02067401596063534,0.05535035064972593,0.09804902675102556,0.18786465426603383
UNH,2019-01-15,2019-01-16,1.97,0.0401106481024085,-0.014050359134361812,0.00801377138058701,-0.03654388648089535,-0.25970370208691207
UNH,2018-10-16,2018-10-17,3.47,0.005041524105171558,0.012608136414161475,0.012871576986605349,0.027794200038126937,0.030300659499622462
UNH,2018-07-17,2018-07-18,3.29,-0.012227946648131982,-0.005977266856591612,-0.012688770094051782,0.017757594412063593,0.0372985991208733
UNH,2018-04-17,2018-04-18,4.54,0.014951519288904258,0.002840338548093513,0.018655843386625293,0.01566242397181794,0.059534594058632484
UNH,2018-01-16,2018-01-17,2.96,0.03673744703521442,0.021519290875171904,0.014158864604043364,-0.004637390189271784,-0.008314785198967
UNH,2017-10-17,2017-10-18,3.62,0.06058276553294717,-0.009921439184642167,0.013034523451442959,0.01974432380396096,0.05002108880664191
UNH,2017-07-18,2017-07-19,3.42,0.009294260593252446,0.011764295036977845,0.006464310260901662,0.02441079001337587,-0.012504087504824568
UNH,2017-04-18,2017-04-19,9.13,0.01719911831357035,0.005391245373154829,0.009062707547874416,-0.01249938444022547,0.05179474407059437
UNH,2017-01-17,2017-01-18,1.83,-0.0237710238912624,0.009790547986295861,0.009751280959426234,0.005492824320089573,0.019805785152174682
UNH,2016-10-18,2016-10-19,4.33,0.0673975631292314,0.006715103902580344,-0.012302827153864215,0.03263359780858566,0.055181707347890185
UNH,2016-07-19,2016-07-20,3.75,0.012985459116438225,0.0027290606771547266,-0.006743504003930867,-0.015055620819867777,-0.04356919643322543
UNH,2016-04-19,2016-04-20,4.96,0.04377297802989677,-0.0018637167844639535,-0.004866887380755913,-0.0008331819666745899,0.027443676821578
UNH,2016-01-19,2016-01-20,1.94,0.062017942985615804,-0.016840091241960287,-0.03478910442092509,-0.011516701790328154,-0.01115472298601583
UNH,2015-10-15,2015-10-16,0.35,-0.037092073374600965,0.00575912224377606,-0.054698045407656215,-0.06783720478339905,-0.020156108002605477
UNH,2015-07-16,2015-07-17,3.5,-0.02484909769825061,-0.010206642086763806,-0.026634779960430954,-0.008449182112807874,0.04011033070191605
UNH,2015-04-16,2015-04-17,8.8,0.023633361069436698,-0.0102321012296267,-0.017961323265829998,-0.01636910690439719,0.039389874953785764
UNH,2015-01-21,2015-01-22,3.41,0.057926527704227126,-0.010767092679253354,-0.01923232387472895,-0.0357426370599192,0.022290468533565866
UNH,2014-10-16,2014-10-17,6.94,0.06232871207195312,-0.005627313820943947,-0.002996759635361723,-0.005084449132098268,0.10460399114792596
UNH,2014-07-17,2014-07-18,14.03,0.022274924659471118,-0.0035072192034270033,-0.009873045150379123,-0.037292131926042194,0.03348113991165236
UNH,2014-04-17,2014-04-21,1.08,-0.04632563549393143,0.006262478105867775,0.011395861155056863,0.020930543506837873,0.059342381466916505
UNH,2014-01-16,2014-01-17,0.53,-0.025476477306347722,0.005885468728893839,0.018661261817889074,0.01479761704843563,0.09287239331648056
UNH,2013-10-17,2013-10-18,0.16,-0.098999215519744,-0.008201984370571958,-0.025524779427281707,0.012773368033668131,0.02793302864415792
UNH,2013-07-18,2013-07-19,11.68,0.07155197767917931,0.008266196347983534,0.010991556966879257,0.019463344982167285,0.03431603297964414
UNH,2013-04-18,2013-04-19,1.1,-0.03446620371395892,-0.01809612588644971,-0.02707948370003066,-0.02707170554920668,0.0361945297269366
UNH,2013-01-17,2013-01-18,0.88,0.00806719686879176,0.02136599888223545,0.011180016945554039,0.005320678866626238,0.09096670973988963
UNH,2012-10-16,2012-10-17,10.61,-0.040805230498151324,0.002956478036241217,0.03418019886327883,-0.005812618571188755,-0.05074189848306565
UNH,2012-07-19,2012-07-20,6.73,-0.010130039345591091,-0.00613047324023297,-0.05355144831356695,-0.08298906267181216,-0.019658117775290807
UNH,2012-04-19,2012-04-20,11.45,0.042968271719646234,0.0030317182346539795,-0.044573974578459685,-0.033243223946476275,-0.05078550933733972
UNH,2012-01-19,2012-01-20,13.01,-0.03998372059130273,0.005637762368424504,-0.02292931193936798,0.012305870090649762,0.056140832573384536
UNH,2011-10-18,2011-10-19,4.53,-0.0107045998753168,0.004881937648816725,0.023560801541720577,-0.05750789641493448,0.08264370378970942
UNH,2011-07-19,2011-07-20,14.33,-0.024088871924051403,-0.0014461616859919868,-0.015995977401545902,-0.018241936649877055,-0.006729205422687068
UNH,2011-04-21,2011-04-25,36.98,0.07437843669656874,-0.01615059718525602,0.026178078861440968,0.04221502506618935,0.08571002541271233
UNH,2011-01-20,2011-01-21,25.48,-0.004633307145355481,-0.0205342938626788,0.017931460890406425,0.012146920029150632,0.059326840449457574
UNH,2010-10-19,2010-10-20,36.61,0.01670800900650027,-0.008739781363381494,-0.026107492335226246,-0.04108502216309662,0.010910107942819103
UNH,2010-07-20,2010-07-21,32.78,-0.0018434610611839375,-0.012550000059374566,-0.047169033419336204,0.034530619409156804,0.06685809906834339
UNH,2010-04-20,2010-04-21,50.16,-0.038154609241184745,0.003625665224142649,0.016557134554042285,0.06483802076983158,0.11867449651333684
UNH,2010-01-21,2010-01-22,10.79,0.0008610541297449092,-0.009952293676419255,0.011840476140263623,-0.020268210143434606,-0.17630023923802374
UNH,2009-10-20,2009-10-21,16.78,0.022235129423444633,0.013323697274157054,0.06554998060743855,0.12119461888906757,0.3296567194335973
UNH,2009-07-21,2009-07-22,4.32,0.04228382161175004,0.018302756842573986,0.07071496796954047,0.03769260822477638,-0.20943264697712627
UNH,2009-04-21,2009-04-22,20.29,-0.071131476788163,0.005525731105812559,0.012758398199409271,0.1472700821307027,-0.019770927390314386
UNH,2009-01-22,2009-01-23,-0.17,0.13054441875518508,-0.0029353512347121136,0.013711404909559355,-0.04870663641396766,-0.21647415715367668
UNH,2008-10-16,2008-10-17,0.09,0.09008246340046044,-0.014158803623119942,0.005513768480226555,-0.10847159663521888,0.07478201772827808
UNH,2008-07-22,2008-07-23,3.88,0.14810096191594813,-0.005903433516036838,-0.02009998919808753,0.09394013922165512,0.07935983452540929
UNH,2008-04-22,2008-04-23,-2.23,-0.07546910656456507,-0.03718147503225644,-0.06438726379134685,-0.02926455204732359,-0.2311644263193301
UNH,2008-01-22,2008-01-23,-0.43,-0.08807835860968194,-0.018968907032916982,-0.011617968733986128,-0.05759318783055789,-0.29916868809036723
UNH,2007-10-18,2007-10-19,3.2,0.006029475811995644,0.008518184887095215,-0.01501108604286161,0.15174032220542089,0.2449449768215528
UNH,2007-07-19,2007-07-20,7.34,-0.03590054868289294,-0.005985026026229634,0.011984860426271338,0.027645739232801114,-0.06119780343885606
UNH,2007-04-19,2007-04-20,3.99,-0.027798838053368802,0.017866206584687072,-0.007062166739428388,-0.02183857042516446,-0.0494932395002774
UNH,2007-01-18,2007-01-19,1.0,-0.04262692513574329,-0.01590417452002446,-0.026371743513706192,-0.0062770821062365645,-0.0067280253312635985
UNH,2006-10-19,2006-10-20,5.0,0.05441953805418853,-0.00578746370893457,-0.03326374086363382,-0.09421006218855599,-0.00020628020876967135
UNH,2006-07-19,2006-07-20,3.02,0.030459185463368232,0.002867300169436926,-0.029997491843178126,-0.06495850520692359,-0.12842035621263914
UNH,2006-04-18,2006-04-19,4.88,-0.06598908432054207,0.01773809903700907,-7.078575373886675e-05,-0.015254442849161554,0.019425869805752338
UNH,2006-01-19,2006-01-20,-0.69,-0.011402520526885063,-0.028622311932989364,-0.03620566012405002,-0.047427264527934554,-0.2061564012274255
UNH,2005-10-14,2005-10-17,-4.12,0.02702230043843712,0.012070399957441635,0.006151946777082307,0.009386168775556092,0.020815910460086684
UNH,2005-07-14,2005-07-15,-18.55,-0.014632550827823665,0.0037919556590300108,-0.00609191135035847,0.023198989021773864,0.12997331224463116
UNH,2005-04-14,2005-04-15,2.83,-0.0011780532217314788,-0.025581882034997228,-0.033990886427063494,0.008760880093285683,0.03495507218091287
UNH,2005-01-20,2005-01-21,0.93,0.01863671212079876,-0.004782942762110554,-0.013444290235553158,-0.02866137118957135,0.05714679758692376
AMGN,2026-02-03,2026-02-04,11.94,0.07569318472017805,0.016858415974678187,-0.007371109860422775,0.017890343748325432,-0.14619132752595088
AMGN,2025-11-04,2025-11-05,12.47,0.08794334016541128,-0.002620192456740167,0.04277509085050846,0.060999783541408004,0.04546360188632104
AMGN,2025-08-05,2025-08-06,14.08,-0.05974770993382106,0.0009430929390725762,-0.0027679520932870627,-0.0338939442580084,-0.04326258412336381
AMGN,2025-05-01,2025-05-02,15.01,-0.05537899764020804,0.0016094846812200192,-0.05034919226306156,-0.010940855128399152,-0.04163759036119741
AMGN,2025-02-04,2025-02-05,4.63,0.05477572702678857,-0.03606040222591955,-0.03999810583306451,0.0930118846271133,-0.019827776248390827
AMGN,2024-10-30,2024-10-31,9.29,0.03573353371749022,-0.007156588540633835,-0.04196302687995512,-0.1690411444894051,-0.1733803894968058
AMGN,2024-08-06,2024-08-07,-0.62,-0.041586095639000176,0.015890546800721328,-0.01563879590674433,-0.014493766952244025,-0.06808098944513041
AMGN,2024-05-02,2024-05-03,1.83,0.10042699234346952,-0.048265920910273374,-0.022340645983008778,-0.03770901635182633,-0.005144899115672397
AMGN,2024-02-06,2024-02-07,2.58,-0.09233144625149492,-0.003889057947619623,-0.02054669892750549,-0.10410869434621528,0.030672580300114216
AMGN,2023-10-31,2023-11-01,5.9,-0.025940795361232727,0.0028799480753907147,0.013095970833226334,-0.03796256722004321,0.04952451650694334
AMGN,2023-08-03,2023-08-04,11.27,0.06323264076629109,0.03097881431495675,0.08164108916341017,0.053950513890284046,0.1571975077398593
AMGN,2023-04-27,2023-04-28,3.27,-0.024676713188680033,-0.0024941582247284266,-0.005455709571896783,-0.09644073299939115,-0.10886717310722993
AMGN,2023-01-31,2023-02-01,-0.03,-0.046076271397519575,-0.014069772657490542,-0.024836789249971458,-0.007337628840364596,-0.03484049862050431
AMGN,2022-11-03,2022-11-04,5.61,-0.0038366269569269917,0.020095342590371157,0.0005146232963160191,0.004530645916870135,-0.1898682049385424
AMGN,2022-08-04,2022-08-05,7.28,-0.0012365043037990686,0.0053842864120569045,-0.024274557341136038,0.04319064203529788,0.1684392615816236
AMGN,2022-04-27,2022-04-28,3.12,-0.0751270834735841,0.01621080373824313,0.016851366721550076,0.12378628890284527,0.1454606907027881
AMGN,2022-02-07,2022-02-08,8.03,0.08010066294526919,-0.0304861989696803,-0.05212695758889718,0.020789492284210898,0.06019184106220277
AMGN,2021-11-02,2021-11-03,10.65,0.02958107932288523,-0.019383129113916375,-0.020188189903148746,-0.05425758513436196,0.07851529059024631
AMGN,2021-08-03,2021-08-04,9.2,-0.05105168246256775,0.01854559052019411,-0.01172263461643952,-0.04337439867267856,-0.13298764088375237
AMGN,2021-04-27,2021-04-28,-8.46,-0.07311192997972094,-0.014821796219229633,0.057351868948868345,0.010858213982753773,-0.0035783682977059694
AMGN,2021-02-02,2021-02-03,13.85,-0.028870934715089502,-0.010775157355371823,-0.015731949825928293,-0.04354015858119642,-0.07810276005469619
AMGN,2020-10-28,2020-10-29,16.41,-0.0008766891256345444,0.0063848825216717975,0.003564469463235964,-0.0629953700827357,0.020951090040447706
AMGN,2020-07-28,2020-07-29,12.79,-0.02480183208596709,-0.007322169669723655,-0.05115616712622151,-0.05697237804304156,-0.14191901906430304
AMGN,2020-04-30,2020-05-01,11.25,0.015553533881949688,-0.0030609233157760096,-0.017499556894924773,-0.09145439693611868,-0.028075796320653712
AMGN,2020-01-30,2020-01-31,6.52,-0.033894785170648256,-0.003586810318238376,0.028924563433169626,0.0284396079478626,0.21455084921810164
AMGN,2019-10-29,2019-10-30,3.57,0.0258622218384843,0.013902157328424924,0.016443890788837567,0.08230145846025083,-0.006801548315279682
AMGN,2019-07-30,2019-07-31,10.83,0.07299962440328944,0.005599662500230251,0.015512711735445439,0.1488232082837172,0.08148865215910073
AMGN,2019-04-30,2019-05-01,2.33,-0.02075401256146514,0.004202701099051631,-0.007985239305685732,0.011749170008849341,-0.035959375793740866
AMGN,2019-01-29,2019-01-30,4.48,-0.05141956344447407,0.0033889186981901354,0.01263234132836577,-0.005294829803874412,-0.11210937812406385
AMGN,2018-10-30,2018-10-31,6.82,-0.0012144733271097774,-0.010071426367467273,-0.01330226642906207,0.044642100461521395,-0.02894146732015357
AMGN,2018-07-26,2018-07-27,7.72,0.006011124899099385,-0.004181861659491415,0.021094166985464957,0.0071396156689473855,0.05435377597672719
AMGN,2018-04-24,2018-04-25,6.92,0.012002155866353448,-0.007076770643227759,-0.029256323473356716,0.000264579754400307,0.03233814348791664
AMGN,2018-02-01,2018-02-02,-4.71,0.02804010801563095,-0.02373504323907094,-0.021811163243451337,0.03620444793830346,-0.053807472921186816
AMGN,2017-10-25,2017-10-26,5.33,-0.017681207979056146,-0.015201169838466977,-0.030989812621680324,-0.0482118326360228,-0.026161859101650586
AMGN,2017-07-25,2017-07-26,5.22,-0.03102539049854869,-0.020333534736451275,-0.008170807794897317,-0.021093011587296595,0.014932601768826936
AMGN,2017-04-26,2017-04-27,4.76,-0.012231317518423768,0.005866600283426449,0.008977952004181722,-0.05113928317838412,0.08125764839795324
AMGN,2017-02-02,2017-02-03,3.69,0.04167036993247386,-0.0038824784972637527,-0.00731291107921872,0.04210356948506422,-0.06303151586640143
AMGN,2016-10-27,2016-10-28,8.01,-0.0812463564569379,-0.02773668057670775,-0.04859183657576849,-0.03136559335841804,-0.024512158048841215
AMGN,2016-07-27,2016-07-28,3.67,0.0214381660730667,0.0027645257075916696,0.009776064246440508,-0.004643179156765931,-0.061292269152530165
AMGN,2016-04-28,2016-04-29,11.28,-0.0023450465111323204,-0.0035894386391241984,-0.02932402709442883,-0.022286414695629864,0.010199685621312016
AMGN,2016-01-28,2016-01-29,14.26,-0.014693665233463271,0.0004925121109419228,-0.020565024361778983,-0.06111756383032507,-0.01035099801789352
AMGN,2015-10-28,2015-10-29,14.77,-0.01943616319871666,-0.010636302253488439,-0.0023356925181421406,0.019967360595825046,0.0355457987411697
AMGN,2015-07-30,2015-07-31,6.01,0.031141872252964387,-0.0022907840899261123,-0.012123509435919888,-0.05981362594762185,-0.0862965060801536
AMGN,2015-04-21,2015-04-22,17.65,0.015142582811434435,-0.0021025338556019957,-0.04773465354661599,-0.03618060160245096,-0.04340772271069604
AMGN,2015-01-27,2015-01-28,5.36,-0.006020214593330797,0.0019434441840540106,-0.040214889683213406,-0.02271844035043835,0.029330236744982807
AMGN,2014-10-27,2014-10-28,8.67,0.05735206092014411,0.012263047531010596,0.007077704673156937,-0.007778690345639161,-0.021155970449513672
AMGN,2014-07-29,2014-07-30,14.72,0.06415361456573243,-0.0004038830178363373,0.0024670177329059184,0.0486525068308401,0.14383965577269575
AMGN,2014-04-22,2014-04-23,-3.65,-0.03381095948741397,0.0015029924250657967,-0.018441882544303567,-0.0019642087187075052,-0.01011127186521521
AMGN,2014-01-28,2014-01-29,8.28,0.009192350637284186,0.003832950098041854,-0.022112596902346127,-0.009684804862991614,-0.11539684972736786
AMGN,2013-10-22,2013-10-23,8.63,0.016888505160005618,0.0012594072968221681,0.0006082127976789753,-0.019125249372119235,-0.02552711806147645
AMGN,2013-07-30,2013-07-31,8.57,-0.010586389612894487,-0.0014002722005774793,0.035167654334126164,0.04126804817433827,0.034508188044344745
AMGN,2013-04-23,2013-04-24,6.54,-0.08580360084718908,0.03149371155597569,-0.006250306012442586,-0.05040092393845885,-0.03007119020335347
AMGN,2013-01-23,2013-01-24,-2.68,-0.009921509299080866,0.004061039672823341,0.03243365075755911,0.03995932742723607,0.33037340221828027
AMGN,2012-10-23,2012-10-24,13.61,0.013248550091755407,0.0033782360138610024,-0.01582926758663461,0.001604206846041123,-0.11878946928145795
AMGN,2012-07-26,2012-07-27,18.38,0.04121501360136004,-0.0054815497157757465,-0.02520823185336729,-0.00799064862299148,0.011207139120757548
AMGN,2012-04-24,2012-04-25,11.0,0.010277055490170106,0.0015789151169289806,0.005843245347058268,0.028909507491095776,0.1281175041034902
AMGN,2012-01-26,2012-01-27,-0.65,-0.0069881009826773255,0.00326808631448694,-0.006879021634503157,-0.04837659720198406,-0.036573560776077096
AMGN,2011-10-24,2011-10-25,7.78,-0.028763042886816415,-0.0016585613305486469,-0.007936130928495988,0.021862886381868285,0.12982596974024085
AMGN,2011-07-29,2011-08-01,6.55,0.017421920614853148,0.01699209913015365,0.055936037387769644,0.08214643295790802,0.09549464175871047
AMGN,2011-04-20,2011-04-21,3.97,-0.04581275031718901,0.019671735328426698,0.03904776773435015,0.13481506140480715,0.0323576970724212
AMGN,2011-01-24,2011-01-25,6.39,-0.0028969608481461684,-0.015766883110025387,-0.037521703666300255,-0.12086483680661297,-0.05204578036834073
AMGN,2010-10-25,2010-10-26,6.99,-0.008165364579448164,-0.0011527972585312352,-0.004920699400226214,-0.0616450996664778,-0.09203506313609
AMGN,2010-07-29,2010-07-30,6.21,0.019376244904189988,-0.01634585925304277,0.006632168745170919,-0.014004842388210537,-0.01949365747185272
AMGN,2010-04-21,2010-04-22,5.05,-0.03472430170814034,0.005851915111557249,0.008716065627438097,0.02163408995911198,0.030830444054035455
AMGN,2010-01-25,2010-01-26,-5.21,-0.0012689378204303603,0.01574554570952391,0.03704780676726149,-0.010986256910554548,-0.08376046356142952
AMGN,2009-10-21,2009-10-22,17.64,-0.023286278422744222,-0.0005278724244824895,-0.020518068849943005,-0.018378070420276726,-0.0411604979228446
AMGN,2009-07-27,2009-07-28,10.66,0.026355637379385843,0.01542847891830701,0.003175382528496362,-0.08683803602474105,-0.1592763980355696
AMGN,2009-04-23,2009-04-24,-5.45,0.0795568138170697,0.016485872178562566,-0.038678066371021336,-0.037869241189493086,0.06755400368822317
AMGN,2009-01-26,2009-01-27,0.72,-0.01896482212759265,-0.002567245191049672,0.0765895643194946,0.1559790617377571,-0.1352679716587346
AMGN,2008-10-22,2008-10-23,13.38,0.10503425484362883,0.07987687951432276,0.03937032703089183,0.079548893717171,0.07552244149834786
AMGN,2008-07-28,2008-07-29,11.0,0.14866940645798454,-0.01749634410218226,0.00616838009020193,0.017702997393206132,0.07608425344172232
AMGN,2008-04-24,2008-04-25,7.28,-0.023958244109135607,-0.009681897316601962,0.0024130997606004456,0.01711738026671783,0.3745607598545233
AMGN,2008-01-24,2008-01-25,3.31,0.08187879826429967,-0.022352603439313,-0.06536045689038261,-0.06111940369194824,-0.16743085579509542
AMGN,2007-10-24,2007-10-25,5.08,-0.007286210096616785,-0.013991241676097554,0.0041131286819676705,-0.011166854755602529,-0.10542302409167792
AMGN,2007-07-26,2007-07-27,5.58,0.015931450991665486,-0.0053956324558699365,-0.07583386305175543,-0.11837819837201347,-0.03335202301922502
AMGN,2007-04-23,2007-04-24,0.04,-0.008737949416217972,-0.00150442060913214,0.059664602486519724,-0.1476193912494027,-0.1437240148757618
AMGN,2007-01-25,2007-01-26,-4.17,-0.035799934993922866,-0.020835146223523338,-0.04752688385599002,-0.09551472247886472,-0.19005400525918215
AMGN,2006-10-23,2006-10-24,6.34,0.005787009570385804,0.0031299271536786577,0.013596514761909262,-0.0461712166671866,-0.04599106960928223
AMGN,2006-07-20,2006-07-21,11.94,0.038472021303340265,-0.007349676193078469,0.01162903986092223,-0.03684093935358179,-0.01391314292717416
AMGN,2006-04-18,2006-04-19,3.29,-0.036618541995338316,0.0017003243596405149,-0.02244737521177964,0.03233466049220146,-0.005263451082333392
AMGN,2005-10-19,2005-10-20,3.41,-0.022056779345198008,-0.013760372380819397,-0.011076149504860688,0.06195420435096266,-0.028183526848970297
AMGN,2005-07-19,2005-07-20,21.88,0.1424387430982168,0.01544221712572158,-0.0014799447946149957,-0.016688760059693553,-0.021272659395367377
AMGN,2005-04-21,2005-04-22,7.3,-0.0024799746083117302,-0.02117953894782698,-0.013104229744435036,0.019885244559082915,0.1287273765972372
AMGN,2005-01-27,2005-01-28,-5.38,-0.03726320231598024,0.009117496120093493,-0.0001903522803767821,-0.02219312870309542,-0.0517473507583871
GILD,2026-02-10,2026-02-11,2.82,0.030030147884728575,-0.0101608625463675,-0.01922857853581772,-0.030541777658852465,-0.22117090389271665
GILD,2025-10-30,2025-10-31,15.68,0.018640136607146363,0.016989562197328834,0.008328977659390224,0.04052395534456088,0.15207834502352324
GILD,2025-08-07,2025-08-08,2.72,0.07583585201484078,0.01085439437548108,-0.018534142590068026,-0.047845720740738895,-0.046210890566679375
GILD,2025-04-24,2025-04-25,1.94,-0.05860122040835947,0.030344489399399377,-0.0243318792003393,-0.010993852442957586,-0.04665081651785252
GILD,2025-02-11,2025-02-12,11.73,0.08447013295133554,0.015093404015120715,0.05341209926075807,0.18326774496487708,0.006491783534397388
GILD,2024-11-06,2024-11-07,30.48,0.05233525732615907,-0.017916858658159063,-0.05534726877558216,-0.07942073820544082,-0.01156027784576219
GILD,2024-08-08,2024-08-09,25.74,-0.032223524205825194,-0.009621193882434431,-0.03837159226668563,0.04962460631044596,0.15869566420948145
GILD,2024-04-25,2024-04-26,13.11,-0.03038553186468318,0.004407213549376454,-0.01574446133400198,-0.03769732304725193,0.06898340816752002
GILD,2024-02-06,2024-02-07,-2.34,-0.0411207064359167,-0.008772628541731886,-0.01948674909101722,-0.04375961606859258,-0.15028826837290954
GILD,2023-11-07,2023-11-08,19.56,-0.04351146150266805,-0.0296849199859609,-0.0651412829401089,-0.046055949057462575,-0.12754624737779574
GILD,2023-08-03,2023-08-04,-18.25,0.04701629796776707,0.016563677440144753,0.019372892779326523,-0.035603475278047636,0.06470916135682037
GILD,2023-04-27,2023-04-28,-10.84,-0.04688397812222678,-0.008599753761947104,-0.021989189475845827,-0.07211302614728987,-0.15122816687312013
GILD,2023-02-02,2023-02-03,10.87,0.0021792704782199745,0.028123115682670674,0.036487410693119116,-0.02100846278431656,-0.03912311761308418
GILD,2022-10-27,2022-10-28,32.88,0.10099276727215112,-0.0029947250910058454,0.04606716265325339,0.057222621036461696,0.01841185736525297
GILD,2022-08-02,2022-08-03,3.91,0.03584005321228734,-0.005105615519953366,0.0006045124870639462,0.06576609439377235,0.21953756499563704
GILD,2022-04-28,2022-04-29,17.24,-0.02390202052888124,0.010326774417663831,0.03260954029655938,0.08409956302419053,0.06151042378431726
GILD,2022-02-01,2022-02-02,-56.64,-0.05817916327244199,0.016972253409763827,-0.03748632970737753,-0.015127090943671484,0.009401182247627649
GILD,2021-10-28,2021-10-29,48.72,-0.04000382025554616,0.009993950716375766,0.0019881008388131782,0.07728408541260468,0.10147448575815965
GILD,2021-07-29,2021-07-30,7.06,-0.024534703348092046,0.0029762740126078047,-0.0019010715551432966,0.01701126861725588,-0.041277903714742825
GILD,2021-04-29,2021-04-30,-1.52,-0.014813089574929217,0.03455369244859763,0.036818999315307854,0.03502853772575576,0.041887737623293786
GILD,2021-02-04,2021-02-05,1.97,0.045720200883302864,-0.014379589945238358,-0.03564883783971573,-0.03874263416918089,-0.10577686560494459
GILD,2020-10-28,2020-10-29,11.88,-0.00029969040398414304,0.003932558897390304,-0.04260367986869973,-0.07646905857424269,-0.008076869694776168
GILD,2020-07-30,2020-07-31,-23.38,-0.051970577551332275,0.024688762307075285,-0.02724277860144375,-0.13509868571036854,-0.1721796879785742
GILD,2020-04-30,2020-05-01,7.46,-0.002831810790902667,0.000995079337100968,-0.06489320994474612,-0.1403956580160981,-0.21030609376244724
GILD,2020-02-04,2020-02-05,-22.31,-0.0343492391945428,0.032159408770776166,0.0026961625016992397,0.24709062489916855,0.370484785102988
GILD,2019-10-24,2019-10-25,0.96,-0.054699085337418185,0.0008384430541099608,0.006109398170780267,-0.00039678395206488304,-0.08600957103145945
GILD,2019-07-30,2019-07-31,6.44,-0.021257225550323056,0.007945107874309687,0.0067755702285587915,1.9196273054467028e-05,0.0021862659692446496
GILD,2019-05-02,2019-05-03,9.79,0.02723150548029407,0.012456822307889692,-0.003070854256048472,0.014045670104880448,-0.018805415929840308
GILD,2019-02-04,2019-02-05,-14.98,-0.04508960886617086,0.01712776235297253,-0.03734969967969537,-0.08581982323370207,-0.0967308587351482
GILD,2018-10-25,2018-10-26,13.09,0.02539991330662672,0.022173748453645503,-0.029025957125050628,-0.04832738563415295,-0.011256140823637684
GILD,2018-07-25,2018-07-26,22.22,0.0004255545208249334,-0.010496553206237103,-0.0034286320795363645,-0.070315391410681,-0.034675638247357754
GILD,2018-05-01,2018-05-02,-11.26,-0.06911673188944345,-0.023065302971318924,-0.04172861876724954,-0.021631793442706826,0.08370542278362003
GILD,2018-02-06,2018-02-07,6.33,0.04184520931637792,-0.017348221211864523,-0.01853091492307468,-0.05652592381944477,-0.20174224767378446
GILD,2017-10-26,2017-10-27,6.62,-0.044777655404290684,-0.010288115237435558,-0.049711986853863466,-0.07945598069897009,-0.04425730603656963
GILD,2017-07-26,2017-07-27,17.74,0.017433685809846944,0.014247076219124022,-0.00689954876126897,0.00044530391101693656,0.04490108221077782
GILD,2017-05-02,2017-05-03,-2.28,-0.012376001573765394,0.011770255956522924,-0.010143683436539264,-0.058999309679778844,0.09858456251607284
GILD,2017-02-07,2017-02-08,3.77,-0.07816051555188719,-0.024487326127706988,0.0196637299907092,-0.009897718573628422,-0.027857308542657666
GILD,2016-11-01,2016-11-02,-2.99,-0.0019910512921282875,-0.005766306813976607,0.05053749250697903,-0.04231640702826556,-0.08560763292305973
GILD,2016-07-25,2016-07-26,2.24,-0.06129177513935313,0.010191084488670454,-0.012724420551679883,-0.005059838065754052,-0.08324337937361814
GILD,2016-04-28,2016-04-29,-3.27,-0.10978050370356551,0.0010080092186988132,-0.03706161834012556,-0.0460439301930784,-0.13196289012731732
GILD,2016-02-02,2016-02-03,11.84,0.039975735886200514,0.0017884978837239274,0.04784278424046551,-0.02765982319689586,-0.058142553145733356
GILD,2015-10-27,2015-10-28,12.28,-0.014022548431942394,0.010561671826027519,0.0011125984493363106,-0.005008448710266289,-0.05923227941685416
GILD,2015-07-28,2015-07-29,16.21,0.027523202656835277,0.01868999708872754,0.028816350282704017,0.0017629269642042145,-0.04534733700841742
GILD,2015-04-30,2015-05-01,28.26,0.0255781239129651,0.0033427046049705478,-0.015317562448320943,0.0823391501578079,0.08241939302790158
GILD,2015-02-03,2015-02-04,11.38,-0.08367467809207585,0.004839640533082612,0.0016827763225855108,0.019332216228253207,0.029602575598361325
GILD,2014-10-28,2014-10-29,-3.19,-0.02654953819814221,0.025200957702760096,-0.0635301089922572,-0.1422159964934383,-0.0804104065704786
GILD,2014-07-23,2014-07-24,31.29,0.011274318021756713,-0.003049306029008436,0.039144389535432755,0.12527699048628627,0.1595786651676282
GILD,2014-04-22,2014-04-23,64.18,0.0293718509080787,0.0009517518131596514,0.05809899528640328,0.09867350145910381,0.14776630858583872
GILD,2014-02-04,2014-02-05,8.99,-0.014367805905260767,-0.034300496243588774,0.009873664329926202,-0.05162209151330055,-0.08395461297215001
GILD,2013-10-29,2013-10-30,8.79,0.05698515428961115,-0.01766734187573704,-0.07806134720762425,-0.00042638506870251724,0.08880313873145096
GILD,2013-07-25,2013-07-26,0.26,0.04142196237505047,-0.005715847639293892,-0.023985817889891403,-0.0321038024703596,0.034332102172050405
GILD,2013-05-02,2013-05-03,-3.26,0.08039794236373288,-0.015596443657300507,-0.05380230181022705,-0.055275693772379064,0.06904028707304333
GILD,2013-02-04,2013-02-05,4.59,0.0007635313339804384,-0.016268138576053914,0.0007312780898918181,0.09704122404541371,0.22482305508678824
GILD,2012-10-23,2012-10-24,5.94,0.04619236143596872,-0.016955179020899935,-0.02329087570059063,0.1041183666434351,0.08019495822497569
GILD,2012-07-26,2012-07-27,3.82,0.048962047241024376,0.0019817266138633105,0.019853190030395318,0.01184524497247752,0.15640831146532386
GILD,2012-04-26,2012-04-27,-3.16,-0.016420699585913745,0.0010201381104741891,-0.012087480578278242,0.02703311944627873,0.020749829862320546
GILD,2012-02-02,2012-02-03,-7.17,0.09729398388253885,0.02498303086189646,-0.016029862605134282,-0.17127129857183243,-0.11026536014518717
GILD,2011-10-27,2011-10-28,1.2,-0.0032608384897263587,-0.0023023334006829765,-0.024114823915478256,-0.000747008462419041,0.10353619010819126
GILD,2011-07-26,2011-07-27,0.75,0.03187398253013263,0.007564179036017582,-0.04148089688447609,-0.016305556970193313,0.01802080634184411
GILD,2011-04-20,2011-04-21,-9.88,-0.05745174265957753,0.004630279177231578,-0.02544053153456549,0.050426013925755075,0.07051836010332402
GILD,2011-01-25,2011-01-26,1.53,0.030823583031806434,-0.020622275719558436,-0.011366620204285915,-0.0319053969698051,-0.05130618699183975
GILD,2010-10-19,2010-10-20,3.63,0.026108170601331415,0.016288641667608683,0.023545122878386282,-0.020942731646788615,-0.10716841483887085
GILD,2010-07-20,2010-07-21,-2.27,0.0020502635196363306,0.0041136543837705375,-0.01962083129567338,0.0007271729646673997,0.014984649408270823
GILD,2010-04-20,2010-04-21,4.67,-0.11597082252729729,-0.007154395000967373,0.008645373698439651,0.0305811877616452,-0.10456577642576548
GILD,2010-01-26,2010-01-27,8.35,0.05042651564704914,0.00043944292637609905,-0.010407761409749194,-0.02076234419702383,-0.2462431619176444
GILD,2009-10-20,2009-10-21,10.15,-0.017407292427918275,-0.02626782446466469,-0.02537119859659709,0.003898769897255683,-0.047872916085963
GILD,2009-07-21,2009-07-22,5.81,-0.006707892154906414,-0.012053246772435022,0.018765871582927973,-0.1013144419958607,-0.17936344114058733
GILD,2009-04-21,2009-04-22,6.84,0.042669897265914525,-0.016741370342255424,-0.017701858985147423,-0.15499586367874152,-0.08489389936053637
GILD,2009-01-27,2009-01-28,2.85,9.511417271457212e-05,0.034476829386734464,0.07455493413315917,0.06602543150475015,-0.09253150780193642
GILD,2008-10-16,2008-10-17,5.36,0.0886494973908718,0.02032988215012166,0.07293391705236807,0.1611025528827087,0.19416153493671573
GILD,2008-07-17,2008-07-18,-2.23,-0.11262902362445726,0.0016652281241755773,0.10451452898855562,0.10261832727122555,0.0519455145471206
GILD,2008-04-16,2008-04-17,6.51,-0.050330630483047756,0.025594901970763972,0.011950673957109803,0.019862339038330568,0.1719396744511783
GILD,2008-01-23,2008-01-24,1.87,-0.005637654466383868,-0.041037170843100435,-0.015657868886903792,-0.06343944162338966,0.11108997545942145
GILD,2007-10-18,2007-10-19,5.91,0.012837943353786518,0.00775833956298122,0.07765582731395537,0.08878091169018887,0.21373826631752424
GILD,2007-07-19,2007-07-20,-13.19,-0.008718361419117526,-0.022417083163614127,0.0084646471837444,0.037908784871567125,0.069501504979256
GILD,2007-04-18,2007-04-19,6.8,0.028659683186770923,-0.0011192326203852687,0.011344339574682394,-0.012712442432404769,-0.08638131199434906
GILD,2007-01-31,2007-02-01,14.33,0.1142423653268605,-0.013405618892872506,0.005972869495509903,0.025838207589856,0.11294322859877148
GILD,2006-10-18,2006-10-19,13.07,0.0014795575132457994,0.009883129957571679,0.0009735342613506059,-0.026387755887026576,-0.07902000054534097
GILD,2006-07-20,2006-07-21,3.32,-0.010980999742676634,-0.006510408803723999,0.013877262273304325,0.01160886194164168,0.02178273231705674
GILD,2006-04-18,2006-04-19,10.9,0.0465903301120143,-0.0009138217569553131,-0.11586778193511571,-0.11194235682327369,-0.02757800524519516
GILD,2006-01-30,2006-01-31,2.66,0.02700659126335525,0.0035339693308642506,0.00713609445887764,-0.011709606477336765,-0.09896565510329225
GILD,2005-10-18,2005-10-19,3.83,-0.04166180540334041,0.0002283706115485673,0.020375602812563676,0.17811191220661016,0.2065744804369063
GILD,2005-07-19,2005-07-20,13.26,0.01414294516989223,-0.003395050155912238,-0.027942434440329622,-0.08995496851385609,0.048930230265618935
GILD,2005-04-19,2005-04-20,16.93,0.06065879777635408,0.023683145812904316,-0.02272211780759603,0.02538613182955407,0.14115186022857573
GILD,2005-01-27,2005-01-28,8.6,-0.021602944022495518,0.011931417598724181,-0.0007753589961105867,0.035499246172352894,0.22399498972411924
LLY,2026-02-04,2026-02-05,9.14,0.03459271833004651,0.017392955998979165,0.011687665347949183,-0.020535088053361017,-0.11274681516216978
LLY,2025-10-30,2025-10-31,19.15,0.06839083421589998,0.03714476520815424,0.08754587915817302,0.23045235726250346,0.16808519941793643
LLY,2025-08-07,2025-08-08,12.89,-0.16869613318170273,0.017273348572535596,0.11343938677329257,0.1649054946982822,0.360687566298578
LLY,2025-05-01,2025-05-02,-3.39,-0.10583435276381359,0.0031119364173340935,-0.10385026744236481,-0.1368098051554265,-0.1980157948318686
LLY,2025-02-06,2025-02-07,5.0,0.04861042622294254,-0.017527742492856158,-0.05196379813471119,0.013249052907941872,-0.048903863221903876
LLY,2024-10-30,2024-10-31,-19.52,-0.05915042526327885,-0.017248576936882865,-0.08634480750673412,-0.0994927151016346,-0.07379623076333997
LLY,2024-08-08,2024-08-09,41.68,0.12718761905821507,-0.008712283299867285,-0.004417967267248413,-0.005150014255228097,-0.1670290411632701
LLY,2024-04-30,2024-05-01,3.67,0.07268617083597484,-0.036183368864979304,-0.035909553035464836,0.006620453405364435,-0.05053655544876334
LLY,2024-02-06,2024-02-07,5.14,0.01589121380180747,0.013758016234840298,0.04490474220575602,0.04385688960126499,-0.014673256215163244
LLY,2023-11-02,2023-11-03,181.53,-0.004385122354422677,0.045919767785918,0.039039460960465844,-0.017233358672762877,0.03530431916602694
LLY,2023-08-08,2023-08-09,5.92,0.16989731155309784,-0.009651108630268634,0.0539575036057216,0.09366922637778186,0.13531473060495292
LLY,2023-04-27,2023-04-28,-6.33,0.0234505932200606,0.026144991375256388,0.08864448537280556,0.06857206402021632,0.04958660700529993
LLY,2023-02-02,2023-02-03,14.11,-0.013960792893438323,0.0019233909902295343,0.028265068931640713,-0.03718373793659613,0.19576523754405195
LLY,2022-11-01,2022-11-02,2.07,0.009671407900611606,0.02922812240530437,0.025384837311310804,-0.04051288301975653,-0.11705183514759965
LLY,2022-08-04,2022-08-05,-26.31,-0.037497825585323996,0.005077003365671184,-0.007192467259096613,0.05464401306126976,0.2676951316717643
LLY,2022-04-28,2022-04-29,14.43,0.037323655092535324,-0.014817009257168667,0.017930167491917892,0.10313411572793107,0.15219706098392016
LLY,2022-02-03,2022-02-04,-0.67,-0.01521341684646782,0.008492727332670147,-0.0085892927038268,0.14969336874874606,0.2631563273277404
LLY,2021-10-26,2021-10-27,-1.25,0.024427920845475404,0.0030625969534907593,0.04056832190616477,0.01654267529297848,-0.008195892427693807
LLY,2021-08-03,2021-08-04,-1.03,0.061178929289408046,0.0002201207679628503,-0.004724323947393971,-0.04535404124172826,-0.07903146868978705
LLY,2021-04-27,2021-04-28,-10.87,-0.03512344338992435,0.002765865959173608,0.07185636863228573,0.11412775736083858,0.30078320923780644
LLY,2021-01-29,2021-02-01,15.06,-0.029512096080240857,-0.04160893296746748,-0.025008823673665193,-0.01828377152669236,-0.22055346768216233
LLY,2020-10-27,2020-10-28,-10.03,-0.03581531959974926,-0.0007203783874405456,0.07992213185320529,-0.0021892563875876014,0.44840745410539173
LLY,2020-07-30,2020-07-31,18.12,-0.07515566997013512,0.0100146245533137,-0.007088019094325215,-0.08853636842940138,-0.09613690495482308
LLY,2020-04-23,2020-04-24,17.91,0.025824900544635154,-0.024484107266070976,-0.05644399706649994,-0.11194054202368597,-0.13429896316245182
LLY,2020-01-30,2020-01-31,13.9,0.012970512911434362,0.0023109341566152075,0.015938895040091383,-0.004478428356351816,0.23897975735645471
LLY,2019-10-23,2019-10-24,4.8,-0.022756870557030684,0.017789586629835208,0.0468037646473809,0.037237116039254836,0.21170515845028892
LLY,2019-07-30,2019-07-31,3.65,0.015483907253391993,0.02302643471283583,0.051722947060081625,0.05296302189461943,-0.019187859797526685
LLY,2019-04-30,2019-05-01,-0.14,-0.004862835239119123,0.004527795569600701,-0.0016640560083508449,0.030004552440613508,-0.11870369072922271
LLY,2019-02-06,2019-02-07,-0.28,-0.013491188912370888,0.016650644768597234,0.017533381633309197,0.06815050322503113,-0.09058455745199379
LLY,2018-11-06,2018-11-07,3.31,-0.03168550792289948,0.005278266514897045,0.04432740842088967,0.10245425235153172,0.11627451420852541
LLY,2018-07-24,2018-07-25,15.79,0.07134853775259753,-0.010603165563432881,0.03463138743762573,0.08759766288160287,0.2039319737588272
LLY,2018-04-24,2018-04-25,18.28,0.022749478564618286,0.00721170740436583,-0.026838535525406604,-0.010901697585013137,0.032211804708002
LLY,2018-01-31,2018-02-01,6.22,-0.042107408364240206,0.006844535404997076,-0.01444657587068121,-0.011489078301775035,0.04792108953549101
LLY,2017-10-24,2017-10-25,2.02,-0.023524699640864233,-0.00942413934439612,-0.031717085331371964,-0.025070091337009992,-0.11413598148914406
LLY,2017-07-25,2017-07-26,5.41,-0.036693457742047464,0.015347815639693674,-0.00028505868544692614,-0.027398471062512586,0.023042040819991394
LLY,2017-04-25,2017-04-26,1.76,-0.0346755091557599,0.003731100785447694,0.0032466548876726176,-0.040107839932188916,0.011833373100149869
LLY,2017-01-31,2017-02-01,-3.4,0.03851453265803917,-0.003365008801084257,-0.0005445147282099327,0.028829468383785306,0.014086586876406182
LLY,2016-10-25,2016-10-26,-8.31,-0.005090529312675174,-0.005149596958805569,-0.03482897589116363,-0.1408834650139612,-0.08961822892868965
LLY,2016-07-26,2016-07-27,0.4,0.01792150199928677,-0.006790616967570107,-0.006583245342184574,-0.05962261678823899,-0.04265704989360952
LLY,2016-04-26,2016-04-27,-2.01,-0.021894218125288245,0.008421874990173439,-0.0007041462861313574,-0.018908137824041993,0.03043296828046227
LLY,2016-01-28,2016-01-29,-0.47,-0.06224718225037684,-0.008488113912776485,-0.03064502273527936,-0.0825947318006578,-0.11308849263407494
LLY,2015-10-22,2015-10-23,16.74,-0.011159080649662423,0.012673447179200936,0.03960560848893535,0.07682706694993913,0.14102717539851473
LLY,2015-07-23,2015-07-24,22.12,-0.003273464257098846,-0.0009102514339763834,-0.01449760591619309,0.05265927377347257,-0.029882324346153344
LLY,2015-04-23,2015-04-24,17.4,-0.014801537652916585,-0.005481821701191936,0.02590896208100346,0.038847027428565495,0.19837448034560157
LLY,2015-01-30,2015-02-02,2.46,-0.005477978141657847,-0.025620118101065126,-0.042435398038105365,-0.056963786115273085,-0.032062181581949734
LLY,2014-10-23,2014-10-24,-1.19,0.0017718101377730555,0.0036449255778266965,-0.022386207714560014,-0.024929614112854104,0.050008037958158
LLY,2014-07-24,2014-07-25,4.3,-0.0026843140982649727,-0.006519286079202491,-0.022203731915331093,-0.02246167789738074,0.030329780199979894
LLY,2014-04-24,2014-04-25,0.36,-0.011608407994513903,0.004867178640159953,0.00041276323501415746,0.008927449101187035,0.029256686229959694
LLY,2014-01-30,2014-01-31,-0.41,-0.0028247258890130578,-0.0024899070582801164,-0.023230273628921716,0.06469598734110038,0.055522006628932585
LLY,2013-10-23,2013-10-24,7.39,0.009457926947782247,-0.0023913676786502247,-0.018095222430551505,-0.018490482560235,0.05282028553192153
LLY,2013-07-24,2013-07-25,14.81,0.032619589760682466,0.013576318295388745,0.007062894165804856,0.023643773660990686,-0.08634672625711237
LLY,2013-04-24,2013-04-25,8.35,-0.037263884026119354,0.0022978261845770787,-0.038415892974913324,-0.06514545863884791,-0.16982499544721186
LLY,2013-01-29,2013-01-30,7.88,0.02868579090728507,-0.006028820662787204,-0.011326080691894447,0.008434408847484143,-0.00688878968870843
LLY,2012-10-24,2012-10-25,-5.11,-0.01605987790642882,-0.016466632948416215,-0.04799749197334657,-0.049218123634591104,-0.017522013199869457
LLY,2012-07-25,2012-07-26,8.3,0.02210252452216377,-0.0010050433105375234,-0.010101130353598498,-0.04966742040823069,0.16724205279221405
LLY,2012-04-25,2012-04-26,15.68,0.002267224915393218,0.00863246570800813,0.01603331181112022,0.07324410460470765,0.11607436257824966
LLY,2012-01-31,2012-02-01,7.99,0.00563901545597667,-0.006610536421725044,-0.021035165091787045,-0.03853415553209416,-0.013645695891895793
LLY,2011-10-20,2011-10-21,0.46,-0.03972520378386546,-0.00910867438502816,-0.0318310725978348,-0.0022340536522208465,0.0018572339536686577
LLY,2011-07-21,2011-07-22,0.11,-0.0006646533338221516,-0.002178403935914064,0.028674469203089803,0.08071454608681194,0.09728352530028961
LLY,2011-04-18,2011-04-19,6.5,-0.003080396189955037,-0.001586811838443225,0.00965326979234682,0.07611903451773094,0.07956507401779511
LLY,2011-01-27,2011-01-28,2.04,0.009887960116278127,-0.007516593072318667,-0.004998077955459035,-0.03469020832423131,0.01378929758721359
LLY,2010-10-21,2010-10-22,5.05,-0.021012094382421465,-0.01058454098438777,-0.006832408111444699,-0.028280186097493942,-0.09694157969470463
LLY,2010-07-22,2010-07-23,12.13,-0.024899614297222428,-0.0027390004645277966,0.013494589626245723,0.010420932270906458,0.01938127279280466
LLY,2010-04-19,2010-04-20,6.56,-0.013008077522231098,-0.0124146661494412,-0.025587912178257843,0.0034547366305992533,0.06466719447104263
LLY,2010-01-28,2010-01-29,-0.07,-0.010485200155628704,-0.02123231153062599,-0.012520435125125795,-0.05313988658188684,-0.10320268515986375
LLY,2009-10-21,2009-10-22,18.21,-0.03344845994351031,0.007327931972388235,0.02568586063294709,0.06965735078773005,0.06191323014459926
LLY,2009-07-22,2009-07-23,9.52,-0.02680291785754252,0.007573116987737993,0.012119937956687865,-0.05278043229428164,-0.10079770240664399
LLY,2009-04-20,2009-04-21,20.83,0.011049693993854581,-0.01188293959915876,-0.010195084159244638,-0.021218891668942197,-0.07421261740906426
LLY,2009-01-29,2009-01-30,2.27,-0.005892014918184807,0.015240433423963418,-0.013165756675937557,-0.08854970008780183,-0.12666844677629374
LLY,2008-10-23,2008-10-24,1.98,0.027883690483756718,-0.006415789374188963,-0.0466096375933851,0.05888107561377509,0.24958505235806394
LLY,2008-07-24,2008-07-25,-0.5,0.024977440625421954,0.010689534214244123,-0.021524299190097795,-0.018951292225082517,-0.07190192085410241
LLY,2008-04-21,2008-04-22,-3.85,-0.05409885367337264,0.004449216574357817,-0.027428632665826402,-0.020755590053478157,0.0837593751558302
LLY,2008-01-29,2008-01-30,0.93,0.0014673013873325313,-0.017456128522122194,0.01476102137436941,-0.013485654156497828,-0.0697026513917941
LLY,2007-10-17,2007-10-18,4.34,-0.008163318896796778,0.01574172798261364,-0.06245503570631872,-0.020495280261046633,0.1033046121021216
LLY,2007-07-24,2007-07-25,9.16,0.037542387274146605,-0.006094395919264417,-0.038385402541778024,-0.006340488392657662,-0.04189624375603973
LLY,2007-04-16,2007-04-17,6.68,0.02280642245120479,0.003362025722964068,-3.9330178336793864e-05,-0.01003706690748385,-0.08245208034327034
LLY,2007-01-31,2007-02-01,4.17,0.02594079652479886,-0.004486743028021989,-0.013059065132737135,-0.006256504106152305,0.058590452982082875
LLY,2006-10-19,2006-10-20,1.2,-0.01916954088573708,0.0071012305157689415,-0.011488632749786287,-0.06606427131585113,-0.11740208154711507
LLY,2006-07-21,2006-07-24,0.97,-0.015499006193651632,-0.011778194792280594,0.0005756321507004447,-0.04409389069747449,-0.05058802601901413
LLY,2006-04-20,2006-04-21,2.84,-0.03299984846467652,-0.005160999254366083,-0.00262962934161437,0.002067979370346529,0.09715092202020081
LLY,2006-01-26,2006-01-27,2.19,-0.008195879660206407,-0.002350025118255661,-0.011705865717905994,-0.014336610974806985,-0.1045530014306113
LLY,2005-10-20,2005-10-21,2.83,-0.0036661555536524615,-0.013913761861047202,-0.028141222565029933,-0.05905277050101265,0.044173827241350105
LLY,2005-07-21,2005-07-22,0.64,-0.04027882922264203,-0.001712737239691231,0.02238097479052925,-0.028733731054455314,-0.024683543744067893
LLY,2005-04-18,2005-04-19,0.48,0.012726386198402606,-0.010103396779217233,-0.015842457234675478,-0.010472486727883368,-0.1053089302694784
LLY,2005-01-26,2005-01-27,2.04,0.008420920134829757,-0.035810483585728026,-0.025625526528424203,-0.02236890970327221,0.07044618418667703
TMO,2026-01-29,2026-01-30,1.87,-0.04340903947364372,0.0004899094704522433,-0.05988693189518046,-0.11295327984050796,-0.2178320894562663
TMO,2025-10-22,2025-10-23,5.32,0.02424639266627371,-0.007140933801888627,-0.03944765711044196,0.030077473987956127,0.0901045014069457
TMO,2025-07-23,2025-07-24,2.55,0.10202797504304839,0.002701532241432769,-0.011784503308649441,0.016596729052773318,0.08537175548493137
TMO,2025-04-23,2025-04-24,0.94,-0.05543371998130586,-0.012897223582454376,-0.037415384633809,-0.12794287177997554,-0.1504162837110814
TMO,2025-01-30,2025-01-31,2.66,0.0519343937612784,3.791841092837256e-05,-0.04222020137972482,-0.0939890902012882,-0.2080064525816554
TMO,2024-10-23,2024-10-24,0.5,-0.04246171674745702,-0.005036910034370901,-0.0015431995283982092,-0.09897287157364554,-0.024105758822872803
TMO,2024-07-24,2024-07-25,4.72,0.10427970617437743,0.01006166764437011,0.03732649566494106,-0.01733488131873595,-0.07633074056271871
TMO,2024-04-24,2024-04-25,8.45,-0.0007059468153833848,-0.006202979535944841,-0.0038980947329075866,-0.021365538255799565,-0.13686228080102625
TMO,2024-01-31,2024-02-01,0.42,-0.02281268763327049,-0.011269656620542357,-0.021069268184216505,-0.004702867653891607,-0.0005381061896037043
TMO,2023-10-25,2023-10-26,1.37,-0.013342471204697115,-0.015346330391678653,-0.027305069557254757,0.011379875599533351,0.04630199147131875
TMO,2023-07-26,2023-07-27,-5.17,-0.012597329191394224,-0.006522671843326444,-0.012718556919942281,-0.004826284410328507,-0.10435768291122804
TMO,2023-04-26,2023-04-27,-0.08,-0.02536229094514597,0.013342466608390557,0.022477175801218663,-0.04664540106369963,-0.05637930445175998
TMO,2023-02-01,2023-02-02,3.84,0.004012170541340954,0.011804241091764811,-0.007649849414742671,-0.01685697203254921,-0.06585286780725497
TMO,2022-10-26,2022-10-27,5.5,-0.018839853782538274,-0.012713369758769355,0.0007698172644413637,0.047398187244369394,0.0966798389147785
TMO,2022-07-28,2022-07-29,10.61,0.0010156731703161448,-0.011844446140601539,-0.01721148281555951,-0.041772836974076744,-0.07901499973186366
TMO,2022-04-28,2022-04-29,16.8,0.07495667781037252,-0.0194029139460965,-0.00968369416917203,0.02722792527622797,0.07548087057401409
TMO,2022-02-02,2022-02-03,24.01,0.015062368835852213,-0.005559568998120046,-0.030715450446448966,-0.04771528174061368,-0.013500187828317634
TMO,2021-10-27,2021-10-28,22.68,0.014106476087046627,0.018936102803500443,0.013011643058437494,0.028691126210013573,-0.03530158520819893
TMO,2021-07-28,2021-07-29,2.31,0.0028461279283757968,0.01654673138089202,0.013554586421382409,0.02286438979059513,0.11542595902810548
TMO,2021-04-29,2021-04-30,7.87,-0.031810464985401965,-0.008217875046653056,-0.015335963570812239,-0.008118746307321123,0.07286725890717571
TMO,2021-02-01,2021-02-02,7.89,-0.013697185855340743,-0.03609778944824771,-0.07917250741874915,-0.12997023727967238,-0.20842972380352442
TMO,2020-10-21,2020-10-22,30.82,0.03237639517001312,-0.00717114648253836,0.021478121685064244,-0.09815602739466223,-0.0480031715471394
TMO,2020-07-22,2020-07-23,34.57,0.024641014084538893,-0.003547922479348209,-0.002901784650589656,-0.019103371593563123,0.06250996484545523
TMO,2020-04-22,2020-04-23,4.35,-0.019336518669565983,0.011614199817955306,0.0033621728571802123,-0.009065643813124025,0.09088199651628326
TMO,2020-01-30,2020-01-31,0.37,-0.04702485202003337,0.009014994974758217,0.009029291745882295,0.013009349272542936,0.16902255294210122
TMO,2019-10-23,2019-10-24,1.84,0.039759253593459665,0.006946913096970819,0.019248543355826042,0.007491881905849818,0.05099789741147176
TMO,2019-07-24,2019-07-25,1.44,-0.01021889525187425,-0.018331465564884297,-0.026779632603046277,-0.01727383184865272,-0.02875760658521187
TMO,2019-04-24,2019-04-25,2.68,0.024165755761004104,0.008958780591239446,0.03362261024286728,0.03938623979293587,0.0580149146832909
TMO,2019-01-30,2019-01-31,2.35,0.012267284332726058,-0.009599182709045695,-0.012012356502330679,0.03599462178845325,0.016622965334737172
TMO,2018-10-24,2018-10-25,2.23,0.043618782620777785,0.01676154783480921,0.0023743067964949738,0.046227942859932813,0.06435212097176368
TMO,2018-07-25,2018-07-26,4.74,0.050768012113048266,-0.005617250718226829,-0.00019472184131541503,-0.00783503823165077,-0.007987875452302173
TMO,2018-04-25,2018-04-26,3.85,-0.009519825713073304,-0.005615008715738612,-0.011957479143147709,-0.014409128742794763,-0.03438003364072051
TMO,2018-01-31,2018-02-01,4.48,0.03670246140785127,0.000767645278550444,-0.02121347575703658,-0.027203175083188147,0.0035965524750258826
TMO,2017-10-25,2017-10-26,2.84,0.03448012911304754,-0.04785318754996326,-0.05307307690572394,-0.052780225687855675,-0.03802447070084436
TMO,2017-07-26,2017-07-27,1.23,-0.02609149601710581,0.005167219405394885,0.003652999207914398,0.016922356919599646,0.06168134425985383
TMO,2017-04-26,2017-04-27,2.8,0.04947227881198257,-0.006038704601679212,0.01984509666972678,0.023948825513145477,0.05419213979192228
TMO,2017-01-31,2017-02-01,1.32,0.06703845711944534,-0.008962971837651379,-0.00345536375275457,-0.005857526212259101,0.031527109971126066
TMO,2016-10-27,2016-10-28,2.91,8.507727498829887e-06,-0.0012695766413413079,0.014424966498209901,-0.08416164872873033,-0.11227069438263138
TMO,2016-07-28,2016-07-29,0.8,-0.003148426598353793,0.005361530872701636,-0.013255504698446607,-0.04157910561250855,-0.02981429907823685
TMO,2016-04-28,2016-04-29,3.18,-0.005216101176601096,0.007649665163690367,0.021812942657438827,0.035677547288691436,0.046615647410698235
TMO,2016-01-28,2016-01-29,0.59,-0.05746860371001572,-0.010012272058786853,-0.03745690536654367,-0.02090666114323214,0.019779063727008106
TMO,2015-10-21,2015-10-22,0.58,-0.046504792306181875,0.008957465819676047,0.0421237446251177,0.09203570351659085,0.16433026159559827
TMO,2015-07-22,2015-07-23,3.32,0.037676702574561016,-0.008546626104829369,-0.013570812285145673,-0.029202366936600055,-0.07204008144701035
TMO,2015-04-22,2015-04-23,1.26,-0.04381620594271829,0.0013075283012426997,-0.017085930278255557,0.014313624869726427,0.040643462132021746
TMO,2015-01-29,2015-01-30,2.5,0.010444322286975005,-0.00695327577377669,-0.03385880892966597,-0.013835258664192107,-0.044323277818541174
TMO,2014-10-22,2014-10-23,1.17,-0.021264414924986652,0.006673135220005122,-0.019731482177552273,0.017205397090501062,0.03226357730658158
TMO,2014-07-23,2014-07-24,5.66,0.01763850514285803,0.001175944097015269,-0.003960582055309914,-0.03375850436379357,-0.056873720178734044
TMO,2014-04-23,2014-04-24,9.25,-0.0409771428247504,-0.0012477559657307902,-0.006648479636826798,-0.004603386162837619,0.004246673391468558
TMO,2014-01-30,2014-01-31,3.98,0.025655556397001344,0.005048238962164442,0.014423571925261447,0.03314085570888814,-0.06152097192627948
TMO,2013-10-23,2013-10-24,1.52,0.014109783501823236,0.0034716243707479943,0.004075415354786838,0.022189370051255874,0.12590958582024858
TMO,2013-07-24,2013-07-25,1.02,0.020566071568079103,-0.008298186731947266,-0.0018025764397255895,0.007126907984452924,0.017760388642261482
TMO,2013-04-24,2013-04-25,6.09,-0.011138873066161126,0.014372074454061079,0.010713119095838275,0.025803769017757272,0.05451898220378526
TMO,2013-01-31,2013-02-01,5.87,0.054570882329366466,-0.02005125180622569,-0.006243783925547919,-0.0037535156749726184,0.020483824463867872
TMO,2012-10-24,2012-10-25,2.36,0.07092371376731799,-0.010131108134594835,0.000757569682579895,0.01571928899470776,0.08689936096579998
TMO,2012-07-25,2012-07-26,5.17,0.08190840516886033,0.00734933921005676,-0.008936495149479584,-0.0033513334739414535,0.004942517744673358
TMO,2012-04-25,2012-04-26,5.56,0.02038964670768717,-0.0016410486360078913,0.012502747824622462,0.005266568335257293,-0.04309958428869898
TMO,2012-02-01,2012-02-02,2.07,0.02555968297984479,0.013171441811156148,0.002976778799522073,0.009812006011727048,-0.04091016476159637
TMO,2011-10-26,2011-10-27,0.13,-0.0938164090749053,0.015040809415313272,0.010605317861369978,-0.02745522796533817,0.019969262844309554
TMO,2011-07-27,2011-07-28,0.84,0.002854328245542659,0.0035173174977569666,-0.023695982915218017,-0.020169119428209092,-0.07353243010543542
TMO,2011-04-27,2011-04-28,4.76,0.026019771610489517,-0.005176679198474199,0.011053807727455789,0.10845372378066132,0.07670316083830919
TMO,2011-02-02,2011-02-03,5.62,-0.02626014904361329,-0.0021139299172503456,0.00753782606282849,0.006749166703194254,0.04919385471293447
TMO,2010-10-27,2010-10-28,8.15,0.01581150690403421,0.007870509746591647,0.004667634634556883,0.006233556751602531,0.01961965412150035
TMO,2010-07-27,2010-07-28,-0.71,-0.09131946912365951,-0.01751867934038598,-0.031047900742889656,-0.013704152249959023,0.008427736459530655
TMO,2010-04-28,2010-04-29,12.17,0.022013771605806864,0.005163648121624287,0.018873566920356244,0.026184894852487206,-0.015930397434046895
TMO,2010-02-03,2010-02-04,3.17,0.028552061970028797,-0.007567882190665176,-0.014819135321908261,-0.026188744651509,0.03859108482860396
TMO,2009-10-22,2009-10-23,2.77,0.008783656698044928,-0.011415570746801662,-0.013991068619023883,-0.035570707360108256,-0.036749433008558485
TMO,2009-07-23,2009-07-24,11.25,0.03518565131523843,-0.004534749316069342,0.012400547268750062,-0.021236421624707846,-0.05151424084051315
TMO,2009-04-23,2009-04-24,-11.38,-0.08304767249940548,-0.0013972092960564675,0.08837043286211377,0.06658394688791058,0.14676142210390197
TMO,2009-02-04,2009-02-05,6.41,0.05086690494296464,-0.0007478783962084901,0.013073013920381849,0.06275124937576204,-0.13163643875761633
TMO,2008-10-23,2008-10-24,-0.33,-0.04777953539576574,-0.021656749558462196,-0.02807574750081443,-0.11953202551055664,0.0007044143392235247
TMO,2008-07-24,2008-07-25,4.17,0.021328094339313264,0.0015680655858013592,0.01839004766758201,0.008944189770556665,-0.04116394628173925
TMO,2008-04-24,2008-04-25,2.92,-0.016323602974104512,0.02104643149715546,0.03420060892153143,0.04870128470042634,0.14228443137463342
TMO,2008-02-06,2008-02-07,10.14,0.10598920299125969,0.005159603698674076,0.011465810701334123,-0.003092093298821319,-0.007527495358943037
TMO,2007-10-25,2007-10-26,2.85,-0.03494688661331602,-0.003146661685944796,-0.0032611232074600816,0.059140326584386504,-0.018048689913036098
TMO,2007-07-26,2007-07-27,8.33,0.026862733485960244,0.009050194676136991,0.009984735996847571,-0.013384125635141686,0.06677017102562877
TMO,2007-04-26,2007-04-27,10.63,0.059085334955006674,-0.015155414944036716,-0.02373934540206768,-0.001502211272198295,-0.04752389572836335
TMO,2007-02-08,2007-02-09,7.14,-0.011772709625963218,-0.02103642768339009,-0.03420634438163428,-0.031056972127609273,0.02370376260185858
TMO,2006-10-25,2006-10-26,3.77,-0.018730387059136655,-0.006314224940082269,-0.004577135832362078,0.006074467131158334,0.060267782609306986
TMO,2006-07-26,2006-07-27,3.45,0.00015183330246015814,0.004983529301660017,0.015698763068986876,0.04910289687570546,0.06209835728408031
TMO,2006-04-26,2006-04-27,7.67,0.023968137058191452,-0.014899291475133136,0.004406309515483153,-0.026879655368234556,-0.06416371290751655
TMO,2006-02-01,2006-02-02,4.71,0.03532417550479949,0.011021689383666877,-0.013155522801519326,-0.007734489588834714,0.07015005452317524
TMO,2005-10-26,2005-10-27,3.36,-0.01936703073050028,-0.0036167368865034355,-0.019142348850835322,-0.04075858656421816,0.03904481774411073
TMO,2005-07-27,2005-07-28,3.45,0.007199299487190336,-0.004922509633812799,-0.026609099213564802,-0.03102637842397682,0.047661005337639284
TMO,2005-04-27,2005-04-28,-0.32,-0.029796127770496117,0.01695502427803608,0.03580990046236221,0.05232209817722233,0.1178322642478069
TMO,2005-02-02,2005-02-03,-1.49,-0.10439935728140326,0.022906059111668764,0.02814531566366263,-0.0066906902022840775,-0.045382841191180634
XOM,2026-01-30,2026-02-02,1.12,-0.01699080355056115,0.046967071174198294,0.09465736350980347,0.1260348775326764,0.09895986719584116
XOM,2025-10-31,2025-11-03,3.03,-0.013271889746810261,0.015193920081931211,0.041985803458109316,0.025760290915617268,0.23821800521198222
XOM,2025-08-01,2025-08-04,4.93,-0.03680804820160788,0.003859330063176958,-0.021868688199506603,0.06369756338893473,-0.010256514395893923
XOM,2025-05-02,2025-05-05,1.16,-0.03275314411975816,0.022302448707312572,0.02246614179226425,-0.04342628240281399,-0.0339933591185535
XOM,2025-01-31,2025-02-03,7.87,-0.01061808987567614,0.02009165666758972,0.02438718979945409,0.04816431610117644,0.0647176616535231
XOM,2024-11-01,2024-11-04,2.6,0.013613096866132546,-0.009141182350179688,-0.03512510573496441,-0.059617823583989704,-0.14230598276749207
XOM,2024-08-02,2024-08-05,6.51,0.02855953701721825,-0.01453450779271881,0.0061437075732462265,-0.052869441995777366,-0.09780627480742599
XOM,2024-04-26,2024-04-29,-4.75,-0.026977797511758883,0.004390090598322405,-0.036919087368794234,-0.07087636357014504,-0.06948665151331279
XOM,2024-02-02,2024-02-05,13.04,-0.015051686329763725,0.00398966806558021,-0.0011625962447774363,0.020241124886198003,0.13421634298822283
XOM,2023-10-27,2023-10-30,-3.82,-0.023353954012756084,-0.006563719971050541,-0.04845939151005718,-0.10438756298525687,-0.19587459710648336
XOM,2023-07-28,2023-07-31,-3.91,0.005551180302372671,-0.002919759483042128,0.015092667180192754,0.059079744663386946,0.0903641643116273
XOM,2023-04-28,2023-05-01,9.32,-0.02600504092883582,-0.02861422147385706,-0.04182039651804048,-0.09606705171515084,-0.16573297264648035
XOM,2023-01-31,2023-02-01,3.57,-0.015096121181576772,-0.04584521555629861,-0.0067816472408192,0.009982715289782784,0.02295943960393787
XOM,2022-10-28,2022-10-31,16.48,0.013916260393073143,0.014302525620026652,0.04174775165853073,-0.01776131226639177,-0.0035204176359828754
XOM,2022-07-29,2022-08-01,6.46,0.00828748801288981,0.002257785865860784,-0.06393522982259181,0.08980776992047113,0.19063017841538865
XOM,2022-04-29,2022-05-02,-6.96,0.02209935248213879,0.016015390485402792,0.01678358938006308,0.12610220022551089,0.09913826129399672
XOM,2022-02-01,2022-02-02,6.27,0.044811215566016305,0.011845448686260585,-0.009646712233095545,0.06366952711463214,0.16551233711720892
XOM,2021-10-29,2021-11-01,3.79,0.016772687133923547,-0.016385156149959945,-0.017953138634382526,-0.06622999926264983,0.21929102951374602
XOM,2021-07-30,2021-08-02,10.57,-0.01596465988085838,0.002632395828500833,-0.016974209537418128,-0.060984581611393196,0.11544171018952154
XOM,2021-04-30,2021-05-03,8.17,0.002391906043047509,0.01245979479749082,0.06454576639701082,0.039341020796882065,-0.04854427987198995
XOM,2021-02-02,2021-02-03,50.0,0.04071692267425964,0.007824428862901023,0.07478064716488442,0.27259740973575164,0.13116782300761587
XOM,2020-10-30,2020-11-02,27.8,0.030270741712034255,-0.034719958760663805,0.012722139909987273,0.05153368972219452,0.22551666078394628
XOM,2020-07-31,2020-08-03,-17.05,-0.005833103511657889,0.025012465309262932,0.03286983116075071,-0.09843600778336203,-0.24066942838850292
XOM,2020-05-01,2020-05-04,988.3,-0.010426840711616592,-0.010353576479903093,-0.012329437939481824,-0.011850318347639055,-0.15148803577161174
XOM,2020-01-31,2020-02-03,-9.58,-0.05179974313125313,-0.02775563315461904,-0.03108564078219911,-0.06947407975490016,-0.11724245099112862
XOM,2019-11-01,2019-11-04,2.56,0.04735920338602151,0.020918756094742696,-0.009909965701389023,-0.048551883856321476,-0.17466224809269293
XOM,2019-08-02,2019-08-05,-13.59,0.007290494080394949,-0.004347071767333066,-0.01190403619870506,-0.036725712844298264,-0.08732421311626015
XOM,2019-04-26,2019-04-29,-24.51,-0.0335971662855683,0.0033664089123746077,-0.03194003929791378,-0.03493960554046838,-0.07759330555820021
XOM,2019-02-01,2019-02-04,37.33,0.013494651167721639,0.006100210719294452,0.006299615375107592,0.05771179263482762,-0.01458388476577488
XOM,2018-11-02,2018-11-05,19.42,0.012462988711591683,-0.0020404364891859483,-0.00925836385590395,-0.005721633250432512,-0.07482562373779755
XOM,2018-07-27,2018-07-30,-27.78,-0.0177124501764212,-0.007743010396423777,-0.03583792063589841,-0.04136156980443206,0.005052999448667328
XOM,2018-04-27,2018-04-30,-1.27,-0.03170284067073814,-0.01206613260491074,-0.009239656277741815,0.0017906720094273965,0.007466957308206235
XOM,2018-02-02,2018-02-05,-14.45,-0.04229156360295305,-0.0368874857132826,-0.03693479034674885,-0.06854450504647047,-0.028005226290356622
XOM,2017-10-27,2017-10-30,7.4,-0.0035818360770458746,-0.0038325640362785185,-0.005665833598440528,-0.0371735572026507,-0.046671123476498266
XOM,2017-07-28,2017-07-31,-8.46,-0.00803425181652706,-0.0006048002351173309,-0.002958263174079878,-0.02642677785823766,0.008129610110567231
XOM,2017-04-28,2017-05-01,9.61,0.009509666974472752,-0.0004993491500133729,0.0060084193895255655,-0.01418128793871154,-0.05306102555040981
XOM,2017-01-31,2017-02-01,26.31,-0.022933054175882428,0.005489750910354196,-0.015737247191393577,-0.033264387575532295,-0.0570553209336323
XOM,2016-10-28,2016-10-31,5.64,-0.03850902370797793,0.011205980993408304,0.022740766944284285,0.0007618589858480185,-0.04823032341984912
XOM,2016-07-29,2016-08-01,-35.51,-0.048899889495943816,0.020150941462872662,0.02667930818446118,0.025239664777701343,0.02641076984412427
XOM,2016-04-29,2016-05-02,39.12,0.009989601033415285,-0.0027411107945115587,0.0037180990798223457,-0.001831990105112924,-0.01798284940114714
XOM,2016-02-02,2016-02-03,4.95,0.04084097961171218,0.01563359004755771,0.05178356132409012,0.015150514080132016,0.05249486915245827
XOM,2015-10-30,2015-11-02,12.77,0.02962061787085224,0.015511165133012206,-0.019690621680582,-0.03275869372672058,-0.005412475436708641
XOM,2015-07-31,2015-08-03,-4.92,-0.05474549883267876,-0.009447155542229302,0.00512149961884556,0.030664634458294815,0.058621089864348774
XOM,2015-04-30,2015-05-01,40.97,0.010440662085348551,7.878313849318808e-05,-0.0026959050418526864,-0.037978172225697326,-0.06225199306375706
XOM,2015-02-02,2015-02-03,-2.19,0.02822585187611315,-0.004755926137991806,-0.015633263960890376,-0.07415909310612379,-0.0679862390915017
XOM,2014-10-31,2014-11-03,10.12,-0.0034112982185317,-0.004298839335685645,0.007051096488888131,-0.030460332854771788,-0.06963294076698967
XOM,2014-07-31,2014-08-01,10.02,-0.020355621087659204,0.0062401644516936194,0.005669559188807183,-0.02895660390712007,-0.06868748002690195
XOM,2014-05-01,2014-05-02,11.75,-0.0025784420098288185,0.006908535135324412,0.006728798037235584,-0.03937679368486868,-0.030302131037055258
XOM,2014-01-30,2014-01-31,-0.5,-0.03569659296882355,-0.00038976807544410796,-0.01860090167502615,0.005416612511942809,0.05023937203579942
XOM,2013-10-31,2013-11-01,0.58,0.01182650841110866,0.021865575421687433,0.0332938027515024,0.023761586668557433,0.030885469949263777
XOM,2013-08-01,2013-08-02,-18.29,-0.03247666420834461,-0.0024526252215435473,0.003035700599003266,-0.0028392743589270575,-0.06973617579903879
XOM,2013-04-25,2013-04-26,3.23,-0.01827065612129064,-0.004311913356090047,0.003174782223991146,0.002630241625382501,0.014764108901064832
XOM,2013-02-01,2013-02-04,10.26,-0.008045913354690182,-0.0034793065457277006,-0.018344664870814764,-0.02018218264422611,-0.075278292255059
XOM,2012-11-01,2012-11-02,8.16,-0.011356846163242174,0.0019386020561154016,-0.00383182934783155,-0.022613892460791152,-0.06208527108275952
XOM,2012-07-26,2012-07-27,-8.04,-0.009307517488035044,0.001257659550771173,-0.0036879614374041303,-0.007002187149947714,0.02142560529062787
XOM,2012-04-26,2012-04-27,-5.13,-0.017487126795023733,0.00672409389265427,0.006605209918538413,0.019150264701473296,0.03041533962721199
XOM,2012-01-31,2012-02-01,-0.36,-0.026153981535014914,-0.006824785231226871,0.001105851405223568,1.2856348063916556e-05,-0.03369225399935094
XOM,2011-10-27,2011-10-28,-0.17,-0.02953719871252658,-0.017499323049008364,-0.01206628014796396,0.0054560455780915396,0.03926030436681294
XOM,2011-07-28,2011-07-29,-6.37,-0.03252738069101213,0.0018715139016456384,0.009234210121270348,0.004239251623362139,0.03606915095134
XOM,2011-04-28,2011-04-29,5.9,-0.0033226760011650924,-0.009940936729740613,-0.04378264396140297,-0.03407969184310178,-0.0177166498577086
XOM,2011-01-31,2011-02-01,13.85,0.038641099337506146,-0.004046382251854497,-0.019868826070519985,0.01569194390031714,0.0007661054089649344
XOM,2010-10-28,2010-10-29,3.44,0.01155788125734003,0.00658062049029251,0.017090163448468587,0.04544015112372346,0.10550920685066001
XOM,2010-07-29,2010-07-30,8.64,-0.015140399676936589,0.015287843432806314,0.019145955133525128,0.040104822392968864,0.03497459629198385
XOM,2010-04-29,2010-04-30,-0.95,-0.0157488033352029,-0.011929160280688578,0.0034909077533101796,-0.022352035557324013,-0.03996820907725551
XOM,2010-02-01,2010-02-02,6.61,0.011425009472485037,-0.0003938587993350673,0.00869571713157713,-0.033869244768039763,-0.06737631804511124
XOM,2009-10-29,2009-10-30,-4.95,-0.021247230554342966,-0.0006414309755911063,-0.02177582639066422,-0.008070936694728026,-0.14237057255422925
XOM,2009-07-30,2009-07-31,-17.81,-0.026439120346742784,-0.012802309457731864,-0.03725812683030183,-0.044001919344788476,-0.04042766870412984
XOM,2009-04-30,2009-05-01,-3.06,-0.012004637981191002,-0.03122549067419289,-0.016888796352829694,-0.016843372004291757,-0.05671083125541898
XOM,2009-01-30,2009-02-02,2.47,0.019274443197805136,0.0045990884472912885,-0.013132910671574294,-0.005058741040924852,-0.1689006632251412
XOM,2008-10-30,2008-10-31,8.75,-0.047387788446505485,-0.000597304159288603,0.034116655271106966,0.16034799240681807,0.16456150095047983
XOM,2008-07-31,2008-08-01,-10.31,-0.03678707968498662,-0.02986292753999309,-0.03798751169975201,-0.012082951429335465,0.16398390493996984
XOM,2008-05-01,2008-05-02,-3.96,-0.06068387358233507,0.003689661171971448,0.014057255457995854,0.002735671735574763,0.009996572198467057
XOM,2008-02-01,2008-02-04,7.85,-0.006309198977887065,-0.0122005906794177,0.007752823018120192,0.05405530867216557,0.08584576488525597
XOM,2007-11-01,2007-11-02,-2.09,-0.021826925659804597,0.004535561194821347,0.03163677375513674,0.037671821941848815,0.06507364469914045
XOM,2007-07-26,2007-07-27,-6.66,-0.034720946254566565,-0.010736590273621394,-0.03198248636776624,-0.017019611227833797,0.02406107357039744
XOM,2007-04-26,2007-04-27,6.23,0.005171949765753192,-0.003903127297598674,-0.006931242916142333,0.029239006557284064,0.11909534226895357
XOM,2007-02-01,2007-02-02,11.4,0.012059775715407728,0.0014444275695404407,0.00601158949081626,-0.01814276934306558,0.02830354007295144
XOM,2006-10-26,2006-10-27,11.39,0.009517292273960698,-0.00795086556948188,0.019589779634065607,0.014832565255094021,-0.0017891921169155278
XOM,2006-07-27,2006-07-28,4.62,-0.003061060590130227,0.012061069466947627,0.023505056330187735,0.04177202260903368,-0.030452115999797025
XOM,2006-04-27,2006-04-28,-3.69,-0.008522066100676629,0.013528758469938063,0.006598027711430143,0.004634410794280175,0.0797384879174603
XOM,2006-01-30,2006-01-31,13.48,0.03191206455268736,-0.019728813614352414,-0.019216886030118507,-0.04796436604509502,-0.031747306325340174
XOM,2005-10-27,2005-10-28,-5.1,-0.0016442245468428762,-0.005773871192208846,0.00895436266988714,-0.0051943611768805464,0.0013357441092678446
XOM,2005-07-28,2005-07-29,0.65,-0.013857964528830924,0.008897483699795039,-0.004284349742113447,0.023168074548092554,-0.0011764253786288315
XOM,2005-04-28,2005-04-29,-4.01,-0.02398876243150172,0.00683326972869347,-0.001581982454677,-0.03783735005385336,-0.019486807135963513
XOM,2005-01-31,2005-02-01,23.93,0.026406099869142663,0.009362573356790804,0.04131392311786386,0.1634043461940884,0.09223450654710019
CVX,2026-01-30,2026-02-02,5.2,0.014615728699898689,0.03149744295669055,0.051343899562250495,0.11699397684139579,0.08928009517254454
CVX,2025-10-31,2025-11-03,8.39,-0.0017759271231339024,0.007633877088551011,0.013232329354949668,-0.011061609241870385,0.14560769577355437
CVX,2025-08-01,2025-08-04,1.71,-0.002516868056346988,0.01831154753344133,0.008430179907437774,0.06894768218969394,-0.059749779131006875
CVX,2025-05-02,2025-05-05,1.31,-0.014602047684151853,0.009096278805757252,0.010596951222492157,-0.015382242384821554,0.007745789417164417
CVX,2025-01-31,2025-02-03,-2.28,-0.032636177480710016,0.01927273541357888,0.031212007623554028,0.06408100350358148,-0.009291072154462343
CVX,2024-11-01,2024-11-04,3.86,0.03254814167740294,-0.01572903974062967,-0.03437494948358233,0.002516279296473689,-0.07277657655730896
CVX,2024-08-02,2024-08-05,-14.9,-0.0049556273498609915,-0.019104753305078437,-0.02822392196761525,-0.055876597147616947,-0.08972900964232045
CVX,2024-04-26,2024-04-29,0.59,-0.0066960799484392375,-0.014580301993883493,-0.03699203226426562,-0.07289426922350262,-0.10226944018582496
CVX,2024-02-02,2024-02-05,7.26,0.023174536350387687,-0.002772078093084218,-0.018756295670468548,-0.036974355312450746,0.04036483358296317
CVX,2023-10-27,2023-10-30,-17.07,-0.06333003974789264,-0.008744665454730627,-0.042136121717714525,-0.0881898904016325,-0.14599081261660052
CVX,2023-07-23,2023-07-24,3.52,0.03018722195488599,0.001842712413710812,0.003466572927212308,0.03321815224132385,0.08225027243560978
CVX,2023-04-28,2023-05-01,5.06,-0.0057797356196396255,-0.03181258549861643,-0.039135753096535386,-0.08670316572119707,-0.12901956526785963
CVX,2023-01-27,2023-01-30,-4.82,-0.06209042259496644,-0.015736112933677382,-0.04924246138733179,-0.058127130289593376,-0.05202723762672801
CVX,2022-10-28,2022-10-31,13.09,0.0004679910773495166,0.011672940439882318,0.042245339773302915,-0.014895601837793926,-0.05557853188302786
CVX,2022-07-29,2022-08-01,15.68,0.05571737643722763,-0.0019378686710671555,-0.04963836679127642,0.05480422186832912,0.15882217636555984
CVX,2022-04-29,2022-05-02,-2.68,0.018550262519168803,0.01256749167050275,0.03622037192621941,0.10606728122252085,-0.03478872558442703
CVX,2022-01-28,2022-01-31,-18.04,-0.07313783829600484,0.01958851698753783,0.06086586951570572,0.19629566720330371,0.2718316469031651
CVX,2021-10-29,2021-11-01,35.04,0.008711922855889398,-0.010155147605864778,-0.013910899522383557,0.00663447074386514,0.2549318446719606
CVX,2021-07-30,2021-08-02,6.57,-0.0022206877762669386,0.0014092227097426413,-0.02395356002756177,-0.05228372083180388,0.09251844839204537
CVX,2021-04-30,2021-05-03,-4.57,-0.00838784971951323,0.011665473761366285,0.03890486736063892,0.01946869221410763,-0.08224786495686576
CVX,2021-01-29,2021-02-01,-111.36,-0.025611891015003052,-0.006618165085293448,0.020718205569166814,0.17486503716406898,0.12183413808666566
CVX,2020-10-30,2020-11-02,141.06,0.04802508666691496,-0.023338331467146922,0.026711708113863475,0.12141309535390588,0.0727265374552104
CVX,2020-07-31,2020-08-03,-73.22,-0.031833018951468506,0.01594651607752473,0.037391266835606674,-0.058519221979049574,-0.201386030476989
CVX,2020-05-01,2020-05-04,93.81,0.017701697003331684,0.00661746538451391,-0.010385048985676049,-0.035688838905155285,-0.1520923134134099
CVX,2020-01-31,2020-02-03,2.0,-0.03509649128021264,-0.009877968120033165,0.00044542960288396216,-0.027817641620039746,-0.009258086581687919
CVX,2019-11-01,2019-11-04,6.07,0.033435276897236355,0.004149287281020597,-0.00944030464762824,-0.044421488380535834,-0.16187842831211552
CVX,2019-08-02,2019-08-05,-2.78,0.0208113132797203,-0.008632743769227291,0.008691028696825587,-0.03511727575765211,-0.06816149190254883
CVX,2019-04-26,2019-04-29,10.25,-0.007758131735764562,0.019367864112759925,0.009349012500879827,0.06158702454733678,0.05475097709924159
CVX,2019-02-01,2019-02-04,3.32,0.03687575505231422,-0.006362601943521673,-0.018373176236596622,0.014038230625985637,-0.08394262148945653
CVX,2018-11-02,2018-11-05,18.36,0.07033173640297363,-0.006664250252846782,-0.010032414858910044,0.006825982869634317,0.01598634194912396
CVX,2018-07-27,2018-07-30,-14.83,0.0432671813092933,-0.017133010808910387,-0.04436783470297423,-0.08460233402374762,-0.08615662709032135
CVX,2018-04-27,2018-04-30,27.57,0.013923455840670118,-0.00377501395227986,-0.010469903762600152,-0.03832319292741326,-0.07151582290239689
CVX,2018-02-02,2018-02-05,-41.72,-0.04044775584629268,0.02078777378239649,0.006733637668528747,-0.01471929375438119,0.12414175392096594
CVX,2017-10-27,2017-10-30,-12.69,-0.03861505010360011,0.011555090823168745,0.014986883646882054,0.0037017537602810346,0.03571349728818696
CVX,2017-07-28,2017-07-31,4.62,0.03076570773949916,0.012333408857077677,0.0009459520509178532,0.005734435289298734,0.058089080810686644
CVX,2017-04-28,2017-05-01,41.44,0.0039312324716822555,-0.005663806243935698,0.003069440809372992,-0.019381581149140348,-0.039172070163701056
CVX,2017-01-27,2017-01-30,-66.94,-0.0328221850289927,-0.004115522276028516,0.004309400701809407,-0.023488856930846236,-0.09449180681166625
CVX,2016-10-28,2016-10-31,24.89,0.05124737566163806,0.023760968735015653,0.01722437713729419,0.01493629671842256,0.0135736252498031
CVX,2016-07-29,2016-08-01,9.69,-0.02711361095784348,0.011251055674844634,0.015971135037701645,0.033968071645982034,0.03524422940031591
CVX,2016-04-29,2016-05-02,31.35,0.0063803682544958384,-0.010559378233899297,-0.018650528691675494,-0.02101699423203307,-0.04622629636633113
CVX,2016-01-29,2016-02-01,-46.8,-0.03133938975368511,-0.029463354168525857,0.050706719646247844,-0.0003742778297266547,0.14640430000083748
CVX,2015-10-30,2015-11-02,46.97,0.0489317932147364,0.03058887729272608,-0.01682141484275801,-0.015600350925806916,-0.004530623298577563
CVX,2015-07-31,2015-08-03,-16.02,-0.07498082195428113,-0.002602267675228531,-0.0003302220527046096,0.015837646912599812,0.047527106986634426
CVX,2015-05-01,2015-05-04,69.6,-0.03839127579267454,0.008497646200805287,-0.005502974992392384,-0.04374353497562078,-0.13279572870535084
CVX,2015-01-30,2015-02-02,12.1,0.030055444170510648,0.018255829826649306,0.02778116809324338,-0.0443073300515604,0.016316067049387373
CVX,2014-10-31,2014-11-03,16.51,-0.015570902480063431,-0.008604482911102829,-0.0011911384291882765,-0.040946436317653934,-0.10783940666761715
CVX,2014-08-01,2014-08-04,11.78,-0.012422334156710235,-0.015348204082184624,-0.0031246978458376873,-0.031116196876137092,-0.10646351966894119
CVX,2014-05-02,2014-05-05,-4.7,0.0028835623505258923,0.00559304784582515,-0.008227967438383499,-0.037316220957048896,0.015779366550937368
CVX,2014-01-31,2014-02-03,-0.56,-0.017367133200944962,-0.009793829432861667,-0.0285815427728231,-0.03016690942393474,0.05346131215127192
CVX,2013-11-01,2013-11-04,-6.19,-0.021421370736600887,0.00613067790975097,0.022462312218461067,0.029623860503993127,-0.05995178697453274
CVX,2013-08-02,2013-08-05,-6.92,-0.01961167443484424,-0.0011721916015972056,-0.008347954655761325,0.017253765189291115,-0.054948515790970376
CVX,2013-04-26,2013-04-29,3.3,0.018791364676264743,0.003301770257764458,0.00033899517971747173,0.006581262648875041,-0.013450675345237917
CVX,2013-02-01,2013-02-04,-1.71,0.0015025218012058028,-0.004802280059358122,-0.011092157084176213,-9.603787847956013e-05,-0.011015199707097967
CVX,2012-11-02,2012-11-05,-17.3,-0.013505000745911544,0.002890334480967649,-0.004618024343394644,-0.03545834103810597,0.002388267118023313
CVX,2012-07-27,2012-07-30,10.0,-0.004116655092899046,0.004808651422577581,0.006789614810971845,0.004914188678135645,-0.021234518662596402
CVX,2012-04-27,2012-04-30,-1.71,0.005270274505077777,0.009827369098361682,-0.010695363320427087,-0.006730786102110975,0.041556543408828084
CVX,2012-01-27,2012-01-30,-11.59,-0.025966657608808008,-0.002424008787631715,0.008079795439060122,0.020960786308924506,-0.05221772215753018
CVX,2011-10-28,2011-10-31,14.06,-0.011639409101604659,-0.00038403851192503335,0.0193605712857694,-0.022162665681070948,-0.05957300266798227
CVX,2011-07-29,2011-08-01,8.0,0.01439034556352392,0.007232492845063554,-0.015294377939408021,0.0021142088174612717,0.03914470468842901
CVX,2011-04-29,2011-05-02,4.02,-0.006597799205408261,-0.014983129880060453,-0.026795521762024155,-0.013037836764483446,0.02048145643572219
CVX,2011-01-28,2011-01-31,8.86,0.011977189452792247,-0.0024194401058443837,0.0031905118597141957,0.07462384078837259,0.09763073135455258
CVX,2010-10-29,2010-11-01,-12.12,-0.0365070929454937,0.0006635986316081421,0.007720127512622854,0.0029506228132120116,0.07079290951971151
CVX,2010-07-30,2010-08-02,9.63,0.001020048874457835,0.015842726241061977,0.017111462835148528,0.023266639354795227,0.04621589101656798
CVX,2010-04-30,2010-05-03,22.0,0.010782490990939197,-0.0014765233664325583,-0.0006794792638857849,-0.012576730381967827,-0.004531173759252383
CVX,2010-01-29,2010-02-01,-10.11,0.0001290956751034411,-0.0002801247395454176,-0.017821851182200144,-0.022788551419297587,0.007030035297008963
CVX,2009-10-30,2009-11-02,20.36,0.005041550120215121,-0.0023806138363979823,-0.037016726924673726,-0.026253151913200767,-0.08566503123445135
CVX,2009-07-31,2009-08-03,-9.79,0.021942799409408353,-0.002446750016237731,-0.022095252237667062,-0.016704061265889747,0.034228218103677044
CVX,2009-05-01,2009-05-04,-10.67,-0.03080449021689291,-0.01053527516837871,0.01583466589446103,0.006418466972009984,-0.06422739887063766
CVX,2009-01-30,2009-02-02,17.04,0.018626453393575604,0.005159662605560111,0.00402138610442937,-0.01963797215024521,-0.09581232164054743
CVX,2008-10-31,2008-11-03,17.64,-0.015016390897283127,0.027084286822807835,0.05495357353599506,0.15590550141695148,0.10539427931508516
CVX,2008-08-01,2008-08-04,-4.08,-0.006305798048390598,-0.03070567231589061,-0.030304979204830884,-0.010474719555646272,0.09756702794212002
CVX,2008-05-02,2008-05-05,2.93,0.009217273907075052,0.0044101770176292465,0.02082430677369762,0.049735813700269804,0.0014562365028912838
CVX,2008-02-01,2008-02-04,1.08,-0.018049968982263742,-0.0010242227685687277,0.010145745637491155,0.10008581809662087,0.17255823260073688
CVX,2007-11-02,2007-11-05,-6.31,0.00019964519931348068,0.010950242332282478,0.006039986156352595,0.01629809551382433,0.003410615468994571
CVX,2007-07-27,2007-07-30,-1.3,-0.007453865549754246,-0.0022733876537579523,-0.04308532342032656,0.016643627288849938,0.0014939145189678538
CVX,2007-04-27,2007-04-30,10.91,0.004100036695805609,0.004635554074932102,0.0050718263374409656,0.018407344193607678,0.15213319593678265
CVX,2007-02-02,2007-02-05,0.46,-0.010924602043796083,-0.005833363724597418,-0.01012328926254591,-0.04066366534092869,0.037063856926537575
CVX,2006-10-27,2006-10-30,12.23,-0.009455113069224308,0.01234533981168362,0.048951745483929665,0.05162284813117157,0.04893126078640231
CVX,2006-07-28,2006-07-31,-3.31,-0.03778791008211013,0.012072445797166487,0.015571089758489975,-0.006520027580017462,-0.05834961988583931
CVX,2006-04-28,2006-05-01,0.95,0.024648184659745276,0.019132352836459532,-0.0012977245748455601,-0.0032769945684891777,0.1360454924113068
CVX,2006-01-27,2006-01-30,-1.64,0.0003212305734212606,-0.01523256082146196,-0.017113959016258562,-0.06120428338050776,-0.020080274720536972
CVX,2005-10-28,2005-10-31,-11.13,-0.007100193660146692,0.006990809021296451,-0.011698748838870898,-0.03631305603240964,-0.009215536921279854
CVX,2005-07-29,2005-08-01,6.39,-0.001268093529516734,0.013354879057311253,0.056521606292289084,0.04191146879007335,0.03923922022665649
CVX,2005-04-29,2005-05-02,-6.98,0.021009010463653555,-0.012054540063016206,-0.007688284316892613,-0.006662275952276753,0.03829688178225066
CVX,2005-01-28,2005-01-31,13.29,7.269900489759173e-05,0.007439757118147483,0.018026202208500264,0.10199620497102169,-0.020100826382037917
COP,2026-02-05,2026-02-06,-6.47,-0.006176990754148459,0.005213460633237688,0.048245913007005425,0.11378225015777854,0.10393854318473372
COP,2025-11-06,2025-11-07,14.05,-0.00016483815810797164,0.0005192714010899824,0.05085520640788932,0.06073323855149226,0.207352113812578
COP,2025-08-07,2025-08-08,4.71,0.001638637401322196,-0.0020690692686656798,0.0052962019105291525,-0.03698242439997379,-0.12450011602818545
COP,2025-05-08,2025-05-09,1.98,0.004348218910322554,0.008492199191814542,-0.009565356589288143,-0.060372275890671956,-0.06462260376139484
COP,2025-02-06,2025-02-07,7.92,-0.01275127802924203,0.004595348753262618,-0.02827284481515968,0.019051477131797556,-0.034797358418180324
COP,2024-10-31,2024-11-01,8.49,0.06265911614745068,0.011612555747448128,-0.005540246202870414,-0.0659575627490463,-0.13459429634863507
COP,2024-08-01,2024-08-02,1.67,-0.016315207386234154,0.017778299861277325,0.026681751225154038,0.025847559995151537,-0.10995385137898095
COP,2024-05-02,2024-05-03,0.15,-0.03883420400165494,0.0004724468298253903,-0.014951348798135866,-0.09475996289595823,-0.16522227234665554
COP,2024-02-08,2024-02-09,10.7,-0.016551148641200997,-0.00010101392845052182,0.005159919060152007,0.02407827156601927,0.08428951363633375
COP,2023-11-02,2023-11-03,3.3,-0.002063379622306627,-0.01298933635248889,-0.04819084911848348,-0.08937925098856947,-0.1951684668762459
COP,2023-08-03,2023-08-04,-6.04,-0.008888834361893028,-0.0019568448133504557,0.03865280669825244,0.06900798204960878,0.1153102831283086
COP,2023-05-04,2023-05-05,15.11,0.033242993937768306,0.0050140833790146555,-0.006844761766293783,-0.012887468048771611,0.06959906719462738
COP,2023-02-02,2023-02-03,-5.91,-0.0852514451140457,0.0003764605033774737,0.07473860810917066,0.03703439529591945,-0.07799827539447168
COP,2022-11-03,2022-11-04,4.57,0.04197699753049622,0.010234831978580772,-0.046487344998004554,-0.15617230019623352,-0.2628867261096576
COP,2022-08-04,2022-08-05,1.54,0.019119011288233012,0.00956159503973708,0.07365856007648075,0.24419315896233784,0.445811986352186
COP,2022-05-05,2022-05-06,3.09,0.07817600940446856,-0.06539185006033277,-0.020999609694643318,0.0937807746201651,-0.15350641147851507
COP,2022-02-03,2022-02-04,3.44,0.01522607073132054,0.014855981018750852,0.04144454725116786,0.17309596803646898,0.15464601373896558
COP,2021-11-02,2021-11-03,16.79,-0.03497535993056633,0.003123461792117199,0.005941598731203368,-0.004594955280343593,0.25015987949570173
COP,2021-08-03,2021-08-04,12.53,-0.011302179970448911,0.012236529311694166,0.030208909195780453,-0.03430106206517691,0.3289228334335961
COP,2021-05-04,2021-05-05,28.97,0.05705270968436549,-0.003295621537356297,0.029380014830350465,0.07377446890684225,-0.03135161928293084
COP,2021-02-02,2021-02-03,23.85,0.046472549477402536,0.00714844401422976,0.0719441558983076,0.31251047606904125,0.0979750828113759
COP,2020-10-29,2020-10-30,-0.95,-0.005537344845292114,0.04504552483296065,-0.05241817971880436,0.27347340951052446,0.2750196750547791
COP,2020-07-30,2020-07-31,-59.34,-0.06815162474150005,-0.025138991059907023,-0.00031575144696471824,-0.0472088498651162,-0.22269357551461966
COP,2020-04-30,2020-05-01,168.05,-0.037194563774351375,0.028412583937311275,0.07754671551067283,0.03918761879330579,-0.12510526657797483
COP,2020-02-04,2020-02-05,-6.08,-0.03372433752912718,-0.009659696829979358,0.002972756676824062,-0.09142629443047046,-0.18398678928376444
COP,2019-10-29,2019-10-30,10.44,-0.014264430993265798,0.005570217804643396,0.03732440577605467,0.059008194179845264,0.031470317879240595
COP,2019-07-30,2019-07-31,-2.21,0.028662323465583728,0.00396888260988304,-0.06568886139931196,-0.09197112999760781,-0.05678329473302823
COP,2019-04-30,2019-05-01,10.81,0.007328990967893523,-0.019861198510233713,-0.0051189658722060605,-0.01087792454395442,-0.09308067552305888
COP,2019-01-31,2019-02-01,11.02,0.03624863873629702,0.011164822920962214,-0.03237367972849048,-0.012200485048368348,-0.17029848258596958
COP,2018-10-25,2018-10-26,14.74,0.042435068698819745,-0.01096093354031602,-0.03407021268631305,-0.0633770756308647,-0.029303992149271485
COP,2018-07-26,2018-07-27,-0.42,0.008280350421253746,0.016700216692533076,-0.009985502714449757,-0.0054052240384865335,0.03099447652298748
COP,2018-04-26,2018-04-27,31.5,-0.012805026119757423,0.016158746161478943,0.031433315636282155,-0.00880426109101018,0.0386348535311587
COP,2018-02-01,2018-02-02,-0.36,0.004346364030224259,0.010984057197614416,-0.04325755386209318,-0.04775339047778582,0.17871104646273028
COP,2017-10-26,2017-10-27,86.07,0.01554054781460601,0.007240150269895329,0.03130150984116442,-0.04981004024051516,0.05657513568954431
COP,2017-07-27,2017-07-28,817.58,0.03779932367468897,0.002997300402954872,0.004603448532963128,-0.02760121096164836,0.07400427713160229
COP,2017-05-04,2017-05-05,-581.27,-0.011700449865765794,0.007864008395586208,0.01290124909251611,-0.07142778504232672,-0.06878053362865255
COP,2017-02-02,2017-02-03,37.15,0.03223727727228409,-0.004953764679585748,-0.009894567099410168,-0.07321130213444482,-0.11465796492889024
COP,2016-10-27,2016-10-28,6.4,0.08145201236020994,-0.033847136311076165,-0.03037170510752152,-0.025572383459215198,0.04050499784445449
COP,2016-07-28,2016-07-29,-29.57,0.015946286099069118,-0.02881408187681367,-0.010272078899416615,0.0354728808045599,0.04604308783295907
COP,2016-04-28,2016-04-29,9.0,0.00777420988608335,-0.027617664974828315,-0.10229588270187184,-0.08602299088918619,-0.1924000668552739
COP,2016-02-04,2016-02-05,-39.72,-0.13081865756839084,0.05996607980616653,0.014813794936751834,0.20091005013994812,0.27834295634072914
COP,2015-10-29,2015-10-30,-1.59,0.005069055646589549,0.017971876036176893,0.03521298606179024,0.0094654489326631,-0.2022491320460279
COP,2015-07-30,2015-07-31,73.4,-0.04711103833901187,-0.009142768384073907,-0.01768404226675857,-0.016623628044021177,0.07758542496640619
COP,2015-04-30,2015-05-01,1.01,-0.00982194840151096,-0.009075306900200086,-0.0082744333670568,-0.05013179250343702,-0.204316615141382
COP,2015-01-29,2015-01-30,0.99,0.009839531467224827,0.03191565426924314,0.041025195845428186,-0.029210257625593927,0.02242453148861112
COP,2014-10-30,2014-10-31,8.38,0.0018687589363510781,-0.022583192956702414,-0.008191796194630951,-0.08103842060634292,-0.13647861864254596
COP,2014-07-31,2014-08-01,0.04,-0.0236935463823138,0.008640280470261885,0.003962709239582196,-0.03620579553269487,-0.16242804634427033
COP,2014-05-01,2014-05-02,16.19,0.031067391300430458,0.0029218094352212454,0.015168209094656437,0.022152595699623356,0.07403713254371214
COP,2014-01-30,2014-01-31,6.63,-0.017898245196755314,0.005723190841989578,-0.00810998300333865,-0.0063075632392963765,0.10374148034438924
COP,2013-10-31,2013-11-01,1.11,-0.0017305902483082392,-0.00023484235539128484,0.002080833111897995,-0.03163045591859792,-0.12308433716518719
COP,2013-08-01,2013-08-02,8.88,0.02326311709303419,0.0008672529881333935,0.003643188672110109,0.028869365267892744,0.07412943832766383
COP,2013-04-25,2013-04-26,-0.48,0.008876225900697143,0.01010726084122937,0.031315248806283114,0.027777617154918666,0.0715532022931813
COP,2013-01-30,2013-01-31,-2.93,-0.052985784500707456,0.00384970988792821,-0.014795841372628016,0.0001728147093118526,-0.024340538339516993
COP,2012-10-25,2012-10-26,20.24,0.021967027769385084,0.009422384402651973,0.00448783678871667,-0.005139829442818988,-0.009196690654945883
COP,2012-07-25,2012-07-26,-2.56,-0.021117659986675474,-0.007954690312244717,0.001144273847302646,-0.0006200063869725714,0.00974228757560014
COP,2012-04-23,2012-04-24,-1.84,-0.00908168887373928,-0.025656031217380915,0.0063129322080250905,-0.007774218730714932,0.04587930580967048
COP,2012-01-25,2012-01-26,13.04,-0.018489451540937507,-0.0014148220739905737,-0.0006011688654561365,0.06394576095912141,0.007926444460495174
COP,2011-10-26,2011-10-27,17.22,-0.014645225430985453,-0.015003894444603483,-0.01375585853595318,0.0034379184464181645,-0.07648516874821087
COP,2011-07-27,2011-07-28,10.37,0.011914603821816638,-0.003884648396382362,-0.0039040718500124028,-0.0027486610887141882,0.039849445987360066
COP,2011-04-27,2011-04-28,-4.24,-0.056092599028811474,0.01624144136883854,-0.052388079799811194,-0.03458515456461764,-0.008151180662389068
COP,2011-01-26,2011-01-27,-2.24,0.021956296621623794,0.034323904121485116,0.03196822991845094,0.10559802835634868,0.137580000808885
COP,2010-10-27,2010-10-28,2.61,-0.01769245570454714,-0.0039492501554355686,-0.0045719469717731,0.017265939916661477,0.03589468899524029
COP,2010-07-28,2010-07-29,7.0,0.023728690658206375,0.01227805855614994,0.03434012349191273,0.006472520234276358,0.051490034747908364
COP,2010-04-29,2010-04-30,10.44,0.01570539649483149,-0.004345675832440721,-0.012648519610517828,-0.035353358274626934,-0.014131397182973515
COP,2010-01-27,2010-01-28,3.85,-0.034475694904421705,0.003630496453234877,0.015689755255338556,-0.01705390597875156,0.09583096583192541
COP,2009-10-28,2009-10-29,6.42,0.006286206399985339,0.006569433209312692,0.010203878259430255,-0.01588512617849336,-0.06497342177836174
COP,2009-07-29,2009-07-30,12.92,-0.035876928626950244,0.010620661912994489,0.009167931758577774,0.010872718982486207,0.10270155626111
COP,2009-04-23,2009-04-24,29.47,0.05768675843997917,0.005094445936600578,0.017109447347603668,0.06076135023361795,-0.042624637306839075
COP,2009-01-28,2009-01-29,-4.55,-0.04770246242977294,0.02818866044107826,-0.0055379896493270575,-0.07350384490297202,-0.1427246620810967
COP,2008-10-22,2008-10-23,7.93,-0.0022733629855504756,-0.008326057011793897,-0.03395832100423801,-0.0033949752205305606,0.04397477193200483
COP,2008-07-23,2008-07-24,-0.82,-0.014436633019702327,0.0025618564515481612,-0.006861162315328073,0.027588015511314623,-0.10124913119060397
COP,2008-04-24,2008-04-25,4.36,-0.02442272352505126,0.010195771093432615,0.025925677017422544,0.11329965580338597,0.09624123192728562
COP,2008-01-23,2008-01-24,2.86,0.01355612110222415,0.009879487520108365,0.05810377969850222,0.08405261121021157,0.10764372259475619
COP,2007-10-24,2007-10-25,-11.58,0.005121167947758076,0.001659186803241397,0.004428801067091648,0.0007630779190300752,-0.02500941269680146
COP,2007-07-25,2007-07-26,8.34,0.01536258614201913,3.9785930655567014e-06,-0.01116735968934457,-0.014436648357366688,0.02914160382062514
COP,2007-04-25,2007-04-26,-4.98,0.005322937397405969,-0.008953945663781382,-0.015139774148348772,0.05973537794584449,0.1843055836582952
COP,2007-01-24,2007-01-25,5.68,-0.01022502666108649,0.011997196711607705,0.03421447642073905,0.034062685090289424,0.0639321276681093
COP,2006-10-25,2006-10-26,12.94,0.006501776826216332,-0.0042419461875448095,-0.020193900764340245,0.028305189066539338,0.005111828120403228
COP,2006-07-26,2006-07-27,1.61,0.01322730868024058,-0.010905056434979965,-0.002174123064647482,-0.054227097766603394,-0.18982734174761995
COP,2006-04-26,2006-04-27,-0.47,-0.03524615647616369,0.007368985308255249,0.002920330279299943,-0.021382131286171058,0.031999143696069265
COP,2006-01-25,2006-01-26,1.59,-0.013844188447866501,0.007609238704334276,0.008455196483047822,-0.029889383491577992,0.06602551764090991
COP,2005-10-26,2005-10-27,8.81,-0.006293468359945709,0.024357959115754335,0.08406696390487611,-0.025556810765966276,-0.034816279973693076
COP,2005-07-27,2005-07-28,10.5,0.021451109550573833,-0.005334158482621754,0.019925108206574782,0.019028675165940645,-0.034422575381223064
COP,2005-04-27,2005-04-28,25.15,-0.028696756852652383,0.0067659467476242074,-0.006650566041784822,-0.02263093898016688,0.13522298259911336
COP,2005-01-26,2005-01-27,13.23,0.018916714152563685,-0.00011019506976128746,0.04026645540149909,0.20645752167436915,0.20601532281224255
SLB,2026-01-23,2026-01-26,4.96,0.0022620483856554685,0.015331640252439938,-0.03706802820460764,0.057178071341688286,0.07052909675208285
SLB,2025-10-17,2025-10-20,3.95,-0.000643743651335571,0.002707293848042247,0.06089760924103693,0.07928116939566188,0.3698255108933337
SLB,2025-07-18,2025-07-21,1.68,-0.033755175564097795,0.024007069564055517,0.06035159442460092,-0.03026432672411583,-0.07728485395733908
SLB,2025-04-25,2025-04-28,-1.34,-0.03137129364650293,-0.006005840881435853,-0.03295335073183314,-0.0781449273344842,-0.11297703378472113
SLB,2025-01-17,2025-01-21,2.01,0.04520744548166733,-0.05386115931269808,-0.0577646925106986,-0.04533494472743116,-0.08810554032002105
SLB,2024-10-18,2024-10-21,0.63,-0.03766064349893594,-0.011252976771643275,-0.01971343298977435,0.01723751733088097,0.006266910091256905
SLB,2024-07-19,2024-07-22,2.55,0.011177314196451738,-0.0063197392478413494,-0.014126661530813323,-0.09146664914170788,-0.17409822034530475
SLB,2024-04-19,2024-04-22,0.14,-0.02847262999761102,-0.011058601002732704,-0.026750948242985628,-0.08656756898545603,-0.11918972570011865
SLB,2024-01-19,2024-01-22,3.23,0.02905068409646283,-0.00804689076634657,0.03354826438281533,-0.0646979579216701,-0.030311355455641564
SLB,2023-10-20,2023-10-23,1.62,-0.0048427885717872154,-0.03881057613030359,-0.029885762394177062,-0.18405909552738564,-0.30432115133588167
SLB,2023-07-21,2023-07-24,1.0,-0.008658957665850009,0.012352456760042374,0.015245846657892415,0.040082863031893345,0.09752331010419524
SLB,2023-04-21,2023-04-24,3.59,-0.035494149429743715,-0.009215764958012795,-0.028285850082375275,-0.09895884685672973,0.04646492171729011
SLB,2023-01-20,2023-01-23,4.9,-0.05734122704693412,-0.005908523449679959,0.008692629201615842,-0.035671762356957126,-0.09103258863749131
SLB,2022-10-21,2022-10-24,14.32,0.10455232311231355,-0.009832550069812207,-0.021674295928539533,-0.03919110491241451,0.053775809091127336
SLB,2022-07-22,2022-07-25,25.09,0.08360218416514886,-0.003927751457202255,-0.03206652007651223,-0.024212246943834836,0.2622499681376024
SLB,2022-04-22,2022-04-25,2.0,-0.02641554959236625,0.05093057773309939,0.043596943689751755,0.20605497590047872,-0.06228005558854577
SLB,2022-01-21,2022-01-24,5.07,0.0033213544347221458,0.07204506020009216,0.04459173868675781,0.10731499920266174,0.15553773828529804
SLB,2021-10-22,2021-10-25,0.83,-0.002572033762322734,-0.003810265710877725,-0.04070596492714296,-0.14338212070296363,0.09872607910054243
SLB,2021-07-23,2021-07-26,15.79,0.04012689084980292,-0.004946809934523122,-0.024809367335435928,-0.08101952158161962,0.15255601708341815
SLB,2021-04-23,2021-04-26,12.76,0.03140371839346434,-0.00698938549401118,0.06874230324865849,0.19838818522527468,0.03846898600197313
SLB,2021-01-22,2021-01-25,29.07,-0.018993131773379468,-0.04056199229144908,-0.04532599592127229,0.16588303092640255,0.002948099677049232
SLB,2020-10-16,2020-10-19,25.94,-0.0700723113967534,0.027973067371035665,0.01832007659479351,0.2749949606880535,0.6286821692932218
SLB,2020-07-24,2020-07-27,486.1,0.018884635442148356,-0.020588489462343484,-0.0660135117377022,-0.06755536054131384,-0.2743216827400887
SLB,2020-04-17,2020-04-20,2.96,0.07364014722795842,-0.0038246059714567293,0.035836897587109506,0.13252282454925624,0.10308543201944942
SLB,2020-01-17,2020-01-21,6.84,-0.04833763608980768,-0.0074280728740581115,-0.06760877180566516,-0.07953130086117999,-0.4615321250219443
SLB,2019-10-18,2019-10-21,6.56,0.05093637088029701,0.03988455837174987,0.03153863905761267,-0.007353553652225564,0.06208061316248337
SLB,2019-07-19,2019-07-22,0.47,0.021420334233359872,-0.0005657528333897766,-0.019039937809750884,-0.11779258615667676,-0.16406887910065193
SLB,2019-04-18,2019-04-22,-0.96,-0.03573747429716756,-0.00811929556686275,-0.06518312824824335,-0.12501039181218743,-0.1761536835374402
SLB,2019-01-18,2019-01-22,-3.37,0.06298606410954943,-0.016878068296773074,-0.0011821890657850442,-0.0029382615498954046,-0.015040947006654815
SLB,2018-10-19,2018-10-22,1.91,-0.02269602946219762,-0.025185890099541974,-0.05380561876879453,-0.12813170310388033,-0.17861153259969564
SLB,2018-07-20,2018-07-23,1.14,-0.01834761702003529,-0.008378973890839525,0.028881652559409887,-0.05359484974935247,-0.0901813033795702
SLB,2018-04-20,2018-04-23,3.35,-0.010865416286262475,0.00432518020971806,0.002648782209293321,0.06330254260204282,-0.07884211709761624
SLB,2018-01-19,2018-01-22,8.33,0.03206448516745897,-0.009392171450122277,-0.04977703978166048,-0.1319758215829383,-0.07253532994808487
SLB,2017-10-20,2017-10-23,0.77,-0.041406157871055504,0.006803885053627612,0.033036648407387625,-0.011620168765887229,0.14352332653083422
SLB,2017-07-21,2017-07-24,17.74,-0.007819528847625934,0.00645195938404286,0.03302408625269848,-0.03560808947414862,-0.03103327096851305
SLB,2017-04-21,2017-04-24,0.8,-0.03927547975383805,-0.0059536210921429245,-0.030657831127505863,-0.03973301893534065,-0.12982266928967712
SLB,2017-01-20,2017-01-23,1.53,-0.034663421919104764,-0.002732785824406614,-0.014022197077226628,-0.08246075067059777,-0.12361001384004622
SLB,2016-10-20,2016-10-21,14.01,-0.03419451577850685,-0.006241245167119991,-0.009052726929170696,-0.026964662026287445,0.028069185424317578
SLB,2016-07-21,2016-07-22,8.25,0.011840480700706646,-0.008312217018185963,-0.012803425373538624,0.014846563712781924,0.016037067995371412
SLB,2016-04-21,2016-04-22,3.12,-0.009047938491161478,-0.012790357381839645,0.01776239123104162,-0.04552669478617233,-0.03498006763539041
SLB,2016-01-21,2016-01-22,4.09,0.04157021138886896,-0.014024726232747642,0.09163970491466755,0.1266308517479824,0.12300662870469159
SLB,2015-10-15,2015-10-16,1.74,-0.026636787715081933,-0.005457951496034008,0.030677713644216453,0.025467428285963933,-0.07063062412627796
SLB,2015-07-16,2015-07-17,11.3,-0.007922525497879418,-0.0027874338679706456,0.011407966742923992,0.016193073587438933,-0.05219103147790549
SLB,2015-04-16,2015-04-17,19.07,0.021133372571755182,-0.013336688248511863,-0.03125377396158391,-0.02934539704711059,-0.09448937617032083
SLB,2015-01-15,2015-01-16,3.43,0.03367094919417046,-0.012583551035859508,0.009949239117089004,0.057277330196993104,0.08949379880433517
SLB,2014-10-16,2014-10-17,2.28,0.04241452566635062,-0.003005784458348426,-0.007436359742926113,-0.06930759627952288,-0.23351892090383009
SLB,2014-07-17,2014-07-18,1.15,-0.029113330127375825,0.007924266734216978,-0.005212565713234474,-0.04182095671211283,-0.1401113296294887
SLB,2014-04-17,2014-04-21,0.58,0.0036308914204417064,-0.002284867596291429,-0.004154403518981553,-0.023922549487217948,0.07924825288856607
SLB,2014-01-17,2014-01-21,1.92,0.02928950325003199,0.0006660323718044037,-0.008812468076089042,0.004023282388499583,0.09802011548475842
SLB,2013-10-18,2013-10-21,3.78,0.015609448115226465,0.004692255473411455,-0.017232891844729092,-0.0444030378250575,-0.11192488121825106
SLB,2013-07-19,2013-07-22,4.37,0.06418489993027343,-0.0007393365088802506,-0.026369905503267677,-0.012662468332407806,0.07840100014020912
SLB,2013-04-19,2013-04-22,1.97,-0.00993080441687244,-0.00034084868921291367,0.019267502411893345,0.01800319213615076,0.013138701208882386
SLB,2013-01-18,2013-01-22,0.35,0.05546994025710661,0.0005700496075777828,0.014740600487804567,-0.004145933487410991,-0.12442870803511263
SLB,2012-10-19,2012-10-22,1.39,-0.00539839654483143,-0.01209427519881523,-0.035253220212891345,-0.012709372916905437,0.023056713350692704
SLB,2012-07-20,2012-07-23,4.97,0.03242615572440022,-0.014561978401424147,0.016415613149501018,0.016313513835643834,-0.022102754202874664
SLB,2012-04-20,2012-04-23,-0.88,0.02666709227011055,0.01754938192025368,0.018921687406572962,-0.026991848060482493,-0.03961143490764807
SLB,2012-01-20,2012-01-23,2.16,0.016701638870731284,0.006937764030689797,0.03027573320575827,0.026419810179405312,-0.11150821487420348
SLB,2011-10-21,2011-10-24,-2.75,-0.0036831916202459958,-0.007030132972553282,0.05129424105246638,0.05075139606659951,0.0017773759972845582
SLB,2011-07-22,2011-07-25,2.5,0.046023787434947394,-0.004394584433407012,-0.00967810196756036,-0.0768668820942141,-0.18005382729859376
SLB,2011-04-21,2011-04-25,-7.4,-0.002236631947247547,0.007521752493057976,-0.02225864626484364,-0.05597948484322712,0.009530976969711613
SLB,2011-01-21,2011-01-24,8.73,-0.020041502199951045,-0.012412094826793951,0.05951425417230338,0.08470254575615677,0.0036136056672708694
SLB,2010-10-22,2010-10-25,0.87,0.06079441776238559,0.008295126639728645,0.025363375327909443,0.10228710726472756,0.16316985829523767
SLB,2010-07-23,2010-07-26,-0.39,-0.05915231300016932,0.0014492386190223527,0.055344149265180276,-0.011687433890680832,0.02500886183910045
SLB,2010-04-23,2010-04-26,0.91,0.06342183199351514,-0.009091819792614864,-0.01074439417768669,-0.09519189877769074,-0.06386040026969708
SLB,2010-01-22,2010-01-25,4.99,-0.019319353389637972,0.00327811847522419,-0.009031248440014017,-0.07226797382971428,-0.06679049354177713
SLB,2009-10-23,2009-10-26,3.99,-0.04054704005150678,0.014381169429701579,-0.0005022110446266659,-0.031440757994477764,-0.009008096944224775
SLB,2009-07-24,2009-07-27,6.72,-0.029221870047516973,-0.028780526263775696,-0.030809823212866183,-0.03182705189132218,0.11307433891783192
SLB,2009-04-24,2009-04-27,6.44,0.03246920001296649,-0.0038823962655011313,0.05910350787117569,0.050903859226334225,0.0278386396628576
SLB,2009-01-23,2009-01-26,-1.41,0.11567316202734057,-0.01087153679534103,-0.015664002479652606,-0.015400137882073506,0.08874129172891831
SLB,2008-10-17,2008-10-20,0.18,-0.006003869684717333,-0.005308371651122079,-0.07314819336450928,-0.004749505016783062,-0.13725585313059796
SLB,2008-07-18,2008-07-21,2.83,0.08930448375573707,-0.03010388309238321,-0.06044368138231404,-0.17608654547299096,-0.1668748969193603
SLB,2008-04-18,2008-04-21,-5.0,0.11088037854214994,-0.004950631860735744,-0.05035361372387093,-0.035098232014668995,-0.0006617792109819831
SLB,2008-01-18,2008-01-22,-1.37,-0.04537938304751665,0.018138764203257107,-0.018947662008496957,0.07937283758929814,0.1856976278777276
SLB,2007-10-19,2007-10-22,3.01,-0.1253563032774767,0.0399343884752863,0.022827390672009118,0.004970666225954101,-0.023993796462348893
SLB,2007-07-20,2007-07-23,6.32,0.03780534113311762,0.001561205057900139,0.03273048688679159,0.002249556533457042,0.16236881794566616
SLB,2007-04-20,2007-04-23,6.14,-0.0025428107519216425,0.002948572283033579,-0.011211302721515382,0.04472459553601871,0.17829477046931252
SLB,2007-01-19,2007-01-22,8.35,0.05466293631641039,0.04000080876380352,0.01903895696395852,-0.0009274367334601852,0.1929639584424705
SLB,2006-10-20,2006-10-23,5.26,-0.034648896231116444,0.02200499389357402,0.01034903600054271,0.017741679006690214,-0.03685534701812032
SLB,2006-07-21,2006-07-24,15.18,0.0345173993350294,0.017219440256664997,0.023922159483466876,-0.022062781468943582,-0.1340419925125076
SLB,2006-04-21,2006-04-24,7.71,0.010492099957338352,0.005290324494024334,0.04001056215527765,-0.03906497714257329,-0.02711005575230263
SLB,2006-01-19,2006-01-20,9.38,0.13490135255329128,0.027102872349964002,0.021479264640464013,-0.08610325903815896,0.015444943535002587
SLB,2005-10-21,2005-10-24,0.7,-0.00010143393830919223,0.04497552931863125,0.10364707631634928,0.12306518499685448,0.43580977336466886
SLB,2005-07-22,2005-07-25,17.12,0.08493365741380177,0.0017271552499127374,-0.005619405435789537,-0.02949932706033409,-0.02053107336864246
SLB,2005-04-26,2005-04-27,5.92,-0.037251113242840805,0.009622834016630555,-0.018036563997357535,-0.04431729591242073,0.13025958848490693
SLB,2005-01-25,2005-01-26,4.88,0.011338686000742948,0.0071094455887292796,0.030260505009491734,0.09340334591022947,0.07285511684387103
CAT,2026-01-29,2026-01-30,9.51,0.026848819606061114,0.04606601709706637,0.10667279005944463,0.1525348461941055,0.2152350916963528
CAT,2025-10-29,2025-10-30,9.43,0.12240756086312055,-0.013380585607753348,-0.008923658744197649,-0.017909114217147803,0.07973858140450996
CAT,2025-08-05,2025-08-06,-3.73,-0.01633924964309985,-0.023945026095298028,-0.05191620009622078,-0.04335730143958094,0.2899760915402776
CAT,2025-04-30,2025-05-01,-2.19,0.013853367713825282,0.016115145169485423,0.020974896042085467,0.05315146654917191,0.2339150263883476
CAT,2025-01-30,2025-01-31,2.25,-0.05542946391791348,-0.019896413299049676,-0.018608444245476363,-0.07608119234614186,-0.09226865825875652
CAT,2024-10-30,2024-10-31,-3.44,-0.006617288494011886,0.004896913633553712,0.03765871397943443,0.01987200581591364,-0.06718244981998489
CAT,2024-08-06,2024-08-07,8.14,0.025934976009869715,0.008681498718187353,-0.012186651382902758,-0.035854463893122634,0.059118362089627174
CAT,2024-04-25,2024-04-26,9.13,-0.06104166476027473,0.015155008844165874,-0.025269474176670803,-0.025596110112420467,-0.08569402797151138
CAT,2024-02-05,2024-02-06,10.06,0.0249636529202375,-0.005644629104835319,-0.0308172140831654,0.008079389466235432,0.017657985007940802
CAT,2023-10-31,2023-11-01,15.18,-0.059669766885199205,0.01228110806117999,-0.02162205606998424,0.0016545360269373255,0.15453518586422077
CAT,2023-08-01,2023-08-02,21.24,0.10120651813236348,-0.0184157071801041,-0.0008408887147619559,-0.02017653272130171,-0.07236036736805074
CAT,2023-04-27,2023-04-28,29.5,-0.016540243718120795,-0.00598306137481619,-0.009022334263695697,-0.04182631932206793,0.08723973171280663
CAT,2023-01-31,2023-02-01,-4.19,-0.07122339939547506,-0.033151070153348616,-0.0023196920597492454,0.042200799682103995,-0.13477910152329775
CAT,2022-10-27,2022-10-28,24.78,0.09530328641596242,-0.005906867995927212,0.07136729376458772,0.04137508878921747,0.15552607653164574
CAT,2022-08-02,2022-08-03,5.44,-0.07049018980235089,0.00488640000910201,0.029559754826737894,0.05655705073479811,0.24722545419203956
CAT,2022-04-28,2022-04-29,10.63,-0.0033545102060666965,0.0012474162430142766,0.021123073055293595,0.023435283887530467,-0.0915942121343597
CAT,2022-01-28,2022-01-31,18.85,-0.09330087011904464,0.012046344260723263,-0.002742628265892,-0.04862730296732154,0.1362773736851438
CAT,2021-10-28,2021-10-29,20.8,0.028479851376227883,0.004995066819008409,-0.011040991918813914,-0.0513046039525743,0.10850203554073701
CAT,2021-07-30,2021-08-02,7.99,-0.02786976303999744,0.008144735253223345,0.007806161415820467,-0.0027968277093610716,-0.06685082414000365
CAT,2021-04-29,2021-04-30,47.97,-0.017797547000368286,-0.0018937011707857998,0.044913987380327036,0.05029253493241592,-0.1303585023995918
CAT,2021-01-29,2021-02-01,42.46,0.005768355823598248,0.027977695128940105,0.030959570702778327,0.14095984611429202,0.15020245599116477
CAT,2020-10-27,2020-10-28,13.97,-0.03626577373536233,0.013056632442467686,-0.02474981402833354,0.04505946665186911,0.06517869684326016
CAT,2020-07-31,2020-08-03,43.33,-0.051111680379047564,-0.005835938040402389,0.057084378568490246,0.017495665608112665,0.17280569495028208
CAT,2020-04-28,2020-04-29,-4.46,0.020727802045514387,-0.021340512591444094,-0.072640521737239,-0.027623099216500746,0.055324307319668975
CAT,2020-01-31,2020-02-03,10.34,-0.030503844476505115,0.01357869558596514,0.0024814028114843456,0.03214115302249665,0.02371550099183839
CAT,2019-10-23,2019-10-24,-8.05,-0.003351407410999041,0.03983480196437572,0.019655999262341073,0.03809015615921996,-0.03545964559276493
CAT,2019-07-24,2019-07-25,-9.4,-0.024447283841423584,-0.01998780746601847,-0.04159281375703727,-0.0993943215141615,-0.019886623850196905
CAT,2019-04-24,2019-04-25,2.62,-0.0387066422122877,0.016646717936268374,-0.004072992894124328,-0.06795520114973364,-0.02388564662720749
CAT,2019-01-28,2019-01-29,-14.7,-0.06656172753288736,0.012462850972895234,0.006444177574929766,0.04319283507502769,-0.03121922485125639
CAT,2018-10-23,2018-10-24,0.3,-0.09195050135869953,0.011346141805519183,0.05992254269875552,0.10376574574034803,0.18235251777736272
CAT,2018-07-30,2018-07-31,8.46,0.009018153773301285,-0.03490824993445407,-0.02498173059644171,-0.04305106963650007,-0.16115855784809408
CAT,2018-04-24,2018-04-25,32.93,-0.046117173061863914,-0.002451860512336701,-0.007529799561521777,0.04953044051391564,-0.11751524249293943
CAT,2018-01-25,2018-01-26,21.21,-0.019610675758282903,-0.02018683419999645,-0.018447706357623495,0.010115865698373416,-0.05237164988809295
CAT,2017-10-24,2017-10-25,51.8,0.04238780458315927,-0.0005617657948526755,-0.012636828630582464,-0.008958951552194172,0.12855648701235767
CAT,2017-07-25,2017-07-26,17.91,0.04689119420143473,0.00841715331276982,-0.0038287360895509215,0.022434384733315493,0.11990862601743624
CAT,2017-04-25,2017-04-26,103.46,0.07590053702251143,-0.019757160779828697,-0.030146015053251873,-0.01605388358490023,-0.014828433111200301
CAT,2017-01-26,2017-01-27,24.14,0.011171736546017441,-0.016023026277991237,-0.05929836912073927,-0.05120852417120714,0.017243918880310183
CAT,2016-10-25,2016-10-26,12.26,-0.016279064803392362,-0.01064578028195362,-0.01718226935598577,0.11066806606994306,0.0823150790534195
CAT,2016-07-26,2016-07-27,13.69,0.0693508761643814,-0.015185524135608253,-0.02304310414276578,-0.017438907607504772,0.046378692232329155
CAT,2016-04-22,2016-04-25,-1.02,-0.02205077020128876,0.009713594806862291,0.01674196178680576,-0.06691528499342803,0.0017008288594055898
CAT,2016-01-28,2016-01-29,7.45,0.03750223478700776,0.007752210970690121,0.09212450178959375,0.08855075955268532,0.1757284223409048
CAT,2015-10-22,2015-10-23,-4.65,0.013324488330720419,-0.000748134150739932,0.015258198515467392,-0.017176219568459272,-0.06269021962710308
CAT,2015-07-23,2015-07-24,-0.48,-0.029944347947127747,-0.004431932578508269,0.02122721966760155,0.03443993751029739,-0.07257351644181886
CAT,2015-04-23,2015-04-24,37.19,-0.008024458673543844,0.012785929945995478,0.037136446401778156,0.04130452955405217,-0.024497157505057654
CAT,2015-01-27,2015-01-28,-13.92,-0.04412968943312612,-0.00936902947497209,0.004660375351814627,-0.008792189146451745,0.003900752572225441
CAT,2014-10-23,2014-10-24,27.4,0.03208706359946478,-0.007676518422624401,-0.00681435188326196,0.018313039349349136,-0.17477155850394732
CAT,2014-07-24,2014-07-25,10.55,-0.027939932936607126,-0.00708018660278964,-0.01489568682567377,0.01602762167521532,-0.0633342999672194
CAT,2014-04-24,2014-04-25,31.97,0.01886023583744323,-0.0072743372999554134,-0.006444696157000607,-0.028098432043716537,-0.011088725502964802
CAT,2014-01-27,2014-01-28,23.07,0.07210455230666901,-0.010401368413516465,0.02087507895728602,0.018873845764481922,0.09168632482102912
CAT,2013-10-23,2013-10-24,-13.84,-0.05055265531592368,-0.0017284964838513162,-0.017495682755135467,-0.05568736991756451,0.009428464253029123
CAT,2013-07-24,2013-07-25,-14.57,-0.038281626370395005,-0.002039297410718288,0.017760872159670038,0.0417035926180791,0.03340073078325867
CAT,2013-04-22,2013-04-23,-6.0,0.030835754296804074,-0.004438566172467295,-0.005264154255764764,-0.01195054374333493,-0.04958230552591014
CAT,2013-01-28,2013-01-29,-14.8,0.028867285826335243,0.0044233702546357945,-0.004210849127433858,-0.07269874898545559,-0.19424522324632876
CAT,2012-10-22,2012-10-23,0.96,0.010399829510095326,-0.007341706233739198,0.03872580966868733,0.007434141179424314,0.10173794189596275
CAT,2012-07-25,2012-07-26,10.54,0.006238763098207478,0.015901380797923803,-0.005611995904732936,0.019007918858754858,-0.045840531884119295
CAT,2012-04-25,2012-04-26,10.44,-0.057748495630659424,-1.2714268770253057e-05,-0.029142665119600397,-0.06980789273211829,-0.18233529198005738
CAT,2012-01-26,2012-01-27,26.87,0.026031693536127443,-0.004404046075509815,0.0032695999208940396,-0.0014191995269225988,-0.06797279632199027
CAT,2011-10-24,2011-10-25,2.0,0.03602814250306863,0.008531680761460825,0.027890212370584755,0.03248246279648637,0.11227607134303641
CAT,2011-07-22,2011-07-25,-1.05,-0.04831859451986742,-0.0006178277601882609,-0.009019246193418318,-0.0862330090088066,-0.11885973341931222
CAT,2011-04-29,2011-05-02,43.34,0.014550378054278168,-0.006020381953390275,-0.01268292686049044,-0.06524146620155391,-0.07368188867734238
CAT,2011-01-27,2011-01-28,15.55,0.014306925317711716,0.006384067781809,0.014009707902042035,0.03325899861154613,0.11487379469540304
CAT,2010-10-21,2010-10-22,12.34,-0.02347649383591366,0.006234795572805263,0.0022643148716297024,0.05561049000649598,0.13609682425997027
CAT,2010-07-22,2010-07-23,29.62,0.005293939161345129,-0.000604603712304641,0.007616577529767188,0.019592060952873358,0.08068247536341122
CAT,2010-04-26,2010-04-27,27.67,0.023702502551195104,-0.0011754035546718278,-0.018600856455692094,-0.046025881905780164,0.07060946743158569
CAT,2010-01-27,2010-01-28,42.29,-0.06467118429753194,0.018196604871538513,0.010748734474253618,0.08008976947855118,0.26790799030558254
CAT,2009-10-20,2009-10-21,1491.64,0.023716849102118465,0.002944703842315821,-0.02593312734988762,-0.0034250338327703744,-0.010780601891776431
CAT,2009-07-21,2009-07-22,233.33,0.05042832406291531,0.0451708201083354,0.06001977032027361,0.12223789392443507,0.2630467518032258
CAT,2009-04-21,2009-04-22,1850.0,0.05132915876863042,-0.009818078763047078,0.004499935581867787,0.07884363186213772,-0.05910631336921712
CAT,2009-01-26,2009-01-27,-15.89,-0.11074779418281488,-0.012795091914881818,-0.0627456693078019,-0.1349386435848462,-0.0002088981011942881
CAT,2008-10-21,2008-10-22,-1.35,-0.02440646591540918,-0.043347812390576834,-0.03732489569402564,0.028275239242548267,0.16449030003363996
CAT,2008-07-22,2008-07-23,12.91,-0.027879629129541117,-0.015699850059321174,-0.007640825754837155,-0.045382864697441905,-0.1448809113798002
CAT,2008-04-18,2008-04-21,9.19,0.04936874319852924,-0.01143764331874686,-0.011395471075299146,-0.0210794323807606,-0.052776713352268634
CAT,2008-01-25,2008-01-28,0.07,0.043511557995953964,0.006482187503514147,0.021093150006917805,0.05155309134784236,0.1797278730568872
CAT,2007-10-19,2007-10-22,-1.69,-0.03307116704658675,0.004412616719384532,-0.018405870608648955,-0.02707077903875843,-0.03632701415012851
CAT,2007-07-20,2007-07-23,-16.78,-0.050161285605688555,0.013195677366520608,-0.0176870359956931,-0.03635481619178149,-0.055333257711681294
CAT,2007-04-20,2007-04-23,13.99,0.041432420753066745,0.012956366907153738,0.009163809469536544,0.011496274223443459,0.1573676183569892
CAT,2007-01-26,2007-01-29,-1.25,0.036190571381043424,0.013915260219626413,0.025507127438702648,0.06868034933851985,0.1355471503803216
CAT,2006-10-20,2006-10-23,-15.35,-0.12942568517452768,0.005458437497106061,0.0031541045370155896,-0.013931519962348204,-0.07388176401357238
CAT,2006-07-21,2006-07-24,7.03,0.009789663301025042,-0.001579033378798833,-0.008029626651901323,-0.06324726460371799,-0.09436192720500436
CAT,2006-04-24,2006-04-25,13.74,-0.031807967188660524,0.013381844133112386,0.026284319262335654,0.02373804155300352,-0.03579650206573848
CAT,2006-01-26,2006-01-27,9.01,0.07312216285257334,-0.006922248753250981,0.026544477727349136,0.08124855877257331,0.09483535348577599
CAT,2005-10-21,2005-10-24,-11.32,-0.08831137806426503,0.0016027118527950357,0.04390220477798623,0.09873790297841833,0.1572590504678939
CAT,2005-07-21,2005-07-22,-18.76,-0.015659420054936035,-0.0078521609984189,0.02700150774043375,0.054644939862385056,0.08174541431791038
CAT,2005-04-20,2005-04-21,19.83,0.0551831953837747,0.005466243163386508,-0.01741090445672877,0.014555178111352207,0.07470940901443313
CAT,2005-01-27,2005-01-28,-4.79,-0.04187295003249869,0.012535042015045184,0.02692154747061659,0.05953217604489014,0.035898159293380805
DE,2026-02-19,2026-02-20,15.42,0.1120999309426558,-0.013411554998006614,-0.044490251415478355,-0.09841455655099163,-0.21975283910742593
DE,2025-11-26,2025-11-28,2.5,-0.07993232883746015,0.012358930449093752,0.019498250542562046,0.002878749695150562,0.32661959538452323
DE,2025-08-14,2025-08-15,1.9,-0.04592693359775979,0.004984530294410594,0.011803154786451886,-0.06743312569103055,-0.08808468151747262
DE,2025-05-15,2025-05-16,18.05,0.05705206129450113,-0.004198359450724665,-0.014907021364005457,-0.027517323563325036,-0.1192123799751037
DE,2025-02-13,2025-02-14,-2.12,-0.00282771639738133,0.04150213058787111,0.029502083133161827,0.07422383230253482,0.07643735553735698
DE,2024-11-21,2024-11-22,15.76,0.0944640858517003,0.03251955550776309,0.022858637886223665,-0.033933052329469415,0.0827784574145749
DE,2024-08-15,2024-08-16,8.57,0.05641613165201376,-0.022818089633319882,-0.0054814185306175656,0.028906799030732122,-0.014305941485977858
DE,2024-05-16,2024-05-17,7.86,-0.04043800629207006,-0.015106158223220367,-0.05554520959305653,-0.0781702254546891,-0.14206523470900545
DE,2024-02-15,2024-02-16,18.68,-0.06451875645736205,-0.0036438221424291983,-0.0059580464775490505,0.038371554815846975,0.09780519972418555
DE,2023-11-22,2023-11-24,11.53,-0.03704114325334096,-0.019755640156568388,-0.012074110069001498,0.027415028726088808,-0.1518533063621229
DE,2023-08-18,2023-08-21,24.66,-0.0746738378361711,-0.011570011379241962,0.0021952950147503536,0.00899078332893044,-0.062101487035950864
DE,2023-05-19,2023-05-22,19.25,-0.025993282629764303,0.011167404441113749,-0.03069791716287862,0.11316794276037645,0.1206593303446446
DE,2023-02-17,2023-02-21,19.84,0.08258967886461299,-0.0004009688931178035,-0.01147293335940014,-0.060905455242887485,-0.18006957214815988
DE,2022-11-23,2022-11-25,9.03,0.05372277351258736,0.015367936153805273,-0.0020058826050317613,0.03361480245422843,-0.03492290541548182
DE,2022-08-19,2022-08-22,-7.74,0.03846494389205912,0.016594870874094614,0.055611463797692884,0.028960139834752097,0.136588397486878
DE,2022-05-20,2022-05-23,1.78,-0.09940266563216305,0.01261372303221886,0.026518319575704163,0.0007138926366656584,0.01864141219451243
DE,2022-02-18,2022-02-22,29.19,-0.053159642792757866,-0.02822217448888875,0.012811532211746579,0.1586633477224615,0.12969701012321533
DE,2021-11-24,2021-11-26,5.83,0.04838046509631433,-0.04346603191977827,-0.015906934512880277,-0.06729969081435405,0.01967278818070972
DE,2021-08-20,2021-08-23,16.23,-0.006182263447843006,0.012690298144635737,0.03905330476472013,-0.04388283499432921,-0.0518031078285941
DE,2021-05-21,2021-05-24,25.7,0.002287544622912252,0.005919400152925469,0.01341633819230581,-0.060731756414576066,-0.014409870543090397
DE,2021-02-19,2021-02-22,75.12,0.13354068611638048,-0.0015107475877531584,0.05859425559647824,0.08328655148569286,0.03018249707376186
DE,2020-11-25,2020-11-27,77.77,0.0004437751467523121,0.0031671729584545893,-0.04967188162996361,-0.006548529204979836,0.2766368348390864
DE,2020-08-21,2020-08-24,105.4,0.06111315561021802,-0.0025255213981822955,0.004053626314295844,0.0922448626784994,0.20560339434716246
DE,2020-05-22,2020-05-26,33.44,0.022309424373704978,0.021126623715014947,0.0031439200444971505,-0.00789841133010305,0.17109406294909024
DE,2020-02-21,2020-02-24,28.16,0.07948462099690257,-1.324632666765968e-05,-0.004857015260961384,-0.04880837056086651,-0.11418698280143513
DE,2019-11-27,2019-11-29,0.04,-0.04941614614179657,-0.00792885925413267,-0.018681537235433532,0.014296283550896405,0.004967987899569093
DE,2019-08-16,2019-08-19,-4.57,0.033418473527653925,0.005759969712156421,0.004444086792892876,0.046735972003483894,0.10089569483480676
DE,2019-05-17,2019-05-20,-3.06,-0.05971014450741263,0.016987334736599857,0.02963455220709843,0.14760764618733524,0.05779412666693684
DE,2019-02-15,2019-02-19,-12.33,-0.04441621916853011,0.014645099427338382,0.03629686336312221,0.002738837180149112,-0.10500180631728606
DE,2018-11-21,2018-11-23,-6.07,0.03448083324490292,0.0264210560296001,0.03718627211711101,0.06639664764616016,0.10142611789134892
DE,2018-08-17,2018-08-20,0.92,0.01748491090014115,0.021136996353318782,0.025959360928131447,0.042213198468225466,0.09577507457832557
DE,2018-05-18,2018-05-21,8.02,0.07346967960365824,-0.017683478522534823,-0.005056394806632558,-0.11368779971674603,-0.17405849255458228
DE,2018-02-16,2018-02-20,9.62,-0.00625878216434228,-0.011291184061046455,-0.01838691927270142,-0.03135108564865241,-0.10929597678356506
DE,2017-11-22,2017-11-24,8.99,0.043610306549037636,0.022973022274353494,0.014768500306514776,0.04996672174760719,0.08866253695801363
DE,2017-08-18,2017-08-21,1.15,-0.05938941222980476,-0.002218169865018771,-0.011681534008703975,0.022085213198751452,0.07966108702517216
DE,2017-05-19,2017-05-22,47.51,0.06861970080922286,0.0012379790675638436,-0.0037473360748925266,0.016058012768535024,0.009559842332779844
DE,2017-02-17,2017-02-21,12.12,-0.003510353143658662,0.0012530162561308344,-0.001010291982264877,0.007371198455481398,0.03727450717434744
DE,2016-11-23,2016-11-25,133.33,0.12518079270714133,-0.01666756317542173,-0.014980713680043611,-0.03261829020128293,-0.030959512035206638
DE,2016-08-19,2016-08-22,64.63,0.14473587821528322,-0.0005347291107027363,-0.01093175147073877,-0.043964280931439226,0.041051692357070735
DE,2016-05-20,2016-05-23,5.49,-0.05807638046624797,0.009635962473633297,0.03406323131022093,0.05871549054027403,-0.06798330036313205
DE,2016-02-19,2016-02-22,14.13,-0.038029425811287765,-0.003442510305227686,0.028967674895860163,-0.0010927779747609279,0.012102937618778231
DE,2015-11-25,2015-11-27,44.8,0.035019648545098425,0.0102207345988381,0.006035376692994587,0.0007690312062358373,0.0756021023946657
DE,2015-08-21,2015-08-24,6.61,-0.03804919361731196,-0.009031777999705004,-0.030607981405264884,-0.05248589806002868,-0.1689158164250979
DE,2015-05-22,2015-05-26,30.52,0.06162803351162627,-0.003521467059694139,-0.01432583485738581,-0.012534121639665052,-0.006616616873300729
DE,2015-02-20,2015-02-23,35.76,-0.01381782451316127,0.002875704636358556,-0.0031428245866169657,-0.016185727031797326,-0.026285931422658115
DE,2014-11-26,2014-11-28,16.46,-0.013761224469252209,0.041121846248451166,0.03204257719155024,0.03470695863287987,0.033884831228913725
DE,2014-08-13,2014-08-14,5.18,-0.029907964130508558,-0.0008565390046318955,-0.0035560456986778455,-0.051848908015764916,0.00842662150908935
DE,2014-05-14,2014-05-15,6.02,-0.01216161462264409,-0.0028112914295839175,-0.02506267063091494,-0.04402589136083013,-0.07714919790186836
DE,2014-02-12,2014-02-13,18.37,-0.024068493200656182,-0.005635720001176958,-0.018320506756660748,0.006708508441943817,0.055566463154330226
DE,2013-11-20,2013-11-21,11.81,0.0076434767605562115,0.005969376112996194,-0.00140782935057282,0.05964925769573748,-0.007984892653393638
DE,2013-08-14,2013-08-15,18.62,0.024406169896597718,0.0003429192771116085,-0.011234213748212096,-0.03989706119289782,-0.09881197737004299
DE,2013-05-15,2013-05-16,0.95,-0.047375904909839006,-0.03674917697774571,-0.0253888320553306,-0.037389188706600796,-0.08964156725043293
DE,2013-02-13,2013-02-14,17.9,-0.037957881694376416,-0.007871521700460571,-0.035354980426399285,-0.009357310621991521,-0.050419031443661666
DE,2012-11-21,2012-11-23,-6.06,-0.03900967454650006,0.007958220180185216,-0.004706310302617478,0.009085936155318164,-0.02937340810087452
DE,2012-08-15,2012-08-16,-14.73,-0.06617950016382745,0.017599422924312824,0.01744535924548174,0.04897415188288701,0.1656452803853663
DE,2012-05-16,2012-05-17,2.78,-0.029038155702702406,0.011573298205586724,0.024239539476862637,0.0022395726240520553,0.018403973216682523
DE,2012-02-15,2012-02-16,3.32,-0.07306566688449523,0.006498144615870727,-0.00454325415342316,-0.034434559789538355,-0.05438325153750723
DE,2011-11-23,2011-11-25,13.34,0.04782744087223434,0.009870421344143177,-0.018237366590344584,-0.024698870340648993,-0.03380854471416095
DE,2011-08-17,2011-08-18,1.12,-0.024179249817768866,7.910550444434339e-05,0.026025081910178827,0.04548028535614623,-0.025015112388036886
DE,2011-05-18,2011-05-19,2.82,-0.021918357089309892,-0.007047693705481972,-0.0003107567990158211,-0.035309075769724196,-0.006381944610948209
DE,2011-02-16,2011-02-17,11.64,0.008194651967155853,-0.004815450344925809,-0.035772173056758616,-0.009959177011448217,-0.06777830009840324
DE,2010-11-24,2010-11-26,11.84,-0.007407695396681846,-0.013819935890068469,-0.004033327859013447,0.0363821430959419,0.05753903691681361
DE,2010-08-18,2010-08-19,18.17,-0.007005498047179426,-0.005581912716904447,-0.02048215459360392,0.054256923496791565,0.054406323251370736
DE,2010-05-19,2010-05-20,29.25,0.03466534072088878,0.02175156479716356,0.018937444788375002,0.001798399635256187,0.151759731021877
DE,2010-02-17,2010-02-18,198.43,0.05404596834567976,-0.001723785530950872,-0.0030745856914137226,-0.02051528842214423,-0.007152011185207474
DE,2009-11-25,2009-11-27,-2545.78,0.014132355288875131,0.018586811773100065,0.02276370363875202,0.03389449280348478,0.0778503729587281
DE,2009-08-19,2009-08-20,75.84,-0.04357098258722536,-0.0011926176929202281,0.0006870451387581689,-0.03722108734516194,-0.002078618609488103
DE,2009-05-20,2009-05-21,3.64,-0.030385674191998002,0.010069244818407097,0.008490950965528654,-0.0738750654344823,-0.07974281803324956
DE,2009-02-18,2009-02-19,-22.83,-0.07973528867575308,-0.03932425289268393,-0.07258720933623874,0.038007432282479714,0.2475527249603351
DE,2008-11-26,2008-11-28,-10.04,-5.406161128695963e-05,-0.03810993984807798,-0.05703540551110209,0.12334794070417454,-0.05966197400151463
DE,2008-08-13,2008-08-14,-2.9,-0.036796843326651896,-0.00860035540314008,0.014627858409723027,-0.02807509156489396,-0.1698448248706813
DE,2008-05-14,2008-05-15,-0.06,-0.0875500714415769,-0.0018683543460653596,-0.01062548416993303,-0.023291250259578455,-0.08627986075180061
DE,2008-02-13,2008-02-14,7.54,-0.002952408737162293,-0.0152982670630053,0.006283899228713974,0.0010595001623178169,-0.0059744164963768664
DE,2007-11-21,2007-11-23,21.85,0.08380169106236068,0.033682235054588894,0.06535275844828026,0.11375434928139061,0.15933210479692028
DE,2007-08-15,2007-08-16,18.94,0.03574230438895132,0.015483461739223214,0.025728083924488443,0.0965089185084329,0.24788533198186946
DE,2007-05-16,2007-05-17,12.16,-0.030622844680689876,-0.017572135545430356,-0.036780647777207576,0.01967042828622212,0.049036402026404136
DE,2007-02-14,2007-02-15,29.18,0.09779746970293912,0.004092202351864471,0.0017560916760306355,0.01543945056078444,0.021573004547773333
DE,2006-11-21,2006-11-22,27.66,0.09409153864741326,-0.006864010250602237,-0.018539501848688467,-0.032893318055517096,0.11704479127023726
DE,2006-08-15,2006-08-16,1.98,0.025786363219350905,0.008313036148535957,0.021251915591420367,0.0855878639984069,0.14109218130190726
DE,2006-05-16,2006-05-17,9.75,0.008237575731328106,-0.02780602671113719,-0.022054065037443005,-0.06515396529007178,-0.20280767694742996
DE,2006-02-14,2006-02-15,12.71,0.006164712677278139,-0.011472630702123121,0.025671247513045614,0.018961696104735637,0.18409662510299452
DE,2005-11-22,2005-11-23,21.52,0.06609208911231934,-0.0025576981142400035,0.021555652471232922,0.0376551547397197,0.14715616090090022
DE,2005-08-16,2005-08-17,-16.67,-0.10063767029626158,-0.004566821716282643,-0.010003494679255764,-0.037062326652067434,-0.012323320220932077
DE,2005-05-17,2005-05-18,13.45,0.05287303281490674,0.0054826466463722134,0.010881920686460322,0.024612709251912834,0.10018894074642404
DE,2005-02-15,2005-02-16,-2.2,-0.042603887410049834,-0.004659087525342831,0.03903720988526693,0.031005518195849957,-0.059461516482406274
UPS,2026-01-27,2026-01-28,8.14,-0.034452574572787165,0.024067364493298937,0.13901988589045444,0.1491714535097537,0.016972276111528517
UPS,2025-10-28,2025-10-29,33.94,0.0885459214606914,-0.01302656819260306,-0.03182721507864683,0.010529538287491147,0.10497557154139425
UPS,2025-07-29,2025-07-30,-1.02,-0.13786655001874026,-0.007948875531939348,-0.008019667029196542,0.007650944133107851,-0.044593382775220514
UPS,2025-04-29,2025-04-30,7.91,-0.025134919208348205,-0.014432506235655285,-0.025980879064082862,-0.01771821388854522,-0.0685534089129114
UPS,2025-01-30,2025-01-31,8.6,-0.1461519654316943,-0.019008010640192752,-0.008060143720098223,0.08896966099257952,-0.06492283274624422
UPS,2024-10-24,2024-10-25,8.45,0.04399431328498249,-0.01829916183838065,-0.010778322587714162,-0.03536145409034375,-0.0735986862942718
UPS,2024-07-23,2024-07-24,-10.1,-0.09048977006665337,-0.006070865252512769,-0.0033846379148023686,-0.028057455695369438,-0.012332914000942719
UPS,2024-04-23,2024-04-24,6.74,-0.002718434959957383,0.009050615380449933,0.0052375459689730786,-0.056839991564737624,-0.09976535815777887
UPS,2024-01-30,2024-01-31,0.41,-0.08493429010262243,-0.009493994726686994,0.0061129081789157436,0.004350403045472406,-0.004067469713624705
UPS,2023-10-26,2023-10-27,0.57,-0.06589899348235084,0.01734031577015238,0.001092601973095686,0.015811939967433908,0.00523678877556355
UPS,2023-08-08,2023-08-09,1.8,-0.0042574830715825795,0.005272258302176258,-0.02577887442320126,-0.08528449497868829,-0.17100195816118624
UPS,2023-04-25,2023-04-26,-0.4,-0.09882405181573006,0.010166576960522145,0.009839299418515024,-0.03541014302900669,-0.025559987418327212
UPS,2023-01-31,2023-02-01,1.04,0.019774856032672927,0.019554640623603792,0.007825382308703221,0.03879267451211199,-0.035739369581343605
UPS,2022-10-25,2022-10-26,4.88,0.00028043009328060364,-0.009453951425248741,-0.007379566268787108,0.03867823022462691,0.02265592954881024
UPS,2022-07-26,2022-07-27,4.13,-0.03516815442726884,0.011057483681350622,0.018329051357228288,0.08085609824510498,-0.03297437427646832
UPS,2022-04-26,2022-04-27,5.82,0.009145531201740553,-0.005087875562898692,-0.04220311497005802,-0.011579778436179633,0.06466124116450289
UPS,2022-02-01,2022-02-02,15.64,0.13132947758117286,0.008770687707736147,-0.03074601176192282,-0.03082127078486885,-0.12259801444116691
UPS,2021-10-26,2021-10-27,6.43,0.04428937861312621,-0.0016850900055138673,-0.0212501617988059,-0.04691583618070139,-0.005665775871574019
UPS,2021-07-27,2021-07-28,8.79,-0.07994786739925286,-0.0053452186796882906,-0.006851141967347263,-0.013341841724693326,0.007074538396911301
UPS,2021-04-27,2021-04-28,61.06,0.12882305498373214,0.020597270494443043,0.08536681508893573,0.078996846949694,0.014557078944765545
UPS,2021-02-02,2021-02-03,23.9,0.007141455809804853,0.004600327305427143,0.01570193940139797,0.01817967564057621,0.18810273929898313
UPS,2020-10-28,2020-10-29,20.02,-0.031127750668773158,-0.015913783950443294,-0.04776321570576059,-0.049048511982808796,-0.15651601687618932
UPS,2020-07-30,2020-07-31,97.6,0.14996313902094682,-0.011015326171721629,0.07439325748635328,0.07085237752010753,0.14072052928077428
UPS,2020-04-28,2020-04-29,-6.5,-0.08425848917582024,-0.005775802218111137,-0.0025290735113879803,0.015156477008124947,0.14513156763198576
UPS,2020-01-30,2020-01-31,0.09,-0.0907643447208406,-0.021821946769080003,-0.036406754964882104,-0.05587262965057338,0.0474135478084271
UPS,2019-10-22,2019-10-23,0.6,-0.028067487218079723,-0.011533960834244295,0.0008181034005192434,0.0052659895643367705,-0.08280503478094525
UPS,2019-07-24,2019-07-25,1.56,0.12340219873049607,0.013004142953127573,0.0064603677552097505,0.00812558400342045,0.0030049596317847094
UPS,2019-04-25,2019-04-26,-2.72,-0.09562207413877832,0.006994184799806291,0.023861210203917738,-0.03287181018956886,-0.005149687420024085
UPS,2019-01-31,2019-02-01,1.77,0.039155298162708574,-0.0024171714959926316,0.01742784174000067,0.015933203574894472,-0.08350509380362792
UPS,2018-10-24,2018-10-25,0.13,-0.043295754202163805,-0.005692295871908226,-0.01548279019972254,0.04173219416998464,-0.04914947297668304
UPS,2018-07-25,2018-07-26,0.65,0.05104318277756614,0.005008963586850879,0.00108092502251933,0.022996398574705035,0.008006164397173055
UPS,2018-04-26,2018-04-27,0.41,0.037938162469163705,0.0033920554827306937,-0.021484908046151663,0.0001582218259599255,-0.06704245173473566
UPS,2018-02-01,2018-02-02,0.42,-0.062338034701974965,0.014605907282337682,-0.03590119109191314,-0.07199288655680325,0.007823069094462731
UPS,2017-10-26,2017-10-27,0.14,0.00907801356173854,-0.01830396290511871,-0.04668088951297289,-0.05416000501139462,-0.009551283559617207
UPS,2017-07-27,2017-07-28,7.82,-0.021319896490217927,0.0063118629754996824,0.01976949778425996,0.05131525294899464,0.05708341271831818
UPS,2017-04-27,2017-04-28,2.48,-0.00014423704657096081,-0.011081708439510174,-0.007083567889334064,-0.02220059628974569,0.01768959699438355
UPS,2017-01-31,2017-02-01,-3.55,-0.10011128839312744,-0.003032082666493685,0.0005716847497303501,-0.03337780972052706,-0.022649975616904516
UPS,2016-10-27,2016-10-28,0.04,-0.0027640697184935226,0.0005101300975758338,0.011716104072261091,0.04436163557473205,0.007956355559151307
UPS,2016-07-29,2016-08-01,0.24,-0.00740652162667399,0.00131543506339582,0.0036783861345961455,0.010887454208092784,0.01328000250728234
UPS,2016-04-28,2016-04-29,4.59,0.0013687991328702465,-0.010898707349222159,-0.025215507220674782,-0.03132217882246635,0.0025371378394403177
UPS,2016-02-02,2016-02-03,10.7,0.02542176249095207,0.00808195099261777,0.039808091759490405,0.009031390176370335,0.026856008115437202
UPS,2015-10-27,2015-10-28,1.61,-0.04285353239181089,0.008758339868454756,0.0066002682770816,0.013681460308697213,-0.023470584103565062
UPS,2015-07-28,2015-07-29,6.68,0.041413712167443384,0.004818253186940291,0.023640461202462215,0.0420075048098586,0.08353426397338204
UPS,2015-04-28,2015-04-29,2.67,0.040156905401089404,0.0029092442014038156,-0.008034854955814241,-0.01531019801232969,-0.04987619147206512
UPS,2014-10-24,2014-10-27,2.89,0.011305109611629671,-0.005112901272155135,0.0045554602554913615,-0.001078129794803706,-0.03778129169144662
UPS,2014-07-29,2014-07-30,-3.11,-0.028097409658273675,-0.00299954997197327,-0.011510023507004474,-0.029584662991762767,0.02421786923525948
UPS,2014-04-24,2014-04-25,-9.29,-0.012352361502720233,0.005662435720783732,0.002408318576123669,0.03989980749624933,0.010748555640814672
UPS,2014-01-30,2014-01-31,0.06,-0.0057285299058036365,0.005598687445248274,-0.006948284740564636,-0.02525835469064197,-0.02187173888672489
UPS,2013-10-25,2013-10-28,0.78,0.02854612715624305,0.0001893444333149752,0.018176538278304566,0.016711792064744824,-0.02924981511139446
UPS,2013-04-25,2013-04-26,2.46,0.024186248819711098,-0.0001639758389522239,-0.01534580491161619,-0.024506312578284062,-0.04637648756444723
UPS,2013-01-31,2013-02-01,-4.09,-0.023308129776991482,0.010490844337267657,0.026434018160649053,0.03363518360943596,0.020902140870396657
UPS,2012-10-23,2012-10-24,-0.11,0.038465264351907,-0.001813549745699472,0.001094663295842624,0.0005158962651989896,0.06553202242201195
UPS,2012-07-24,2012-07-25,-2.06,-0.03884514361754887,-0.008419113142988488,-0.015249101271846977,-0.025808092220006795,-0.09579861733529915
UPS,2012-04-26,2012-04-27,-1.79,-0.023812870977367173,-0.00012044718584725,0.01509591870988558,0.021540846241710043,-0.00414327257317415
UPS,2012-01-31,2012-02-01,-4.51,-0.00010104247231690344,-0.006794334937402224,-0.018709449938112188,-0.030778875603213462,-0.03516517974198985
UPS,2011-10-25,2011-10-26,0.82,-0.011541175667392767,-0.0035579850043661043,0.0020615352996172787,0.03358294447159038,0.024606798170563104
UPS,2011-07-26,2011-07-27,0.75,-0.027721736685032083,-0.012330746140469584,-0.008096421099127005,0.026531383899169758,0.057187238880260005
UPS,2011-04-26,2011-04-27,2.96,-0.006634930902278846,0.004027966276384909,0.005923092707213029,0.011259922177562443,0.008639619597525128
UPS,2011-02-01,2011-02-02,2.86,0.019723860416811068,0.001154066498434636,-0.006347501110336662,-0.02370450602498042,-0.030392352334909
UPS,2010-10-21,2010-10-22,5.07,-0.0014883066735127404,-0.010260173073502687,-0.03684042965183465,-0.0199138760601284,-0.048605820864889404
UPS,2010-07-22,2010-07-23,10.05,0.029795894277885315,0.008588203395816674,0.022156835094975902,0.05596656628522645,0.022474787270089003
UPS,2010-04-27,2010-04-28,24.23,0.013169223952194775,0.007951387794429499,0.004901886750225515,0.015611295180255391,0.009278122417808343
UPS,2010-02-02,2010-02-03,1.17,0.0011605665989673497,0.004026294110159423,-0.004900460437461396,-0.011630000532832474,0.09798601814450825
UPS,2009-10-22,2009-10-23,6.28,-0.023132653640849044,-0.010359643721855605,0.00555541055741815,0.028068780289586703,0.04112626962875732
UPS,2009-07-23,2009-07-24,0.88,-0.005236212178946875,0.012023560368288111,-0.0014692205291464422,-0.037316697127891985,-0.03664930485500095
UPS,2009-04-23,2009-04-24,-7.42,-0.05192599733334924,-0.029389118152972515,-0.04459954171704583,-0.08729322685924223,-0.11912746226297222
UPS,2009-02-03,2009-02-04,-1.97,0.052444865360276705,0.004661682935058531,0.0027555571595392347,0.0714449523316375,0.09717390917792113
UPS,2008-10-23,2008-10-24,7.55,0.043166283563233154,-0.004670644517503764,0.021356831353723127,0.22009917346670982,0.07384317049654376
UPS,2008-07-22,2008-07-23,0.44,0.04944518686755828,0.006716137145256096,-0.01006456762911645,-0.000602444245875966,0.08452231636340901
UPS,2008-04-23,2008-04-24,0.62,0.009344786286552553,-0.009941757457010869,-0.009111292987677544,-0.04957279733040054,-0.0935883542136221
UPS,2008-01-30,2008-01-31,0.61,0.01816328476152851,-0.004987095908786099,0.01438974189570641,-0.005495296046174825,-0.018069589953148224
UPS,2007-10-23,2007-10-24,3.21,-0.0013166031700437841,-0.008870053159736324,-0.025696990174016388,-0.0004516757479905431,0.032666809029285315
UPS,2007-07-24,2007-07-25,1.06,0.03773206151681163,0.016987526117177132,0.043614752745217866,0.030485313233685196,-0.015430802354784001
UPS,2007-04-25,2007-04-26,0.18,-0.010607038033992433,-0.004899544295592029,-0.018861902151112386,-0.021124992419066735,0.009410077942074047
UPS,2007-01-30,2007-01-31,-0.17,-0.030569194887535622,0.012832606369922228,0.012532887010717975,-0.0018823084187288286,-0.049556620918485006
UPS,2006-10-19,2006-10-20,7.13,0.049129677508832126,-0.005261542470492042,-0.023983235093523736,0.013653302022549774,-0.05897464450627121
UPS,2006-07-25,2006-07-26,-2.57,-0.15703721939231552,0.01008670920503818,-0.0060229925919510485,0.022061842819869115,0.0318344191310902
UPS,2006-04-20,2006-04-21,1.42,-0.0074644842283421164,0.0013415888297634293,-0.014144347664614587,0.009891820672430662,0.017700546575676768
UPS,2006-01-26,2006-01-27,-1.06,-0.03256044559015936,-0.0058531115128321876,-0.013375296534908432,0.005179009757949604,0.06004483637385438
UPS,2005-10-20,2005-10-21,0.47,0.02577627577921704,0.015340292162911995,0.0017665270624047658,0.031005774290297383,-0.019137209933397292
UPS,2005-07-21,2005-07-22,3.27,0.0005634553498121697,-0.00018357144369085532,-0.0009332313728873665,-0.006592158396120373,0.0016232490804246602
UPS,2005-04-21,2005-04-22,0.75,-0.006038809649350441,0.009623872605448947,0.04866296528190417,0.0786578412082446,-0.0309852442358729
UPS,2005-01-27,2005-01-28,-1.2,-0.02024890823041592,0.0016101410783753156,-0.023844575964838466,0.022892388523704676,-0.05668867417978496
FDX,2026-03-19,2026-03-20,25.52,0.04281265878433005,-0.019055113570944693,-0.0191397117445673,0.004540665453156345,0.004180346963252202
FDX,2025-12-18,2025-12-19,17.16,0.006597302831511387,0.007621470423355703,0.003565188600268554,0.05585248122231423,0.2686998139633141
FDX,2025-09-18,2025-09-19,6.01,0.01679328481051101,-0.01176449462476592,0.029024513219772174,0.025066028081125236,0.19406683652702816
FDX,2025-06-24,2025-06-25,4.59,-0.043154019979776526,-0.012013104587858314,0.05525096365936499,0.020393790498072217,-0.04561635447839496
FDX,2025-03-20,2025-03-21,-2.65,-0.06537980938092225,0.034147228136393704,0.06415946928765626,-0.020618731490267828,-0.09335270410113616
FDX,2024-12-19,2024-12-20,2.12,-0.0022918253868433602,-0.030359969417213195,0.022437367626670146,-0.052136345216935,-0.11699768429071433
FDX,2024-09-19,2024-09-20,-24.48,-0.16129683346802903,0.013798690394325464,0.04503270007382687,0.04884484624255436,0.05077842888896167
FDX,2024-06-25,2024-06-26,0.73,0.1495881348845285,-0.004007132994930607,-0.01928037139534744,0.02111840703692014,-0.1809503336741034
FDX,2024-03-21,2024-03-22,10.95,0.09217815805809515,-0.0033922416722660387,-0.016559493537607883,-0.008607271419263207,-0.17976640447034387
FDX,2023-12-19,2023-12-20,-5.01,-0.1186646396685076,-0.0049743644762636485,0.011763652300813554,-0.01440891330384253,-0.05736898138794433
FDX,2023-09-20,2023-09-21,21.29,0.07301146982949758,-0.0006537562800225105,0.02418206239472298,-0.05938234182871294,-0.01303652473603889
FDX,2023-06-20,2023-06-21,1.13,-0.02235418170524006,0.027784165234099545,0.09673693008339201,0.12729479978639846,0.10762765677050257
FDX,2023-03-16,2023-03-17,24.6,0.12241202176271493,-0.028089550148838294,-0.02707030195290161,-0.020560471340001163,-0.07496531132691442
FDX,2022-12-20,2022-12-21,12.74,-0.009172377080131966,0.047797702577394574,0.039931545112738887,0.08719450780933968,0.2636175580993949
FDX,2022-09-15,2022-09-16,-33.08,-0.19567936828642152,0.003920595184156328,-0.026926168878982804,0.04722585123089784,0.07422980051319117
FDX,2022-06-23,2022-06-24,-0.12,0.025563543736182526,-0.0075681959761126905,-0.058040199994704444,-0.07602948075932248,-0.3380421166064098
FDX,2022-03-17,2022-03-18,-1.3,-0.05467216558512289,0.015138740791386995,0.0165663397490714,-0.056755765383210366,0.20936696717418535
FDX,2021-12-16,2021-12-17,12.56,0.05898892693368274,-0.008422452871999608,-0.01412563980444781,0.019374256953393454,-0.04163411609689471
FDX,2021-09-21,2021-09-22,-11.21,-0.09540379932008691,-0.012848453652482328,-0.027090888204095775,-0.02353887442926128,-0.020892608004787094
FDX,2021-06-24,2021-06-25,0.13,-0.025284560134492318,0.00497140039787114,0.008783328733002804,-0.014767731092707459,-0.15386842000624534
FDX,2021-03-18,2021-03-19,7.19,0.06805835158038709,-0.027871790246869033,-0.010393619748538141,-0.05293543219486274,-0.019329071430415068
FDX,2020-12-17,2020-12-18,20.34,-0.047420210837846866,-0.009596838093568705,-0.053931317463463135,-0.12552209478463594,-0.10167804613250897
FDX,2020-09-15,2020-09-16,79.21,0.0580034996397778,-0.016054620121723095,0.008465071555527115,0.07263821158744754,0.07549839749057585
FDX,2020-06-30,2020-07-01,61.66,0.14442120133111902,-0.013039255072401557,-0.01830299605581065,0.059168945237574544,0.5385841229075112
FDX,2020-03-17,2020-03-18,10.98,0.10093287958635622,0.11826032233680239,0.15255990559131716,0.024868319631212943,0.05646538900288567
FDX,2019-12-17,2019-12-18,-10.0,-0.10533946803899896,-0.003009992334765954,0.022885162945001092,0.04555513947891843,-0.1450496319571335
FDX,2019-09-17,2019-09-18,-3.31,-0.13368445969266718,0.010270889928566507,-0.01865178367899356,0.003462833427631651,0.03916865445687212
FDX,2019-06-25,2019-06-26,3.62,0.004704456655000633,0.017652506672696466,-0.019297616434673648,0.06692855243203599,-0.09759573204592653
FDX,2019-03-19,2019-03-20,-2.13,-0.03742407438371953,0.011096470902544064,0.012574614747961288,0.10326044960402836,-0.08747367767888758
FDX,2018-12-18,2018-12-19,2.65,-0.09196300230567112,-0.0008904522384709512,-0.0022381397369255485,0.021922002834105836,-0.014964307271912336
FDX,2018-09-17,2018-09-18,-9.06,-0.054362876917603,0.004315862036345708,-0.013825977218714924,-0.03198261277889258,-0.13917119103514664
FDX,2018-06-19,2018-06-20,3.52,-0.044287841561348795,-0.012464567532244675,-0.0598251594323177,-0.07129922775437003,-0.03269859794183594
FDX,2018-03-20,2018-03-21,19.55,-0.002141561879794307,-0.026204002319477615,-0.01790726829893574,0.016014608612390124,0.03302753130524305
FDX,2017-12-19,2017-12-20,10.37,0.04222759791798869,-0.005644064162086515,-0.014098820680435442,0.03224611992749593,-0.012988358898438968
FDX,2017-09-19,2017-09-20,7.5,0.023838174493694186,-0.004894292394356459,-0.0022276811859388568,-0.01447108634995975,0.02151224176123101
FDX,2017-06-20,2017-06-21,9.72,0.015779708417511418,-0.002702673279126766,0.02062207982359343,-0.01905997215079147,-0.01648396977365052
FDX,2017-03-21,2017-03-22,-10.18,0.029500529285199417,-0.03328385526923994,-0.030898811803187765,-0.052706884919650365,0.03368436906105399
FDX,2016-12-20,2016-12-21,-3.64,-0.028895096267493092,-0.0046751358088859,-0.020620974015642557,-0.03634945500708686,-0.039143504632892734
FDX,2016-09-20,2016-09-21,4.2,0.06684187603970337,-0.00745178841968408,0.0053456209042670455,-0.01242027798243417,0.08978721207782026
FDX,2016-06-21,2016-06-22,0.69,-0.0496004037878196,-0.004205390802573428,-0.033013887590335855,-0.027119966694559183,-0.012833220667700429
FDX,2016-03-16,2016-03-17,7.49,0.11553191647998973,0.010759746326522768,0.010378935217125185,0.007632724601464469,-0.029561849549755603
FDX,2015-12-16,2015-12-17,3.34,0.05024507012997914,-0.013072635794193377,-0.02440051662122933,-0.08573198735334331,-0.04666674368197321
FDX,2015-09-16,2015-09-17,-1.31,-0.03568530538348902,-0.011687237416420637,-0.017985031084487013,-0.0008580969659699456,-0.04936137428713072
FDX,2015-06-17,2015-06-18,-1.02,-0.03256849272149398,-0.009295163224434688,-0.022410951062669993,-0.0491903953318793,-0.0821046214905552
FDX,2015-03-18,2015-03-19,6.85,-0.01799104262793494,-0.019238073993870564,-0.03226999487531712,-0.030682183628161552,0.048081794151193735
FDX,2014-12-17,2014-12-18,-3.51,-0.04412958219609964,-0.005172567201468303,-0.00487439658082045,0.044672143949921694,-0.028458492549172987
FDX,2014-09-17,2014-09-18,7.54,0.020925217251441364,-0.00287394871147606,0.01146829040218722,0.02869043401344229,0.1072787027830262
FDX,2014-06-18,2014-06-19,4.37,0.043487832197015575,0.0014922291960195455,0.026948914118609002,0.024622189059644528,0.02741762141858195
FDX,2014-03-19,2014-03-20,-15.59,-0.015418242089892176,0.006003733332956451,-0.019615666944470034,-0.004097296382906568,-0.017788675506804186
FDX,2013-12-18,2013-12-19,-4.63,-0.011584363867459535,0.015802750435981006,0.00827059886297965,-0.0027202656453775287,-0.04236451395685348
FDX,2013-09-18,2013-09-19,1.99,0.04568713413734038,0.0069910090108149525,-0.015006625932764917,0.06400696855658627,0.1456215038612101
FDX,2013-06-19,2013-06-20,8.94,0.0003554060991287633,0.00462625882393608,0.022353792599298483,0.06181382337008334,0.0722911499149852
FDX,2013-03-20,2013-03-21,-11.11,-0.09193930542964524,0.012485504018301397,0.0026518595457147853,-0.04984580785980697,-0.043937602593755676
FDX,2012-12-19,2012-12-20,-1.13,0.011572462406649331,0.003395252247054059,-0.0026474848318742694,0.04366844020421845,-0.021043041325273126
FDX,2012-09-18,2012-09-19,3.44,-0.026384926211189152,-0.019975914662062277,-0.010852949720582594,0.06770836110467804,0.06385758517529605
FDX,2012-06-19,2012-06-20,3.67,0.023937366040128527,0.014665835679722905,-0.020610814507815767,-0.000732853336125272,-0.09821751693077174
FDX,2012-03-22,2012-03-23,15.37,-0.03190696344469113,-0.00981325950471823,-0.012852106233901872,-0.02574204333080743,0.010023289103281874
FDX,2011-12-15,2011-12-16,2.86,0.09322847261884859,-0.031009688468104035,-0.03912394692304,-0.0018752023486172664,-0.04121442274960696
FDX,2011-09-22,2011-09-23,0.7,-0.04523008904392234,0.012623979162855514,0.009081285486129298,0.08703878326363768,0.1445052581287869
FDX,2011-06-22,2011-06-23,0.08,0.05185489600804094,-0.00011228178090683105,-0.008274238444665682,-0.050776532485973025,-0.12621009069230937
FDX,2011-03-17,2011-03-18,-1.68,0.02998359423468222,-0.009001801585613256,-0.016507674928522453,0.003462261809799916,-0.032931854429159135
FDX,2010-12-16,2010-12-17,-11.69,0.0004805732545478669,0.0028519059238558686,-0.011289976173569971,-0.012661953765293221,-0.09757026085790976
FDX,2010-09-16,2010-09-17,-0.18,-0.04269584474403065,-0.007633358138579238,0.0029860692825145474,0.04289220678984007,0.040518068682699804
FDX,2010-06-16,2010-06-17,3.15,-0.06027873051086141,0.006469521947273238,0.010007325771176023,-0.0004662960556097717,0.074977578341904
FDX,2010-03-18,2010-03-19,4.67,0.019491400535041392,-0.020392441552294693,-0.001964874178292275,-0.016636947260932233,-0.05272545017531649
FDX,2009-06-17,2009-06-18,25.32,0.004173066347441079,-0.013501652684899668,0.07921135089534315,0.13730249770973102,0.3723838986822443
FDX,2009-03-19,2009-03-20,-32.02,0.006702707072330005,-0.008822246246649179,0.026337467734623754,0.13148945164888826,0.035178579977625635
FDX,2008-09-18,2008-09-19,0.02,-0.047741000435937764,-0.026205915036842664,-0.06823686407791518,-0.05658383249224508,-0.03741408114256983
FDX,2008-06-18,2008-06-19,-1.27,-0.022347981160403707,0.001671444926314769,-0.003258798006956387,0.031059804571972993,0.21092415302935286
FDX,2008-03-20,2008-03-24,2.52,0.013769127925751468,0.006526552140155184,0.04134437214981013,0.023129927425863617,-0.07612477031595077
FDX,2007-12-20,2007-12-21,2.39,-0.024405741624673127,-0.030333946790852884,-0.041338712886442974,0.04012495358240764,0.0278741502991241
FDX,2007-09-20,2007-09-21,2.33,-0.027355276975884912,-0.010069419317519812,0.0022299249480379757,0.007641770534047021,-0.0324471459944804
FDX,2007-06-20,2007-06-21,-2.87,0.034883397900205226,0.0007547270320690247,0.02360004656942294,0.032822138061865624,0.0010834506670380772
FDX,2007-03-21,2007-03-22,1.73,-0.030460376148651047,0.017333929540814585,-0.018032790477815364,-0.05245663755469576,-0.0779268590320058
FDX,2006-12-20,2006-12-21,8.62,-0.04367565795205808,-0.0037155209565237213,0.0007369386318578641,0.002342117467407645,0.005047168516583822
FDX,2006-09-21,2006-09-22,1.24,-0.006101353874420901,-0.013907152268516243,0.008943966415747573,0.05507059949652815,0.00027188159283686453
FDX,2006-06-21,2006-06-22,2.82,0.04465486952485831,0.013907492591023196,0.008441429992876337,-0.03987468909812475,-0.11752004166117969
FDX,2006-03-22,2006-03-23,6.15,-0.005955505814127071,-0.011300273052418652,-0.01124598249050146,0.013157231623803778,0.01707991312845447
FDX,2005-12-21,2005-12-22,9.42,0.05185205908600188,0.002229062713664076,0.008767332483734958,-0.028145770152048222,0.06510226143705844
FDX,2005-09-21,2005-09-22,6.66,0.08802435172748524,-0.003583893526575066,0.03328288626602971,0.10080865498177827,0.152938896283495
FDX,2005-06-23,2005-06-24,-1.08,-0.0697072082152147,-0.0011791795020898999,0.022094159386707446,0.012056302201212343,-0.06792164326204297
FDX,2005-03-17,2005-03-18,5.07,-0.007293181630052881,-0.009916240540425836,-0.005539701586471324,-0.08419613537725412,-0.13279521075864886
HON,2026-01-29,2026-01-30,2.14,0.0551825841313599,-0.004795675313091774,0.04968304098658183,0.10368056867064734,-0.09078711472372403
HON,2025-10-23,2025-10-24,9.87,0.03197453219986279,-0.016748119209593515,-0.018802353618776135,-0.0347295259365632,0.07863353219144087
HON,2025-07-24,2025-07-25,3.43,-0.06737283341940559,0.003997078674862431,-0.004979776034313321,-0.014001528001653107,-0.13302667690186598
HON,2025-04-29,2025-04-30,13.64,0.04233960556952998,-0.00594705129142703,0.007605075313041887,0.011217280052866485,-0.07726029785057298
HON,2025-02-06,2025-02-07,5.28,-0.06998150160720817,0.007805627223498091,-0.028342361687939577,0.11285063593064959,0.09398656658271798
HON,2024-10-24,2024-10-25,3.08,-0.05782076971417405,-0.012226226947550156,0.01953701935359975,0.07846897222605076,0.01669858702805871
HON,2024-07-25,2024-07-26,3.1,-0.056995746929197955,-0.007197108276626452,0.02588184062427268,-0.028309703256873542,0.02324026301266202
HON,2024-04-25,2024-04-26,3.32,-0.012518160036269821,-0.0018873846246625359,0.006238033391188225,-0.003949836756905745,0.04196340645443475
HON,2024-02-01,2024-02-02,0.33,-0.054159723960979456,-0.012166425953189175,-0.020332678380561853,-0.014765813952168694,-0.03042307607747996
HON,2023-10-26,2023-10-27,1.87,0.010332509688644853,0.003581180905142478,0.009276413014718043,-0.01001117895339565,-0.042023082670737066
HON,2023-07-27,2023-07-28,0.79,-0.06585349276052876,-0.007334452246671619,-0.008510540524761856,-0.0032258620916963965,0.006452974368810316
HON,2023-04-27,2023-04-28,7.43,0.01821775941058923,0.00421217692882403,0.000828192335221356,-0.035221050992698344,-0.05162703111355227
HON,2023-02-02,2023-02-03,0.45,-0.023267945229308085,0.012771580028191343,-0.0005004779592264752,-0.003615980549155573,-0.016815612663181878
HON,2022-10-27,2022-10-28,4.61,0.05872475892628626,0.0027828374323607408,0.04681780129256019,0.04034090886918906,-0.018641823766392562
HON,2022-07-28,2022-07-29,3.6,0.02061062655517265,0.0005192709542342078,-0.004579359430686214,0.024340540384671927,0.0525728466239308
HON,2022-04-29,2022-05-02,2.58,0.0677532872836687,-0.003720292373118106,0.024569224157287906,-0.0077232267031989155,-0.011640398207470759
HON,2022-02-03,2022-02-04,0.52,-0.05841760915616945,0.008326710652194147,-0.005186846846569115,0.021698107449646398,0.10374273597257022
HON,2021-10-22,2021-10-25,1.17,-0.03540938803897231,0.0026853281270979856,0.00034862520801870467,-0.019294218844494004,-0.019602633054859542
HON,2021-07-23,2021-07-26,3.86,-0.027763486773389245,0.009399575151112338,0.021605236686121465,-0.01077507570007219,-0.05381397672944721
HON,2021-04-23,2021-04-26,6.59,-0.046713539079334954,0.0065808391326596105,0.006171117935712012,0.016285275009297884,0.007106301969244333
HON,2021-01-29,2021-02-01,3.5,-0.03218334986604887,0.009177851080168775,0.004487013904366233,0.03362390954053773,0.03163354955240938
HON,2020-10-30,2020-11-02,4.94,0.054071980268868725,0.014600243503774202,0.0608960423845093,0.08480864393136756,0.005091917985115435
HON,2020-07-24,2020-07-27,1.66,-0.02012482395601356,0.014633857611477397,-0.03202445610615967,0.002138693729605734,0.08911743718504828
HON,2020-05-01,2020-05-04,13.65,-0.023427506283557942,-0.011680947709301726,-0.03829670804701335,0.018918941923181665,0.00020210002449339015
HON,2020-01-31,2020-02-03,0.87,-0.02849862324594843,0.007464657705050115,0.0002818239402593292,0.023747672799958375,-0.052195759729867786
HON,2019-10-17,2019-10-18,3.48,0.013297205169034432,0.01357451375540042,0.024417968353938724,0.05679911984243402,-0.00984660753542621
HON,2019-07-18,2019-07-19,0.8,0.027830464836813396,0.0009540470626532294,-0.01270266501661399,-0.01322365956314786,-0.05362534848546052
HON,2019-04-18,2019-04-22,4.54,0.030011075131810117,0.012228095679355233,0.013216148759859658,0.024031370380935835,-0.023586976884838462
HON,2019-02-01,2019-02-04,1.03,0.022417979674478117,0.0009460386278417054,0.008645338021672444,0.021644431307299428,0.0839942235225779
HON,2018-10-19,2018-10-22,1.94,-0.011595000101391806,-0.008080579599262672,-0.00556123660396024,0.024305246225850397,-0.009970009636595667
HON,2018-07-20,2018-07-23,5.46,0.041036727544814466,0.004466567374648678,0.021842199900122483,-0.0030618110442457436,0.04943084137145548
HON,2018-04-20,2018-04-23,2.63,0.011936015028611746,0.004047501085292504,-0.018782902260893075,-0.007788146160476295,-0.0504327458998064
HON,2018-01-26,2018-01-29,0.52,-0.007156983073615675,-0.005225673504693384,0.0029070909175266113,-0.006120311762263353,-0.014583051015437887
HON,2017-10-20,2017-10-23,0.43,0.01476330244624724,-0.0003864105177833199,-0.011270795166488767,0.01047887468290365,-0.007400448791393677
HON,2017-07-21,2017-07-24,1.25,0.02158474622150175,-0.0057708689348759945,-0.011343243990875496,0.005129640700846427,0.00641915313498731
HON,2017-04-21,2017-04-24,5.28,0.04086225632487306,-0.00959393781490403,0.0021857325971514907,0.01102934107671949,0.007829955631821983
HON,2017-01-27,2017-01-30,-0.02,0.01742478954921778,-0.006544074200869776,-0.004133035204040514,0.011655985193004925,0.04588378846622709
HON,2016-10-21,2016-10-24,-0.01,0.005635118302488307,0.0016112034470887604,0.014733449843513324,0.008595323391223486,0.02335837977541111
HON,2016-07-22,2016-07-25,1.15,-0.028472109834559278,0.003521477603867229,0.0020381295046312253,0.005953994467907009,-0.047584013813850135
HON,2016-04-22,2016-04-25,1.97,-0.012809232691873507,0.012200621177318238,0.015606596542797724,0.017512514500211407,0.01799410057383044
HON,2016-01-29,2016-02-01,-3.49,0.026110012665477633,-0.0035567543825176795,0.029377046874631607,0.011886635525167,0.041818593285009475
HON,2015-10-16,2015-10-19,3.48,-0.01844229704717648,0.012598037023092812,0.0397762834106985,0.04841408894153032,0.07259450602091388
HON,2015-07-17,2015-07-20,1.25,0.025668955277491134,-0.005167470134867624,-0.01718460312666703,0.008561534146090621,-0.003832589932715069
HON,2015-04-17,2015-04-20,1.13,-0.010422934892280633,-0.010994166303082364,-0.0047741655195374655,0.02535876097399492,0.00871483634140402
HON,2015-01-23,2015-01-26,0.92,0.028307626738355296,0.003473830887497087,-0.003624841824996783,-0.0021977808858166803,-0.021842438465181857
HON,2014-10-17,2014-10-20,4.06,0.02015211375737036,0.01263354752011514,0.010317539029372824,-0.001380426448898131,0.03322675259578767
HON,2014-07-18,2014-07-21,1.71,0.014472632774350735,-0.00589886608410406,-0.024624015677441324,-0.021469224130697073,-0.06594099950535959
HON,2014-04-17,2014-04-21,1.5,-0.006174709131159806,-0.0028273207709113013,-0.006871816397048369,-0.022933904929335447,-0.023915253526595626
HON,2014-01-24,2014-01-27,2.04,0.03160689269246564,-0.00418283977127043,0.004515850435183655,0.006294742131649489,-0.011234491469803487
HON,2013-10-18,2013-10-21,-0.25,-0.03090751170184125,0.012047450279346616,0.021167005024901764,0.01882343766396999,0.006023222096372516
HON,2013-07-19,2013-07-22,5.31,-0.002887387668609298,0.004894099489363368,0.001996269541926332,0.01380771518559154,0.02438078025224044
HON,2013-04-19,2013-04-22,6.13,0.030484457240643525,-0.008029464002178521,-0.030632500173336075,0.01630629390705418,0.029822847609684455
HON,2013-01-25,2013-01-28,0.58,0.005547316405951186,-0.001464231335708499,-0.001691441584379283,0.009114631857949362,0.035395339131824244
HON,2012-10-19,2012-10-22,5.91,0.03052900441470585,0.0021552101747908115,-0.0023347387802558073,0.007247391378895629,0.058646962590632734
HON,2012-07-18,2012-07-19,2.59,0.05247528546769198,0.0055247026629047236,0.007702911240835997,-0.010442221482835023,0.0024936988214736555
HON,2012-04-20,2012-04-23,5.47,0.02744263984375228,0.00852923952391449,0.0021455089656834403,0.004872967878337686,-0.02025460341924057
HON,2012-01-27,2012-01-30,0.16,0.009919599074670993,-0.0020256018020092803,0.013164897068237646,-0.013656066677528278,-0.01808055755041016
HON,2011-10-21,2011-10-24,-13.24,0.03682220849825435,-0.0010310748467861064,0.012089747550589447,0.04417328861333358,0.057816261154373105
HON,2011-07-22,2011-07-25,2.02,-0.02790524286118834,-0.013315468968960742,-0.019813763719988775,-0.09197077378563567,-0.03809248219589645
HON,2011-04-20,2011-04-21,7.25,0.03792496750449548,-0.005541116720261141,-0.011409129648838112,-0.021703991463831174,-0.04588303515009706
HON,2011-01-28,2011-01-31,1.2,0.011686639448656333,0.0005959613193913249,-0.005570428068933042,-0.0037449172127510533,0.044809414623206534
HON,2010-10-22,2010-10-25,1.49,0.013602116845520262,-0.005428241600700101,-0.013926753935911251,0.03862557681845091,0.0708577875062173
HON,2010-07-23,2010-07-26,4.26,0.009647773405947024,-0.010391770284873703,-0.01440201699338517,-0.038598634966120926,0.007347401374532714
HON,2010-04-23,2010-04-26,4.87,0.014769161078935111,-0.0039030187617257184,0.013213000887340232,-0.014988510010992773,-0.028719657158988388
HON,2010-01-29,2010-02-01,0.65,-0.015813408724414724,-0.008293879806763993,-0.03443367005404108,0.01258943058608275,0.10531443531408757
HON,2009-10-23,2009-10-26,5.69,0.0011121742939944612,-0.0012489540907362207,-0.016335936932828643,-0.003217225052193351,0.038400986093799494
HON,2009-07-27,2009-07-28,0.32,0.006440534072119197,-0.0007691323843114217,0.015218690173411265,0.054463320371325175,-0.019137002781530965
HON,2009-04-24,2009-04-27,-0.4,-0.06974278165666747,-0.02556764208584572,-0.018450490109905848,0.02360140558774293,-0.007207342065992162
HON,2009-01-30,2009-02-02,-0.21,-0.00241227909079067,-0.018444936028014225,-0.0006984134309180323,-0.0649124435912305,-0.08553111963117654
HON,2008-10-17,2008-10-20,1.89,-0.0928684735056523,0.0005819153830812773,0.03262410788907333,0.020268540995526663,0.24841173373983838
HON,2008-07-18,2008-07-21,2.81,-0.02684362923732897,0.038414009497591994,0.02293086408671452,-0.008697339765570522,-0.1491740447154033
HON,2008-04-18,2008-04-21,3.16,0.041146352778433926,-0.012156080615953302,-0.0066361965769259346,0.002880653045104209,-0.07753476974633722
HON,2008-01-24,2008-01-25,0.11,0.03709887057836592,-0.005034461662128509,-0.015509938819630031,-0.033223666824812814,-0.017409454903301036
HON,2007-10-19,2007-10-22,-0.61,-0.021521218837880385,0.0015281947390037853,0.0031563959383444917,-0.008960330515275894,0.06894872443963707
HON,2007-07-19,2007-07-20,2.9,0.01321628487968951,0.004975943161930285,0.01610863650605565,-0.04526355351907008,-0.0032816180000587725
HON,2007-04-20,2007-04-23,6.97,0.03859392504026693,0.032192783356932875,0.056029714254199225,0.11267297378423802,0.1390554028388713
HON,2007-01-26,2007-01-29,0.28,0.0021555618817891142,0.015365152032141172,0.02075905867180805,0.06702919652360106,0.17055107918365575
HON,2006-10-19,2006-10-20,3.99,-0.023645976683422387,0.0047486100662157416,0.006568496884541197,0.008994125367097094,0.04229260635897636
HON,2006-07-20,2006-07-21,2.61,-0.03924195889869908,0.0071734008734603005,0.02410055025328184,0.04160205328358457,0.08575448751957815
HON,2006-04-19,2006-04-20,6.43,-0.010762490376541312,-0.006539971307866321,-0.015208388134447692,-0.012707356999588804,-0.10162974249986678
HON,2006-01-26,2006-01-27,-0.33,0.03368753364932586,0.0065972966569168845,0.05521617859814798,0.09825816718584934,0.14431748471411598
HON,2005-10-19,2005-10-20,2.8,-0.07025504645529934,-0.00840585897972368,-0.002155640423535443,0.038982430989247474,0.023985564214911825
HON,2005-07-20,2005-07-21,6.93,0.02743909992358995,-0.015503737157589792,-0.0033988216660900683,-0.0006699652422725855,-0.029323746414798735
HON,2005-04-20,2005-04-21,4.88,-0.008760451560051563,-0.005005105982340274,0.0035050090844106485,-0.0009794312746860268,-0.0429507392163484
HON,2005-01-28,2005-01-31,-0.61,-0.00760503061646145,-0.004123435207778359,0.03136225756318578,0.026821497647190773,0.03331914844609729
MMM,2026-01-20,2026-01-21,1.79,-0.061986304570440964,0.02524890764479415,-0.014234256781066046,0.06492081083816281,-0.043008734183105024
MMM,2025-10-21,2025-10-22,5.6,0.08565046039397217,0.02020185570716282,-0.044882498565619655,0.008135132152450986,-0.08006729672202939
MMM,2025-07-18,2025-07-21,7.37,-0.040271809351648424,-0.010743923693446122,-0.018032383965785437,-0.02284693112318248,-0.05342098519800609
MMM,2025-04-22,2025-04-23,6.42,0.03715423120092254,-0.0003229660434063142,-0.014763585943903257,0.009441396712021266,-0.049138937954774864
MMM,2025-01-21,2025-01-22,9.32,0.0425375460628461,-0.0020379401137167186,0.02386318034787238,-0.0018337765053249022,0.006852375576150149
MMM,2024-10-22,2024-10-23,4.13,-0.041730888590759685,-0.013420608430899428,-0.006231258194832168,-0.01687579327017108,0.11926647154809844
MMM,2024-07-26,2024-07-29,14.92,0.19876776916705663,0.017770235955459235,0.045866322984931096,0.02970478270513799,-0.015901214001451836
MMM,2024-04-30,2024-05-01,13.15,0.08717935111112818,-0.025911885927950684,-0.05488761305419543,-0.03999881855540721,0.18799413127566678
MMM,2024-01-23,2024-01-24,4.61,-0.14083936234250616,0.023947735655401647,0.01707616183421279,-0.03995335771148523,0.17991870161865453
MMM,2023-10-24,2023-10-25,14.23,0.0511967915385354,0.003696172524485064,0.0008508659753843073,-0.006050482616694053,-0.07392820721898552
MMM,2023-07-25,2023-07-26,23.34,0.07738796064569153,-0.006242694310913621,-0.021303434979528912,-0.07469457914363897,-0.15499763337762884
MMM,2023-04-25,2023-04-26,23.44,-0.0003270014115722697,0.003508188169214721,-0.00992562594056623,-0.059936416844560414,-0.0989119027612535
MMM,2023-01-24,2023-01-25,-3.81,-0.07832538481636031,-0.005500484973329334,-0.00015720126961271674,-0.023603007413322774,-0.0961043386773257
MMM,2022-10-25,2022-10-26,3.83,0.0281787655393968,0.006154749499009737,0.020020439036637305,0.002009559964456953,-0.10418027484319448
MMM,2022-07-26,2022-07-27,1.65,0.021513548303861985,-0.001668206225903912,-9.509271615537607e-05,-0.005370236712450183,-0.09197789513122712
MMM,2022-04-26,2022-04-27,14.43,-0.0033118158057861002,-0.004942126139189318,0.04122690615913127,0.06886345367960367,-0.012659472553841034
MMM,2022-01-25,2022-01-26,14.6,-0.0055671793859531915,0.010017421401001814,-0.07090350605087636,-0.1312844224204509,-0.09650180704618094
MMM,2021-10-26,2021-10-27,10.94,-0.01927237264351478,-0.0005040644703988573,-0.0013620614642955164,-0.02945788223019452,0.005026164687276347
MMM,2021-07-27,2021-07-28,13.77,-0.011843920718461964,-0.004701962497640655,-0.004124489371740259,-0.035359548408292585,-0.11143602810580777
MMM,2021-04-27,2021-04-28,20.79,-0.01803125437163844,0.009551299272442915,0.03207531263842944,0.03240665016797806,-0.026645413828459974
MMM,2021-01-26,2021-01-27,9.79,0.12139112916693529,-0.025904742270168035,-0.07971559403633033,-0.05553223446549693,-0.02446517587757957
MMM,2020-10-27,2020-10-28,7.2,-0.008410729282117169,-0.010479066368274004,-0.041393122010434436,0.016723065169497398,-0.06041383751016127
MMM,2020-07-28,2020-07-29,-1.06,-0.048698657820269164,-0.02286403779467794,-0.027259496424531626,-0.010543264108733963,0.038298702107188554
MMM,2020-04-28,2020-04-29,7.31,-0.004473036957266752,-0.018463318430743114,-0.033821739616150204,-0.019749098769402895,-0.06612884081434722
MMM,2020-01-28,2020-01-29,-7.23,-0.0872509319319964,-9.707498158384453e-05,-0.017068094398677625,0.024432018128779376,0.044171432945373734
MMM,2019-10-24,2019-10-25,3.28,-0.021556976468699585,0.012245758773027138,0.00903064177875934,-0.01320682804068607,-0.025867139280202345
MMM,2019-07-25,2019-07-26,2.81,-0.03221079238256852,0.017800163044306427,0.01137653921521864,-0.03919138178501114,-0.035383439123328086
MMM,2019-04-25,2019-04-26,-10.83,-0.12915181163387013,-0.009184898596584112,-0.035764377009053994,-0.08981528193382338,-0.09343632713750061
MMM,2019-01-29,2019-01-30,1.46,0.016935552084167638,-0.0036135046524659042,-0.002723401382823898,0.00646122012591599,-0.13285086899159881
MMM,2018-10-23,2018-10-24,-4.52,-0.048297646899245095,-0.015501531625274012,0.010982644139994724,0.08516098873076006,0.050513765796229015
MMM,2018-07-24,2018-07-25,-0.46,0.014264362301263045,0.019875976657879213,0.024154827530432077,-0.008192237743527175,0.009389586084580959
MMM,2018-04-24,2018-04-25,0.63,-0.06790366272625592,-0.018966744169319094,-0.020195513533824427,-0.030929017411933657,-0.043057257209277555
MMM,2018-01-25,2018-01-26,3.4,0.03216155101041562,-0.003500413799876867,-0.013206549530523581,-0.02017200325881796,-0.13906421912965206
MMM,2017-10-24,2017-10-25,5.37,0.07600697694891545,-0.021235309723741214,-0.04017256318673501,-0.038259022394219855,-0.07381457185864049
MMM,2017-07-25,2017-07-26,-0.39,-0.05470867833423365,0.00605403450687414,0.032014667738671454,0.035744572481333,0.06896023023051212
MMM,2017-04-25,2017-04-26,4.65,-0.001222086715000792,0.004853845613690844,0.01315200646575132,0.009547880360374794,0.04871908444979289
MMM,2017-01-24,2017-01-25,0.43,-0.025094526036415488,0.0015547922660400504,-0.00033295528612709013,0.03615869069272293,0.06431785386866729
MMM,2016-10-25,2016-10-26,0.36,-0.02244064294239423,-0.0018374262306881661,0.014029542482839275,0.008541812173889385,-0.007532329595414611
MMM,2016-07-26,2016-07-27,0.56,-0.00697104626740308,-0.002781382841306357,0.0021874701124702245,0.0065228942841544235,-0.03403584285757277
MMM,2016-04-26,2016-04-27,6.54,-0.007228563616575645,0.004544978913809117,0.017153785932253474,0.020374159279844983,0.03966121838301073
MMM,2016-01-26,2016-01-27,2.19,0.05539538284262746,0.00695177759300547,0.0310370402336948,0.0608439587998828,0.050646271874745796
MMM,2015-10-22,2015-10-23,2.18,0.01180716529924375,0.007272027338028453,0.0070910805582917735,0.01831340541005888,-0.014944925496633843
MMM,2015-07-23,2015-07-24,1.26,-0.023178859158651255,0.0016654834181851763,0.0014416516046458216,0.007033304569259102,0.015167638204644618
MMM,2015-04-23,2015-04-24,-4.21,-0.03933610844859403,-0.0021951866708438406,-0.0038451412020926723,0.012587587757605823,-0.019459339932567987
MMM,2015-01-27,2015-01-28,0.71,0.024019357703827793,0.004114608532056696,-0.014279620014046479,-0.01514041615834616,-0.08639245519909688
MMM,2014-10-23,2014-10-24,0.94,0.049967851280201536,0.007902458369100418,0.008235842204203259,0.031469031344579124,0.06740024203966088
MMM,2014-07-24,2014-07-25,0.11,0.007672398949770676,0.0024207048255431296,-0.008122110024885054,-0.008335111092520497,-0.01313731640030491
MMM,2014-04-24,2014-04-25,-0.28,-0.004174331681054078,0.001739529069678225,0.016567464978001878,0.018084612405030898,0.000171337825759732
MMM,2014-01-30,2014-01-31,0.28,-0.020495624246543387,-0.010960253324913127,0.008275620818629426,-2.7505515322934215e-05,0.021706541117106903
MMM,2013-10-24,2013-10-25,1.51,0.001997583730175556,0.0024269049615912586,0.010417036921260614,0.030591519263678313,0.04350130851059286
MMM,2013-07-25,2013-07-26,0.18,0.0014846666088856875,0.0005087037168713948,0.000667067436589619,-0.0013323027011723498,0.023753583485879082
MMM,2013-04-25,2013-04-26,-2.68,-0.04010408561500145,-0.0063122092938976415,0.019145295864646084,0.0238134705486015,0.0567435311045148
MMM,2013-01-24,2013-01-25,-0.14,0.0051656595157059115,0.0017943221331665482,0.0030535986095747703,0.02609721420827882,0.019406863115874584
MMM,2012-10-23,2012-10-24,-0.09,-0.02807667730188046,-0.009469078502299055,0.0027328102924264464,0.025778368784757033,0.06808354147061979
MMM,2012-07-26,2012-07-27,0.52,-0.0018824901852334541,-0.0046889210529939,-0.004940361034932783,-0.001746558484246652,-0.02425948561053337
MMM,2012-04-24,2012-04-25,10.12,0.0016215068970153457,-0.0011133352936010255,-1.0847874317931883e-05,0.01128522101953311,0.03488058066368149
MMM,2012-01-26,2012-01-27,3.14,0.016914567727988827,0.0020420873694569908,-0.017546888640069147,-0.026737118987588238,-0.027606155482503558
MMM,2011-10-25,2011-10-26,-5.46,-0.05330570324721873,0.02216289167396801,0.015996880794905688,0.049982995179708944,0.05925671441141356
MMM,2011-07-26,2011-07-27,0.42,-0.0493894864591603,-0.0028809728651675304,0.012349204500184618,0.013568808098330831,-0.037064935849182135
MMM,2011-04-26,2011-04-27,3.79,0.009778044309669998,0.004634740878072252,0.0033933819060839587,-0.009343458686574713,-0.002355389470585445
MMM,2011-01-25,2011-01-26,0.21,-0.012718456690816504,-0.006710252015494245,-0.02664356379738131,0.0014637327393764998,0.018693769915152814
MMM,2010-10-28,2010-10-29,1.01,-0.06898266897603911,-0.0031872360717475345,-0.010527418535874578,0.0006168020613463998,-0.029915706108294637
MMM,2010-07-22,2010-07-23,3.88,0.01582841021998105,0.002930114586946697,-0.0060431854092437565,-0.031978052876953766,-0.029976449202104183
MMM,2010-04-27,2010-04-28,17.56,0.025383592399821464,-4.45487747111617e-05,0.00274488452694277,0.005131952225271408,0.05341971137782853
MMM,2010-01-28,2010-01-29,8.18,0.00022360070458204984,-0.016171915720417318,-0.017429021378882026,-0.0342109839073228,-0.0077042188338130035
MMM,2009-10-22,2009-10-23,17.41,0.02090590129390668,-0.00202474170484801,-0.012792079413936341,-0.0212363777961182,0.030576282112657394
MMM,2009-07-23,2009-07-24,27.26,0.04718114707048393,0.00410111014219372,0.008197172162664135,0.0039542815480861915,-0.017530725869497665
MMM,2009-04-24,2009-04-27,-5.32,0.052417723196513055,-0.010804379825157584,-0.03901083543599815,-0.04503829333217402,0.018063841848865447
MMM,2009-01-29,2009-01-30,3.85,0.022767537159806728,-0.05591364581326097,-0.0761291956433423,-0.047258480998894514,0.02226713404857028
MMM,2008-10-21,2008-10-22,2.71,0.09450837493307518,0.04598520714775667,0.04714760982903665,0.11899397692756775,0.03801458141481173
MMM,2008-07-24,2008-07-25,2.73,0.023105883368401026,-0.003941364488131205,-0.016694674988325997,-0.0072931945137981735,0.024280193713513643
MMM,2008-04-24,2008-04-25,2.51,-0.048501693072967256,-0.009081164866164504,-0.004300973668058372,-0.00546470519340847,-0.008517008925490455
MMM,2008-01-29,2008-01-30,2.15,0.012512759042650923,4.6934448018509656e-05,0.02605961192043038,0.012099502307601373,-0.03873203077347842
MMM,2007-10-19,2007-10-22,1.26,-0.06870558483999112,-0.012161112873135593,-0.02744057111972309,-0.00804505825897539,-0.017112493283104824
MMM,2007-07-26,2007-07-27,4.46,0.04767151673901271,-0.014199586608751424,-0.018623627150923694,-0.026783088561338708,-0.07897983734221514
MMM,2007-04-26,2007-04-27,14.7,0.059169792487382855,0.02325206154320314,0.023321817176273463,0.06267595135026016,0.08977895593084573
MMM,2007-01-30,2007-01-31,-3.64,-0.07098483345989082,-0.010155351581608407,-0.005446150587335552,0.020178897975295484,0.060166523732588795
MMM,2006-10-20,2006-10-23,3.96,0.04347410723270473,-0.005480338743022561,-0.01683224569745445,-0.005934181618858281,-0.05589390986996989
MMM,2006-07-25,2006-07-26,-2.05,-0.04159811275466285,0.01093749992754256,-0.0018917198614991637,0.0020466283747884173,0.030036983460302924
MMM,2006-04-21,2006-04-24,1.04,0.036302452689458864,-0.003480545059660778,-0.0018380151983353743,0.021492829328985663,-0.12890733147829547
MMM,2006-01-24,2006-01-25,0.1,-0.037565959318320186,-0.009635509673988074,-0.011054947828481598,-0.0038212910830957014,0.1330076652533556
MMM,2005-10-18,2005-10-19,4.09,0.038254938795616145,0.007701304203635906,-0.002922628255644266,-0.014317668029383057,-0.05259448247759746
MMM,2005-07-18,2005-07-19,0.28,-0.016840011315076286,0.0018361013694518924,-0.009465654888952346,-0.028817362993329043,-0.006240779455435108
MMM,2005-04-18,2005-04-19,1.88,-0.05964125055576586,0.0005618988646561851,-0.008579055139848468,-0.017762111194431496,-0.08340466825211834
MMM,2005-01-18,2005-01-19,0.51,-0.02126729609789213,0.015583113240084656,0.02358639694814646,0.031054402262532976,0.019633682285901788
GE,2026-01-22,2026-01-23,9.81,-0.08291913975742515,-0.0010287538567632648,0.03998958172747846,0.163461238505904,-0.04721084338553705
GE,2025-10-21,2025-10-22,13.01,-0.010611475063125098,0.022604043352215886,0.025685130224663233,0.01757755960803098,0.03206365551275869
GE,2025-07-17,2025-07-18,15.97,-0.016315349271956436,-0.0034535197878260426,0.016433269379343862,-0.007875044268067288,0.07208178412883393
GE,2025-04-22,2025-04-23,17.51,0.04403814186929211,-0.0017903968786365798,0.004872115743037364,0.1172000387172567,0.18134807063311098
GE,2025-01-23,2025-01-24,26.9,0.04201958623740776,0.0025061207562653287,0.044778858966214585,0.027659969808348617,0.09347439587906348
GE,2024-10-22,2024-10-23,1.34,-0.05489915010638613,-0.01289507905681575,-0.04229724239084576,-0.04206320981565348,-0.014353668706576617
GE,2024-07-23,2024-07-24,20.79,0.02136925475941709,0.01981302444492561,0.030974885163336685,0.019010925526774525,0.10929703512830957
GE,2024-04-23,2024-04-24,16.42,0.04853766279990501,0.016802054051601845,0.01321539309021691,-0.03814060548526732,-0.07680967165068009
GE,2024-01-23,2024-01-24,14.86,-0.013919198622399653,-0.005438906700346413,0.024335352782843378,0.1217698472607569,0.4070817880946793
GE,2023-10-24,2023-10-25,46.28,0.04919313726442409,-0.009608300090881539,-0.04775981667829354,-0.014198291767578475,0.003438415746727763
GE,2023-07-25,2023-07-26,48.14,0.037659889570405225,0.012731932754063036,-0.012160359456769632,0.01650196972654716,-0.0065206854953507865
GE,2023-04-25,2023-04-26,97.56,-0.019298539363815648,-0.0006794218238270755,0.04873871794842066,0.03293532134540178,0.01934904755064082
GE,2023-01-24,2023-01-25,6.97,0.013485989435739199,-0.0066585152172462525,-0.007164526649077851,0.025837398043714765,0.19932478641135787
GE,2022-10-25,2022-10-26,-28.12,0.020311751503641506,0.012495993764109592,0.04442570617863273,0.11105780851058555,0.31887756713526527
GE,2022-07-26,2022-07-27,86.22,0.0332753515082822,0.009251663892644313,0.010708468903713797,0.040594349779755845,0.06382210323617976
GE,2022-04-26,2022-04-27,7.87,-0.10360940983792688,-0.03139691011293522,0.00012998936192976096,0.0006380728050844331,-0.07698987293750337
GE,2022-01-25,2022-01-26,12.09,-0.06363279707247971,0.011431255286691089,0.04231673210651232,0.04777171162178151,0.011979154778175571
GE,2021-10-26,2021-10-27,30.03,-0.010236079024516842,0.003928763987678829,-0.0033337399486483843,-0.04974478086545453,-0.03835266196370801
GE,2021-07-27,2021-07-28,49.58,0.021219477970977896,0.008038863245576788,-0.02061991782375161,-0.026207146270034287,-0.054175855830273956
GE,2021-04-27,2021-04-28,208.05,-0.026762881251655823,-0.005615030969687629,0.004710673808362209,0.011150229477629336,-0.09383773318692423
GE,2021-01-26,2021-01-27,-6.33,0.06144991605380812,-0.0340832381595787,-0.0356880422591237,0.10011242574709778,0.07486042584300323
GE,2020-10-28,2020-10-29,306.31,0.06239102048812806,0.017209041106770462,0.022727319699333393,0.30902899986468113,0.4060365815556659
GE,2020-07-29,2020-07-30,-66.42,-0.10012380069465987,-0.03825317673066975,-0.020827869969233248,-0.04008096592407817,0.14923796541677903
GE,2020-04-29,2020-04-30,-37.99,-0.016624033919505843,-0.017644637148560682,-0.09183144031777846,-0.08146858128935608,-0.1293626833966961
GE,2020-01-29,2020-01-30,18.45,0.08283492811143489,-0.003837532764479068,-0.0019443530982785617,-0.049439874217392266,-0.37555073705315434
GE,2019-10-30,2019-10-31,31.55,0.0999350043042091,0.030816639506717536,0.11527356363729258,0.09306036171615006,0.21569382972096163
GE,2019-07-31,2019-08-01,43.75,-0.022271743607542138,-0.0004071756181968089,-0.05439369520072879,-0.18777130994136493,-0.13382887315840597
GE,2019-04-30,2019-05-01,54.43,0.04503648923319159,0.017010056438014343,0.02060740423295848,-0.01858085717346669,0.00160759749928574
GE,2019-01-31,2019-02-01,-24.07,0.11051214723119496,-0.00507312613275146,-0.038809894096804465,0.024806576612369735,-0.05445796255608082
GE,2018-10-30,2018-10-31,-30.46,-0.12064001953380843,-0.062127158908023894,-0.12746410379345863,-0.2262397764374311,-0.0922743828058421
GE,2018-07-20,2018-07-23,8.66,-0.054611366930372274,0.0049756204880762045,0.013979538883483689,-0.07263944990857107,-0.06487983207473802
GE,2018-04-20,2018-04-23,40.68,0.04651182956504829,0.02448709760018908,-0.023263688493456502,0.025454924036634408,-0.10371630890818262
GE,2018-01-24,2018-01-25,-4.89,-0.04207195807201769,-0.014667728267116042,-0.003817116405951504,-0.06671721745981929,-0.039883758027431715
GE,2017-10-20,2017-10-23,-40.84,-0.05468610084496772,-0.021022333344112853,-0.08807207329983202,-0.20299568557305103,-0.36695308607083765
GE,2017-07-21,2017-07-24,11.98,-0.04607608197035129,-0.002037515728354755,0.007280832195943887,-0.02108166963842606,-0.11915581270191489
GE,2017-04-21,2017-04-24,23.44,-0.03156218584794046,-0.00920279641162236,-0.027009744115617962,-0.05627034500926498,-0.1271178145657197
GE,2017-01-20,2017-01-23,-0.1,-0.04784229853062316,0.0019912757835334194,0.0008678755186350973,-0.019839504607749525,-0.020279710026273934
GE,2016-10-21,2016-10-24,6.48,-0.009882035924111188,-0.005985422564076415,0.01711360209938484,0.04294953558017345,0.0022524972177555558
GE,2016-07-22,2016-07-25,11.77,-0.030907239730904368,-0.005834605775821178,-0.01682503392468504,-0.018791288122727567,-0.06833470691366361
GE,2016-04-22,2016-04-25,8.98,-0.00796068137323691,0.005684857949666888,0.009913170570478136,-0.022489060190613364,0.030480551273152967
GE,2016-01-22,2016-01-25,5.06,-0.0243260859136174,-0.004014168492510128,-0.010631291905599527,0.017141348843170867,-0.005665280966185238
GE,2015-10-16,2015-10-19,11.64,0.029208107719636,-0.005965345150316548,0.0014678690959055718,0.03619434921664322,0.060548339270067864
GE,2015-07-17,2015-07-20,-2.12,0.002332192233939434,-0.006733754166039607,-0.01656417528301557,-0.024858933828415197,0.08923666626421323
GE,2015-04-17,2015-04-20,2.82,-0.00705915863106521,-0.013611805533145005,-0.009565542717917874,-0.0047544074161380845,-0.009328625789368106
GE,2015-01-23,2015-01-26,2.65,0.0159216128265538,0.004650204700172966,0.001728831927136354,0.011069086455378185,0.07461807700786038
GE,2014-10-17,2014-10-20,1.67,0.01052924568060587,-0.0030304229662445614,-0.011216742814562641,-0.010811371302794193,-0.10065544964022843
GE,2014-07-18,2014-07-21,-0.92,-0.032003916531298415,-0.0028182015198188193,-0.017342513221812683,0.0033633765996119447,-0.020125674432244778
GE,2014-04-17,2014-04-21,3.89,0.01310533985960971,-0.004920896682302556,0.00800054754487789,-0.008337520830385081,-0.03890166486720603
GE,2014-01-17,2014-01-21,-1.06,-0.032154077318667706,-0.012063251715482726,-0.00382627184469686,-0.02755542716765591,-0.012833944170490552
GE,2013-10-18,2013-10-21,0.82,0.052344865758227055,-0.010381800039764855,-0.012405864088046337,0.012531538842995182,-0.01422482676767789
GE,2013-07-19,2013-07-22,1.61,0.048321186274231875,-0.0039090960855860946,-0.009514859264395215,-0.012722056324906972,-0.02551620338381022
GE,2013-04-19,2013-04-22,12.62,-0.07139717012632918,-0.0032826129627689937,0.023050345519390225,0.03508292641266886,0.03026132812775928
GE,2013-01-18,2013-01-22,2.42,0.025697947335530547,-0.00478929162008912,0.01200369567225934,0.048788664071592214,0.0002227077630250207
GE,2012-10-19,2012-10-22,-1.82,-0.03213572401142828,-0.00547877707752753,-0.015129089005017748,-0.01939152051538795,-0.02371958940620389
GE,2012-07-20,2012-07-23,2.14,0.033814450518691364,0.0026139054309080034,0.0087663897203909,-0.010745208229590464,0.05242906859715668
GE,2012-04-20,2012-04-23,3.93,0.003095748279748345,0.02084414832745063,0.004226490206046041,0.037857417699810325,0.04274242300104114
GE,2012-01-20,2012-01-23,2.28,-0.012107052718428712,-0.004139995285692422,-0.0002880392567135015,-0.012111910424930539,-0.040435525999895416
GE,2011-10-21,2011-10-24,-1.1,-0.04230535753187792,0.005462060655318179,0.015725867672314875,-0.027098265327257454,0.11728292665735696
GE,2011-07-22,2011-07-25,4.63,-0.005530540837180409,-0.017361455835227635,-0.014481125763591507,-0.04539682475573281,-0.03089557290969014
GE,2011-04-21,2011-04-25,16.33,-0.029057390105898362,0.0019528042932728251,0.01035706278131987,-0.013315458280285686,-0.045048426449062595
GE,2011-01-21,2011-01-24,13.16,0.07939356041475176,-0.003535834886728817,0.008243549002130757,0.01777628303585921,-0.003060180149445646
GE,2010-10-15,2010-10-18,5.65,-0.06001129347013079,0.002027485248402572,-0.015243165805125192,-0.01787246354983152,0.06518102158182404
GE,2010-07-16,2010-07-19,12.38,-0.019520562665826136,0.010796086438057184,0.06416814500106893,0.04841410681553748,0.08805125193816177
GE,2010-04-16,2010-04-19,31.86,-0.016515732455964827,-0.005763228028281997,0.006153242116358593,-0.02395108188639017,-0.11192340636618314
GE,2010-01-22,2010-01-25,8.44,0.039126138048896086,0.002967718592984281,-0.0008627107933762979,-0.026021876435506797,0.06601439005539667
GE,2009-10-16,2009-10-19,11.28,-0.05731118181244754,-0.011131154808212473,-0.026166493837432192,-0.0028319954595197316,0.00869574796401218
GE,2009-07-17,2009-07-20,9.56,-0.08056637896358843,-0.02176332648697965,0.021850549967142197,0.1113878005933231,0.2777741273046961
GE,2009-04-17,2009-04-20,24.13,-0.039489202086815056,0.011300153455626738,0.036312286824459195,0.09329254431421385,-0.03684749801892773
GE,2008-10-10,2008-10-13,-0.78,-0.012738678879224974,0.007656958596717112,-0.015890766628971043,-0.03539006311787296,-0.12221358902813573
GE,2008-07-11,2008-07-14,0.93,0.003947984427791207,-0.005402330399646993,-0.00837130516175466,0.036805517678818234,-0.06292109534526347
GE,2008-04-11,2008-04-14,-13.97,-0.11333756535258488,0.004912748776732645,-0.0199147248851117,-0.036173765780124656,-0.07756624783118382
GE,2008-01-18,2008-01-22,-0.09,0.0456032379128013,-0.008160615529502868,-0.01885088513065747,-0.030674474204503088,-0.10467071335754963
GE,2007-10-12,2007-10-15,-1.69,-0.015790360962505967,0.006709305368775009,0.01291269846550891,0.010003756397051089,-0.028843498877190954
GE,2007-07-13,2007-07-16,-0.6,0.025867559610248003,0.015222217534340943,0.023002398129165713,0.013399288040105928,0.038974468097914494
GE,2007-04-13,2007-04-16,-0.35,-0.008985319463484798,-0.007183614640647873,-0.025108008333622478,0.008960671538516651,0.04758888967535846
GE,2007-01-19,2007-01-22,0.55,-0.031772895776936316,-0.008391921429461324,-0.012919656250168332,-0.0431201236049622,-0.07501620678966936
GE,2006-10-13,2006-10-16,0.04,-0.022330975155156696,0.0031420693952018963,-0.005448285683086196,-0.01834071482054833,0.020798087745682592
GE,2006-07-14,2006-07-17,-0.37,-0.004166596267117351,-0.0020173492695276796,-0.015233851021368983,-0.016350011535354536,0.02827380584830963
GE,2006-04-13,2006-04-17,-0.15,-0.03224539817579686,0.0015672224887708364,0.0017369105065097035,0.031620364207917584,0.01647533832395298
GE,2006-01-20,2006-01-23,-0.17,-0.02535104720933945,-0.010940674801788064,-0.026792514964742553,-0.014270961672428584,-0.014305857089158991
GE,2005-10-14,2005-10-17,-0.17,-0.014599954487977906,0.010535121527189495,-0.003608377270050145,-0.02698564703691675,-0.05064182732811018
GE,2005-07-15,2005-07-18,0.13,-0.007512834020113601,-0.0017828041011342943,-0.019081562503290406,-0.04014008773692579,-0.005515916653739628
GE,2005-04-15,2005-04-18,2.22,0.025054710924434787,-0.007947949160981516,-0.005427311914173449,-0.013420588968648506,-0.09029523820065155
GE,2005-01-21,2005-01-24,2.2,0.004975414402719758,0.00964832791172654,0.010860147393947805,-0.015036500407000108,0.03345643449067859
BA,2026-01-27,2026-01-28,2447.98,-0.03141608137864493,-0.02926692946466003,-0.010072860574136033,-0.041615529741623414,-0.06730928141161163
BA,2025-10-29,2025-10-30,-214.44,-0.09358293086974856,0.0014179108232710291,-0.0038893560008301797,-0.060614480954949146,0.18151216773272494
BA,2025-07-29,2025-07-30,2.35,-0.040816878296342174,-0.013960490767019218,-0.0008943725580826678,0.024123437391192937,-0.09745877105664258
BA,2025-04-23,2025-04-24,62.39,0.047672943939372825,0.0023628113141158646,0.016066915752662503,0.08745139093768195,0.1425617813948692
BA,2025-01-28,2025-01-29,-56.1,-0.012634531482746403,0.02843446719423759,0.043098992415908866,0.028828344568120445,0.10697782832302949
BA,2024-10-23,2024-10-24,-19.66,-0.02227767621978194,-0.000878730192456878,-0.01965113139511321,-0.10087840011873817,0.0939136071839688
BA,2024-07-31,2024-08-01,-44.2,-0.04761987867545925,-0.028266043769589078,-0.030179407669513103,-0.06217936185862416,-0.2002941113273713
BA,2024-04-24,2024-04-25,25.63,-0.009737034196656058,-0.007015983253165992,0.06911934114386975,-0.012256188832451498,0.014487412132957234
BA,2024-01-31,2024-02-01,40.28,0.05018996837063128,-0.012576799381270543,-0.021454732937400633,-0.09510077116604232,-0.21898951657926402
BA,2023-10-25,2023-10-26,-25.01,0.008223282988974123,0.007883042959646591,0.028002522930818063,0.1248089300954005,0.01432522961694871
BA,2023-07-26,2023-07-27,8.24,0.09815501473889565,0.01134343468492216,-0.002158087842853096,-0.03585571873349924,-0.16388608613646416
BA,2023-04-26,2023-04-27,-20.87,0.003453229924976098,-0.004943448349789659,-0.02597986283448106,-0.03052353546121922,-0.06922437977974694
BA,2023-01-25,2023-01-26,-961.26,-0.007831111110765399,-0.009630944339315106,-0.04565760058865087,-0.04785814567516833,-0.0560771722931559
BA,2022-10-26,2022-10-27,-7213.26,-0.03414875314216592,0.0054022514021832,0.1451721336443822,0.2173690504380703,0.4633056161737561
BA,2022-07-27,2022-07-28,-246.34,-0.018503667384817124,-0.013195846172111336,0.026630332029025983,0.03158264266110322,-0.03722171899158466
BA,2022-04-27,2022-04-28,-995.84,-0.10489064605046927,0.0020705547988503215,0.008409080307231642,-0.11917407838280558,0.09337651634222965
BA,2022-01-26,2022-01-27,-4731.92,-0.062874241156464,-0.020514064218499994,0.052076116460517685,0.046721971770113946,-0.06969452669108012
BA,2021-10-27,2021-10-28,-299.02,-0.014517504118967683,-0.005974380007531699,0.006179131848661257,-0.04298675285557085,0.03066550102171639
BA,2021-07-28,2021-07-29,154.9,0.03837553851568343,-0.01737742908886497,-0.009815592403580653,-0.07805107294555291,-0.11215325933290321
BA,2021-04-28,2021-04-29,-41.01,-0.03301483503202407,-0.0003380718416519102,-0.023624540143506567,0.06439123888019249,-0.09609752562382146
BA,2021-01-27,2021-01-28,-825.97,-0.007853354013377056,0.004606151582429274,0.04532396840373276,0.06770860652434796,0.11466178197104737
BA,2020-10-28,2020-10-29,37.14,-0.020406706607248193,-0.015874879028443534,-0.0020542042007729577,0.3578802853090486,0.16896833775338682
BA,2020-07-29,2020-07-30,-89.6,-0.06072392871553978,-0.03229203796985225,0.03128116905942502,0.00041557720111651264,-0.03822114670968668
BA,2020-04-29,2020-04-30,-14.32,0.05740491501259393,-0.027774572255814256,-0.0780787980637172,-0.01339455789085675,0.08938514768699601
BA,2020-01-29,2020-01-30,-97.58,0.018874793663395506,0.0025995143104269314,0.036851812419123275,-0.04810753915783894,-0.4807698672087537
BA,2019-10-23,2019-10-24,-31.4,0.017855042695140044,-0.017793660202323203,-0.023321244882827386,0.036779277063000215,-0.20647401353223804
BA,2019-07-24,2019-07-25,12.57,-0.06685783482654206,-0.015576852943474995,-0.022444502936472377,0.049976302020159125,-0.0034028257283009733
BA,2019-04-24,2019-04-25,-1.04,0.0263084748100072,-0.009906993945845377,-0.015307219844527653,-0.045053859636832394,-0.04389126806166621
BA,2019-01-30,2019-01-31,20.42,0.03200098834021037,0.004212449614520608,0.05519845574611404,0.10950607719509442,-0.10558378535501045
BA,2018-10-24,2018-10-25,3.36,0.05209618483889267,0.005216799147471862,-0.014624383815373676,-0.11218211412634427,0.007907958770882906
BA,2018-07-25,2018-07-26,1.9,-0.0032120728160554,0.01047721065139362,-0.023336778018616444,-0.03681945665815378,0.016992076336699413
BA,2018-04-25,2018-04-26,39.25,0.029062121929223084,-0.006510642237758435,-0.021442447784573493,0.028142671318561963,-0.02116854012285385
BA,2018-01-31,2018-02-01,6.26,0.057581227273669544,-0.0007268393563101272,0.013187260950207946,0.014783404445975368,-0.0040284406770974
BA,2017-10-25,2017-10-26,2.29,-0.021636519665256704,-0.01901450560465412,0.0052527324549982435,0.01246417356527818,0.18435457716480053
BA,2017-07-26,2017-07-27,11.16,0.13522029555763826,0.002293581887777174,-0.010439720768344984,0.009516210216556908,0.05984901074072568
BA,2017-04-26,2017-04-27,5.25,-0.0017897812137261937,0.010966458186323136,-0.001489538506797894,0.015585216357611342,0.12743068914366185
BA,2017-01-25,2017-01-26,5.8,0.04577768407334837,-0.006826973724507579,-0.033760442714157346,0.02590943823021985,0.04708807702126894
BA,2016-10-26,2016-10-27,34.05,0.03552815063012127,0.0008623886108202194,-0.0023635549624456687,0.015830169070480515,0.09350457389873434
BA,2016-07-27,2016-07-28,24.44,-0.013737393843110568,0.0032724645768493765,-0.011871941128234975,0.0037693575741348795,0.03603281841364292
BA,2016-04-27,2016-04-28,-5.8,0.018744120123760144,0.005398899232149756,-0.008222944134346433,-0.04201286294223905,-0.055532771818799787
BA,2016-01-27,2016-01-28,25.34,-0.07238759323097688,-0.006412922645985031,0.03428626850686656,-0.02108523240607152,0.009405128913245964
BA,2015-10-21,2015-10-22,14.85,0.042914480607183725,-0.008296486662708658,-0.011446450086330495,0.010304065456290479,-0.06988137131882521
BA,2015-07-22,2015-07-23,17.43,0.01506888961263586,-0.0036582915662138893,-0.024261484392299693,-0.026683896669932317,-0.024386038786856412
BA,2015-04-22,2015-04-23,8.98,-0.030008677139570117,-0.01212908908389354,-0.03078472563721779,-0.021595554389666538,-0.026413632333537218
BA,2015-01-28,2015-01-29,9.06,0.11918865203345808,-0.003733056247101074,-0.014897470367300603,-0.015835643412118072,-0.04180459874335862
BA,2014-10-22,2014-10-23,9.34,-0.04447245030681479,-0.005974245065514028,-0.008160089024734862,0.03090472357681584,0.043832491096858606
BA,2014-07-23,2014-07-24,21.47,-0.04342977895394373,-0.00496449069949656,-0.003522351044483618,0.02684795173165755,0.04348588716149526
BA,2014-04-23,2014-04-24,12.54,0.01842968185478966,-0.0010415444731435297,-0.013442706046023378,0.0115735329116613,-0.06213416094699187
BA,2014-01-29,2014-01-30,19.9,-0.07792325268347844,-0.0041787147621943355,-0.020742608985407474,-0.014755322875494858,-0.03759106643368515
BA,2013-10-23,2013-10-24,16.38,0.05455188297067093,0.012567054620854945,0.00813079607517242,0.0072042550002824335,0.06544684384799804
BA,2013-07-24,2013-07-25,7.41,-0.008871429527822161,-0.011374454805565981,-0.010240694332930511,0.006854278920098933,0.11613972238555004
BA,2013-04-24,2013-04-25,15.91,0.03488768791059105,0.014638348897216713,-0.001868479337657769,0.05002175177353174,0.09677473262371228
BA,2013-01-30,2013-01-31,6.38,0.00935926232124562,0.003249352778219139,0.03977583896610626,0.03678272395412274,0.1832070027918602
BA,2012-10-24,2012-10-25,20.45,-0.01764861010517671,-0.0054448944505718355,-0.01876582386610748,0.0554136638682996,-0.014666568035925698
BA,2012-07-25,2012-07-26,14.05,0.023257796689082122,-0.01042300107757077,-0.04243181349228242,-0.0880795994818897,-0.06473241970786658
BA,2012-04-25,2012-04-26,28.44,0.0308766159498588,0.001995433208672237,0.004414682327089081,-0.012855805323600977,-0.01625595810302516
BA,2012-01-25,2012-01-26,30.02,-0.003857891878572328,-0.009636753439381862,-0.007261591253563071,-0.022389563962563086,-0.06861458121800401
BA,2011-10-26,2011-10-27,31.44,0.013817659070963106,0.010308328926217025,-0.0007595141085631196,0.031688494454837124,0.09349994474887557
BA,2011-07-27,2011-07-28,27.06,0.03045191183308882,0.004145205919574457,-0.030646299128354038,-0.02238118596212857,-0.036633396933900886
BA,2011-04-27,2011-04-28,10.69,0.029915810892722217,0.01330774988894401,0.0170942781875828,0.00394194433036088,-0.07549994736472232
BA,2011-01-26,2011-01-27,-0.75,-0.029604140496559794,-0.0013863187776567143,-0.00012471811309944236,0.01261158655408523,0.035130252870223755
BA,2010-10-20,2010-10-21,4.88,0.023488365440828662,-0.005219125060304641,-0.005502719048092297,-0.10638354393061134,-0.08248193614942556
BA,2010-07-28,2010-07-29,3.12,-0.009106103710940894,0.013867836505645492,0.005165599272724419,-0.03634991151893774,-0.012282084595630405
BA,2010-04-21,2010-04-22,-3.99,0.05737714906710689,-0.012613338955749565,-0.022490487584691077,-0.05033332369230892,-0.05008978669194919
BA,2010-01-27,2010-01-28,30.31,0.09081080346945036,-0.020460755548356135,-0.025697998845038872,-0.0035035506307006248,0.07409725047776283
BA,2009-10-21,2009-10-22,-7.25,-0.016901442582139214,-0.011671958527376902,-0.019740302297555634,0.011438118392596008,0.14184083011042903
BA,2009-07-22,2009-07-23,16.42,-0.04674038741113218,0.00591644908815403,0.020408818844914745,0.04265065494100684,0.15981139964155422
BA,2009-04-22,2009-04-23,-4.04,0.031280026259495886,0.005717286868247573,0.03187934601372966,0.10755106923062452,0.002890835298435146
BA,2009-01-28,2009-01-29,-20.06,-0.05831221691116062,0.059644984196623674,0.05971354889417646,-0.09431789678198843,-0.043210983381045454
BA,2008-10-22,2008-10-23,-6.05,0.04608706688021147,0.023199302895757112,0.03957569866893884,-0.01916456451689319,-0.00864619904729369
BA,2008-07-23,2008-07-24,-6.69,-0.08171667605510136,0.021028890536458178,-0.03322684943744292,0.004339963706790906,-0.03009296081795032
BA,2008-04-23,2008-04-24,18.63,0.05376236845435178,0.012914428128319111,0.008793196402660186,-0.02318451083061679,-0.08984725814609029
BA,2008-01-30,2008-01-31,3.13,0.016678367938457006,-0.02113729390000485,-0.011475934559087686,0.026051464098486465,0.005183265307630025
BA,2007-10-24,2007-10-25,15.11,0.010531932248451836,-0.011514507561625642,0.011584257122000063,-0.013160659754083759,-0.08579244352879023
BA,2007-07-25,2007-07-26,16.24,0.02071497496424446,0.019755613833732366,0.02434147504898898,-0.05380932196185795,-0.10736700676530375
BA,2007-04-25,2007-04-26,10.99,-0.004029912728312768,-0.0017441043581509774,-0.009027470664926485,0.02795581979385031,0.07456880772868968
BA,2007-01-31,2007-02-01,19.1,0.04597387201198666,-0.01236566812707851,-0.015841059124506396,0.0006165020773133412,-0.004153209711662997
BA,2006-10-25,2006-10-26,42.17,-0.0597632934435367,0.01385010674901499,0.015169931698879924,0.12703042328733716,0.061779647466319254
BA,2006-07-26,2006-07-27,-2.44,-0.060573294343176265,-0.007482718183601911,-0.004729818939491759,-0.0636048177665407,-0.042198565518685616
BA,2006-04-26,2006-04-27,12.43,-0.016930199306625537,-0.011086656530449601,0.027683954229066776,0.01536284868611848,0.004212253962900259
BA,2006-02-01,2006-02-02,25.68,0.054332430965010836,-0.006611985972711953,0.012413667085822255,0.013223233387061661,0.1428525873958768
BA,2005-10-26,2005-10-27,-11.8,-0.03006950110220441,0.010429477679258614,-0.012671411311266922,0.005877542218657217,-0.029523222731439702
BA,2005-07-27,2005-07-28,29.8,-0.015246962001245423,0.0068141914083004185,0.010914219675099979,0.046061953380336695,0.05170343488772555
BA,2005-04-27,2005-04-28,3.83,0.003935037212294823,5.066430998112992e-05,-0.01117606331246268,0.025903808108941995,0.04637994311250937
BA,2005-02-02,2005-02-03,3.89,0.01838832226620224,0.0004774929225932478,0.03407579744544731,0.0962719887694603,0.16496071688597347
LMT,2026-01-29,2026-01-30,0.94,0.06682582399045123,-0.0021647006698386484,-0.014825605144978993,0.08068135198352488,-0.2193021573157412
LMT,2025-10-21,2025-10-22,9.31,-0.031868523280754624,-0.004062081229734504,-0.03305081338690041,-0.027628014419404656,0.17386954136018629
LMT,2025-07-22,2025-07-23,-77.27,-0.09798369233357351,0.0024348477082691833,-0.0020872451054989583,0.057300030037700234,0.1401314804678071
LMT,2025-04-22,2025-04-23,14.69,-0.030527183355205434,-0.014016318148635687,-0.005077122032185688,-0.07408497164865557,-0.17749254697577266
LMT,2025-01-28,2025-01-29,-66.39,-0.10200824155978949,0.006275482633891549,-0.013886557927651588,0.010462320725622032,0.14127102731274743
LMT,2024-10-22,2024-10-23,5.0,-0.06112951059263272,-0.014226731535890491,-0.04755009919843567,-0.08532793144725515,-0.17292130497265334
LMT,2024-07-23,2024-07-24,10.28,0.10976404016594754,0.017244599658639337,0.03416312803867316,0.03901886804404797,0.11059085621747022
LMT,2024-04-23,2024-04-24,9.29,-0.01613330057802209,0.01608263771907792,0.01565269832959848,-0.025295967061416125,-0.060347102196123714
LMT,2024-01-23,2024-01-24,4.51,-0.06310675067628524,-0.006852150106054444,-1.82476404131382e-05,-0.051945154608413646,0.05923071655736245
LMT,2023-10-17,2023-10-18,1.17,0.02622234680655766,0.015758349976327635,0.033059176587339145,-0.04734188878137069,-0.07472215309589259
LMT,2023-07-18,2023-07-19,4.4,-0.04894993118390745,0.016601254299410395,0.002198065953340267,0.02005240560865229,0.011907217538672521
LMT,2023-04-18,2023-04-19,9.4,0.01079054404060531,-0.0037521327187841624,-0.044120375429372305,-0.07909205044275058,-0.13713454548962045
LMT,2023-01-24,2023-01-25,5.72,0.029886870428649126,0.0014499671634333744,-0.008289195048765796,0.054095728589197645,0.03567176811326611
LMT,2022-10-18,2022-10-19,2.2,0.10276729865908796,0.01834049659538395,0.014678951757406855,-0.013401877722063693,-0.06168407440204682
LMT,2022-07-19,2022-07-20,-1.13,-0.013062619359314853,-0.010233723265164918,-0.007482216770515082,0.03657124312829674,0.10313107265317945
LMT,2022-04-19,2022-04-20,4.36,-0.04441956351895948,-0.016619588261767126,0.04211614065480829,0.07578962411476697,-0.00396463773378819
LMT,2022-01-25,2022-01-26,1.38,0.06266123593187045,-0.0005832562169930666,-0.06527813577190356,0.023146601258313915,0.16115550392700007
LMT,2021-10-26,2021-10-27,11.27,-0.11707811719818417,-0.00828880176313218,-0.022508325814873054,0.004048850717426111,0.16508029277063563
LMT,2021-07-26,2021-07-27,-0.17,-0.013748578188655824,-0.004713716342038099,-0.01896456053563378,-0.0623863597834069,-0.03626788872004416
LMT,2021-04-20,2021-04-21,3.94,-0.013533462619512382,-0.009331061081494063,-0.040124377321023585,0.008131962155051187,-0.05959324113972164
LMT,2021-01-26,2021-01-27,-0.44,-0.006058957923979591,-0.02237442623861352,-0.020231872920692617,0.0064552962618280585,0.026669527782940516
LMT,2020-10-20,2020-10-21,-0.59,-0.04528901015298603,-0.0005279046538353427,0.0025456124155699422,-0.011153805443204545,-0.17284625131868137
LMT,2020-07-21,2020-07-22,1.42,0.07027394078701232,-0.004461088180312323,-0.011881454443006367,-0.041952513260045454,-0.08162030432345713
LMT,2020-04-21,2020-04-22,4.66,0.0015106426245302673,-0.009576019248013656,-0.030813194278114686,-0.11091372873943772,-0.18319025599781225
LMT,2020-01-28,2020-01-29,4.99,-0.0062678328229914815,0.0015030091897558773,-0.01599302282060111,-0.024373167245151595,0.01405153662425107
LMT,2019-10-22,2019-10-23,12.04,-0.0022001238000872725,0.002788518723696898,0.0006698291744287044,0.01624692196697053,0.03900660741850914
LMT,2019-07-23,2019-07-24,5.38,0.019630437575892223,0.008626068073303905,-0.004940935982073458,0.06804485458636933,0.03058314453611788
LMT,2019-04-23,2019-04-24,37.04,0.04038313559513029,-0.0031704401951074823,0.006678205013610938,0.05645132056777458,0.06645471601001929
LMT,2019-01-29,2019-01-30,0.03,-0.0012824436586671428,-0.015571288379236714,0.008692783924173497,0.02698156904059479,0.03243782044944865
LMT,2018-10-23,2018-10-24,19.26,-0.012657130872975375,-0.033110533776438134,-0.0755526731188173,-0.05299418729188943,-0.08069400025302009
LMT,2018-07-24,2018-07-25,3.64,0.005345582428102791,-0.002018808147986939,0.01284835023798292,-0.015128035983562493,0.03993429905061374
LMT,2018-04-24,2018-04-25,19.64,-0.07011992195137395,-0.007434217250306352,-0.07059967193521466,-0.04959364083020357,-0.08060021202298628
LMT,2018-01-29,2018-01-30,56.81,0.032736987672304596,0.012231452705051993,0.008294492874106107,0.047379971062220694,-0.0007075731982671973
LMT,2017-10-24,2017-10-25,-1.0,-0.022676954897864143,-0.01582366845998817,-0.027277531766512042,-0.009699495950427295,-0.056674287401009105
LMT,2017-07-18,2017-07-19,4.87,0.0016106701424585257,-0.0038857020888122262,-0.004602365913103257,0.05225430094843975,0.07533629281699228
LMT,2017-04-25,2017-04-26,-4.73,-0.026402358289092875,0.002083917897670373,-0.003109423361004171,0.02660965176066732,0.03571445958996389
LMT,2017-01-24,2017-01-25,7.07,-0.040289246109726506,0.0168616880745448,0.008095122678015598,0.02525334740338603,0.06919030408161086
LMT,2016-10-25,2016-10-26,25.78,0.08258267107289785,-0.00357075816146446,-0.0011984573344839822,0.024656486347909068,-0.05287639409696787
LMT,2016-07-19,2016-07-20,11.87,-0.001659731155234212,-0.006079478265003213,-0.00715323814767832,-0.00990889012603624,-0.0722481097909703
LMT,2016-04-26,2016-04-27,-0.71,0.028932013828455005,0.005095107809252597,0.030831205634964776,0.031106918032919317,0.06575278435285714
LMT,2016-01-26,2016-01-27,2.15,-0.017539459430132798,-0.010981825620567598,0.007493360063110188,0.01916119992623888,-0.016994709444579703
LMT,2015-10-20,2015-10-21,2.28,0.011841535728290609,0.006504200192621434,0.009635583168343897,0.021029769905112294,0.08789522593679122
LMT,2015-07-20,2015-07-21,10.3,0.013228444632173209,2.1919045110618818e-05,0.013791011537660713,0.05522051706589459,0.0860986753917582
LMT,2015-04-21,2015-04-22,9.61,0.0005008309517151588,-0.004692244516675714,-0.031795315693350035,-0.03284519992894541,0.012315221243089702
LMT,2015-01-27,2015-01-28,-0.38,-0.007014049656073773,0.007929044431689736,-0.0035757422482460832,0.015516969052196794,-0.02227760130390033
LMT,2014-10-21,2014-10-22,1.51,-0.00982402273493821,0.0148508883662275,0.031072614935536036,-0.008268958205893018,0.06665017374737658
LMT,2014-07-22,2014-07-23,3.91,0.024827321740516828,0.011073934097366234,0.020729921671774454,0.04148152807783756,0.10516216628041575
LMT,2014-04-22,2014-04-23,13.3,0.000841409416379113,-0.010423162318475176,0.008746962905126443,-0.00951779868711855,-0.04834138454698689
LMT,2014-01-23,2014-01-24,4.65,-0.02739620412621324,-8.906471988567866e-05,0.025287319963532284,0.09073862249202436,0.014333068173652208
LMT,2013-10-22,2013-10-23,13.31,0.05233737317872089,0.0015268321555887976,0.0033311426099471575,0.017134819652598,0.11778113101122356
LMT,2013-07-23,2013-07-24,20.34,0.03578599130623705,0.0007568474815169424,0.007267258898065787,0.05548343280548773,0.06328744156118393
LMT,2013-04-23,2013-04-24,14.23,0.008248001334763666,0.0018831427320835648,0.014458948023845064,0.03909264225852538,0.11845673967198422
LMT,2013-01-24,2013-01-25,-2.24,-0.04419664726483308,-0.03203110814557075,-0.06254806055928097,-0.0404957155901039,0.009783271093674495
LMT,2012-10-24,2012-10-25,22.29,0.017330166893621435,-0.007024272437617829,0.002909084792286798,0.00296686490783149,-0.07002567012693683
LMT,2012-07-24,2012-07-25,24.85,0.017224867049416615,-0.006575239441982017,-0.012499463172170877,0.0023425195191866255,-0.006783301252218266
LMT,2012-04-26,2012-04-27,18.47,-0.005104495088297467,-0.004620125422770349,-0.013858925594472882,-0.03503527722532318,0.014260035727030607
LMT,2012-01-26,2012-01-27,9.86,0.00913055800532081,0.003292163379965074,0.010700065411056725,0.04959041323092128,0.077424708568407
LMT,2011-10-26,2011-10-27,13.66,-0.08641722851650724,-0.00267529163948399,0.024318584304784174,0.09210834408915736,0.05731199770773521
LMT,2011-07-26,2011-07-27,10.46,0.0009322273973794148,-0.02510488063271754,-0.01642817856729406,0.04164384023327805,0.05090925996513462
LMT,2011-04-26,2011-04-27,2.93,0.007019893029796664,-0.004505811358784473,0.003034210139907234,0.015333620167233164,0.018471017824158942
LMT,2011-01-27,2011-01-28,21.1,0.012614064765500865,0.010386512748261856,0.005241671283231275,-0.020685096233874933,-0.03965888753498614
LMT,2010-10-19,2010-10-20,17.6,0.0004676850063034532,0.026578590487474463,0.01085312907929259,-0.021299542785831127,-0.024105307382053187
LMT,2010-07-27,2010-07-28,10.28,0.011351039799660456,0.0010183585853577037,-0.02223272401663623,-0.003326469186992864,-0.10836439820788701
LMT,2010-04-21,2010-04-22,19.41,0.01884930122030748,-0.0036435946171551326,-0.0021391783486931493,0.006159485536419096,-0.029570139358139902
LMT,2010-01-28,2010-01-29,9.19,-0.01162314541507714,-0.010585413742479677,0.022900549025859473,0.025002160610791524,0.03539789118686132
LMT,2009-10-20,2009-10-21,12.46,-0.08099705143296398,0.01739852120873908,0.016058369002349027,0.05373689881680077,0.06442746636788188
LMT,2009-07-21,2009-07-22,3.38,-0.07578229492157273,-0.033885864189910686,-0.042174730363125246,-0.07907183802521722,-0.16429647556072646
LMT,2009-04-21,2009-04-22,2.29,-0.024924555717811048,0.02371536655813289,0.022800823389051095,0.03132023809952034,-0.028756702922002386
LMT,2009-01-22,2009-01-23,6.72,0.023054387051245295,0.01215806577326961,0.016457934590506373,0.013992849624865245,-0.08413302549892843
LMT,2008-10-21,2008-10-22,-2.12,-0.06159862536124372,-0.013213774079892326,-0.041461526251582725,-0.03003774952457061,0.0973455590863771
LMT,2008-07-22,2008-07-23,6.81,0.034859340741648426,0.0011924825047564536,-0.028173052163507517,0.07396008432992762,0.13412227507183172
LMT,2008-04-22,2008-04-23,7.01,0.018282951020091254,-0.016221546330770775,-0.020976732750323412,-0.021472843153085952,0.02046794760713544
LMT,2008-01-24,2008-01-25,11.44,0.0434932754579731,-0.0034542726268811386,-0.02422640996489278,-0.02143851024447274,-0.054141225808490234
LMT,2007-10-23,2007-10-24,9.91,0.0010292855242701737,0.01734218371358165,-0.002226082546461061,0.06710202412250643,0.07120933219364267
LMT,2007-07-24,2007-07-25,16.46,0.03924320429951267,0.010724892141168563,0.03220352227380363,-0.007618268503848946,0.055013885507788185
LMT,2007-04-24,2007-04-25,1.53,-0.025764581329393743,-0.0220795588641004,0.005566996609537966,-0.03173949485263361,-0.0026305040461391815
LMT,2007-01-25,2007-01-26,15.0,0.007804289506028961,-0.00574652639379325,-0.00033855469175403385,0.028264994242675145,-0.06201960652067873
LMT,2006-10-24,2006-10-25,17.84,-0.02363723774181692,-0.022260867935753326,0.01815482722205053,0.013960750498844154,0.07892176829984932
LMT,2006-07-25,2006-07-26,15.92,0.014624202822896892,0.014870454455365612,0.03191721796556002,0.05405713977087245,0.04404268716150317
LMT,2006-04-25,2006-04-26,16.83,-0.02213882888327312,-0.003507789042312748,0.0011393499314118483,-0.012023104260266093,0.050224566503543566
LMT,2006-01-26,2006-01-27,-2.52,0.0031538855539783306,0.008031228632012,0.059061953601702966,0.11643231993864722,0.13778691842179858
LMT,2005-10-25,2005-10-26,6.9,-0.031650069428482586,0.006478037983851048,-0.02143533572684686,-0.06383692318246359,0.033418616847509686
LMT,2005-07-26,2005-07-27,26.24,0.01992548937463856,-0.021286711801511538,-0.02484023093016341,-0.006304186654113697,0.011469098761940355
LMT,2005-04-26,2005-04-27,6.52,0.009025303867082224,0.021380171438490136,0.049736984615891267,0.0494031651572755,-0.034192216825330135
LMT,2005-01-27,2005-01-28,16.08,0.01911637628461227,0.01914681828581033,-0.0013191267938337248,0.027572644458920603,0.08100416463222782
T,2026-01-28,2026-01-29,11.58,0.09469347842704978,0.04595908025610762,0.11040750718227232,0.1262028273602399,-0.007111243529526856
T,2025-10-22,2025-10-23,0.45,-0.05559471761144752,0.012948453263230464,-0.009576109478495187,0.0651818547151557,-0.05762061219799186
T,2025-07-23,2025-07-24,1.92,0.009393499248194992,-0.001358980322304859,-0.014578129350258373,0.05266015293949056,-0.09657690813680408
T,2025-04-23,2025-04-24,-0.9,-0.0157279876835148,-0.0333786532126471,-0.017552352772006508,-0.07747962092356642,-0.1477486629038225
T,2025-01-27,2025-01-28,6.81,0.07961815891940927,-0.00248436872054425,-0.0016149713397329846,0.10544363635025722,0.23319638110859964
T,2024-10-23,2024-10-24,5.07,0.03955251096892143,-0.016321255245301258,0.033615192811908945,0.010222999103053576,-0.028469056619354394
T,2024-07-24,2024-07-25,-0.64,0.08157154579498815,-0.02057955205431461,0.006046909035227976,-0.01640353028820729,0.06413124325236508
T,2024-04-24,2024-04-25,3.66,0.00912011893341913,0.0007793646860823067,0.011416669632269283,0.00905071211296149,0.011364776807304189
T,2024-01-24,2024-01-25,-3.16,-0.0071196874147089195,0.007673379184739315,0.047661053806848264,-0.06273102706469724,-0.062224574671434274
T,2023-10-19,2023-10-20,3.09,0.09498890146278582,-0.026225162868405816,-0.01145791780180283,-0.036466914384718274,-0.05216699066767205
T,2023-07-26,2023-07-27,4.56,-0.013117227666622822,-0.013925336582097603,-0.020878988404002707,0.009665340642355691,0.1460973218931012
T,2023-04-20,2023-04-21,2.1,-0.07044290139502785,-0.0389134272057019,-0.03923524520991539,-0.12040466592167343,-0.29337435126858824
T,2023-01-25,2023-01-26,6.65,0.032472008005028474,-0.004797541677437511,-0.015721727480113357,-0.017320560577736455,-0.13442882897544906
T,2022-10-20,2022-10-21,10.58,0.08467368384240981,0.011740184837245593,0.04134725673860018,0.051273619576878815,0.08048888065736248
T,2022-07-21,2022-07-22,6.91,-0.10237289015668982,0.005850079550812071,-0.022122733804635253,-0.06683483743597729,-0.08541687530502018
T,2022-04-21,2022-04-22,1.99,0.04661415019062343,-0.0063098383526333235,-0.0008565970621073893,0.1305436890152626,0.13254871942838486
T,2022-01-26,2022-01-27,3.33,-0.0816891816262697,0.02035489644940336,-0.017376545418362754,-0.02380292555848207,0.08963054969732698
T,2021-10-21,2021-10-22,10.28,-0.01777965879316723,0.0005221937770933938,-0.022551385262897017,-0.08815716072002289,0.09872912263308709
T,2021-07-22,2021-07-23,11.88,-0.0034428961728758534,-0.0013890072869826575,-0.00030200747651598636,-0.02837771832329239,-0.0966426938948981
T,2021-04-22,2021-04-23,10.61,0.041232709987352845,-0.017692590626019467,-0.0010255122574354125,-0.039948115167598996,-0.12722368920267146
T,2021-01-27,2021-01-28,2.62,-0.015882609117589097,0.014116750587288895,-0.019542744707478077,-0.03882651978141749,-0.01179463800152103
T,2020-10-22,2020-10-23,-0.11,0.032268402885275105,0.0026643018150415143,0.0268861767635874,-0.009645686694968347,-0.055242331884459484
T,2020-07-23,2020-07-24,4.85,-0.0012673630200731312,-0.01676148463642868,-0.017238009795863762,-0.0539072755161607,-0.13882417918896262
T,2020-04-22,2020-04-23,-1.45,-0.03450793364803617,-0.006820316729225118,-0.007967303994333319,-0.04746253921719745,-0.13195392412945584
T,2020-01-29,2020-01-30,2.37,-0.03222448680069201,0.023233873220396717,0.007757339450414236,0.036842382694928455,-0.04612303706239096
T,2019-10-28,2019-10-29,1.69,0.02581796614009213,0.0006115270358413305,0.016566283133961912,-0.053190256664594204,-0.049282501067948514
T,2019-07-24,2019-07-25,-0.05,0.05369962207369494,0.0033564392023974765,0.02636914068139018,0.07219821477216692,0.16088436608643186
T,2019-04-24,2019-04-25,0.61,-0.05199505154063533,0.006550006930638119,0.012207949461767176,0.0932606107176217,0.055304449277363776
T,2019-01-30,2019-01-31,0.74,-0.04559979189116625,-0.0024771057009909114,-0.021070427669961034,-0.013578486961838498,-0.044333531568829354
T,2018-10-24,2018-10-25,-4.24,-0.07916328499489267,-0.012099494741350636,0.004311007194438332,0.0046080356285893576,0.06167894616214009
T,2018-07-24,2018-07-25,6.48,-0.037790778322865926,0.005664919654747691,0.06563653111035761,0.07272478476838207,0.11803330946210466
T,2018-04-25,2018-04-26,-2.51,-0.06694854809419293,-0.002750974146223273,-0.0211891243802248,-0.03403775200945214,-0.10096183448887885
T,2018-01-31,2018-02-01,19.9,0.046578989530166925,-0.006064783409029495,-0.006619798961869927,-0.027364709595632974,-0.09229584918003653
T,2017-10-24,2017-10-25,-0.64,-0.046726891693685046,0.004380888734772048,-0.00682597280604047,0.023697178359636695,0.014687168585910237
T,2017-07-25,2017-07-26,7.46,0.04721162752008845,0.03721652648599616,0.006270114306782482,0.008706339515305972,-0.08478132970196606
T,2017-04-25,2017-04-26,0.07,0.005308633776849758,-0.013944545814198017,-0.05078042154983342,-0.0658968932819397,-0.12217048309398726
T,2017-01-25,2017-01-26,0.16,0.0023119626038656804,0.007315327422323992,-0.007322651118388257,-0.018186586775368774,-0.06536993508982958
T,2016-10-22,2016-10-24,0.57,-0.05103532126793009,-0.0009901148477620136,0.00899035753162547,-0.0006034042404852169,0.08053164475718266
T,2016-07-21,2016-07-22,0.54,0.008675213185112662,-0.0012284401656937893,0.004727716998154996,-0.054697610064636915,-0.056897839301501385
T,2016-04-26,2016-04-27,4.29,0.009800597063076788,0.007008898711329148,0.02486245239322893,-0.00224856472152557,0.08685893626419072
T,2016-01-26,2016-01-27,-0.64,0.011102685987059546,-0.0037996811119997975,0.01809919887209621,0.013882163874209485,-0.025817268642957192
T,2015-10-22,2015-10-23,8.08,-0.023873624738877774,8.667046053245642e-05,-0.008840752472956015,-0.011045152301742744,0.13784899080629576
T,2015-07-23,2015-07-24,9.11,0.016527097038134375,0.00669236675151641,0.0011044454271491588,0.022355968997573528,0.016599762406656726
T,2015-04-22,2015-04-23,2.54,0.04062806229385085,-0.00874780206517256,0.024763601887078712,0.013458333059833238,0.025955186431290356
T,2015-01-27,2015-01-28,1.05,0.010776193082070229,-0.0006754620389082255,0.03335166741590423,-0.0004691172455624226,-0.0016293629921004804
T,2014-10-22,2014-10-23,-0.92,-0.03216093976518586,-0.001456123739537185,0.0024235952566113994,-0.0065070458139493415,-0.018398500859306166
T,2014-07-23,2014-07-24,-1.1,-0.014513084954204447,0.005808446135646572,0.03052449869357432,-0.028504136119978152,0.02365067590567227
T,2014-04-22,2014-04-23,1.55,-0.033806510750179264,-0.014054373284837274,0.017749600674692223,0.0010607552646881846,-0.006177152829611732
T,2014-01-28,2014-01-29,4.96,-0.0022607116578436948,-0.009399065442625698,-0.024633397689036496,-0.08018131793528072,-0.001540457100135173
T,2013-10-23,2013-10-24,1.53,-0.015548807757090444,0.011603778994629943,0.04168268050994772,-0.007829138196304042,-0.0781298841807937
T,2013-07-23,2013-07-24,-1.74,0.0007225011855318542,-0.0007381028333270923,-0.004799689407976704,-0.030738485319630526,-0.04266638729563266
T,2013-04-23,2013-04-24,-0.19,-0.05458488999878264,0.0024256071919726008,0.01150540502386721,-0.062327609768828895,-0.09403903756035226
T,2013-01-24,2013-01-25,-3.78,0.001213766401537253,0.004431058392432408,0.03720819275167542,0.04271024150056102,0.10984787651871764
T,2012-10-24,2012-10-25,4.53,-0.014356710549421559,0.004333983127090213,0.00659500559390902,-0.01772954966762863,-0.06692496108381163
T,2012-07-24,2012-07-25,5.44,0.006951355242603374,0.010957464363666514,0.03828555720143778,-0.023859527527303026,-0.05908423871766688
T,2012-04-24,2012-04-25,4.49,0.019370796587609984,0.015085440587649046,0.032839056945902945,0.10075576427149235,0.1447148209133554
T,2012-01-26,2012-01-27,-3.25,-0.02917452167111534,0.009587109933568483,0.006458327424277099,0.0006427393220183042,0.06202966182833891
T,2011-10-20,2011-10-21,-0.02,-0.0220709095814986,-0.02084382628693371,-0.01640746451594821,-0.0007688693600350627,-0.002456686447582568
T,2011-07-21,2011-07-22,0.71,-0.011572866267433923,-0.007949504487296366,0.004049996223534191,0.08617873618611427,0.07877380348382057
T,2011-04-20,2011-04-21,-0.01,-0.006602962518462041,-0.0031905516029304692,-0.005466941821663518,0.022131011028566183,0.009641876941772876
T,2011-01-27,2011-01-28,1.59,-0.028122106540871883,-0.006425435411971492,-0.009395028064583366,-0.010139253045202024,0.08682652453043294
T,2010-10-21,2010-10-22,-0.54,-0.015257267552629128,-0.00048279682032692506,0.006947484414649097,-0.015331889194404313,-0.06855050128193474
T,2010-07-22,2010-07-23,7.11,-0.006314547521643066,0.006029127568544013,0.016929751610310184,0.06171507149522926,0.06521326380825143
T,2010-04-21,2010-04-22,8.01,-0.015786292298704985,-0.007289555196645425,-0.003626613736123163,0.06151943402183957,0.07840071076548516
T,2010-01-28,2010-01-29,-0.3,0.01206788738871245,-0.014762147545295035,0.002065229420089465,-0.05609916120501501,-0.062452951292192305
T,2009-10-22,2009-10-23,6.58,-0.006709742484991121,-0.005498675114276486,0.03948881395968673,-0.001220236376973105,-0.02149353674897103
T,2009-07-23,2009-07-24,6.28,-0.0017108307237665432,0.008044603604554057,0.022999147707115863,-0.0284606131235019,-0.08250042568258498
T,2009-04-22,2009-04-23,9.72,0.005057486998954808,-0.028443578174755846,-0.01930709517119178,-0.116744866962468,-0.14111903625054145
T,2009-01-28,2009-01-29,-0.01,-0.04728710606017794,0.01670054188683423,0.017569736841281047,0.0875651645134512,0.023104406910888997
T,2008-10-22,2008-10-23,-2.72,0.02523408697226781,0.027753075627144908,0.02256434796060125,0.1474273176838281,0.11683197501488418
T,2008-04-22,2008-04-23,-0.21,0.030996716905600685,-0.001242382383359164,0.0007512125486595078,-0.0035082590965453964,-0.07196210547642945
T,2008-01-24,2008-01-25,-0.06,-0.032849834183222404,0.01579502881266226,0.036492045503550896,-0.025438871834636334,0.04511441435477481
T,2007-10-23,2007-10-24,0.4,0.0029859142399530914,-0.015613721327660368,-0.015150342439184783,-0.03398078654932757,0.00913708713476813
T,2007-07-24,2007-07-25,4.29,0.027069262459969434,0.010592849141059735,0.02750054377461708,0.014938158958448744,0.025504284749693573
T,2007-04-24,2007-04-25,6.18,-0.02543126773876292,-0.00573644041607102,-0.012153883037582358,0.01264552948369424,-0.021778542994053796
T,2007-01-25,2007-01-26,2.35,0.006364339824621146,0.0035847455472119982,0.028397051516739547,0.008830451136216722,0.04092315089709464
T,2006-10-23,2006-10-24,9.3,0.0008200707759609127,-0.014926669805136794,-0.013167588978139966,-0.07702881572815123,-0.009024637977658845
T,2006-07-25,2006-07-26,9.85,0.05700329838081575,0.007047560474446768,0.02675487356634898,0.010118133953419317,0.07626247699306954
T,2006-04-25,2006-04-26,7.66,0.028572476813255254,0.003578271242673292,-0.010256019760993995,0.005679874277008667,0.10714971935721185
T,2006-01-26,2006-01-27,8.32,0.012130640108701352,0.006958397964349383,0.05242229641794416,0.06545800763665532,-0.013111495040904808
T,2005-10-20,2005-10-21,14.5,0.04010296689747328,0.01016053836198183,0.02455843802810409,0.0007434565133910276,0.010149218586845254
T,2005-07-21,2005-07-22,16.48,-0.004171180386474793,0.007470049316464222,0.02915612418123903,0.02636746831761505,-0.015317301197806166
T,2005-04-25,2005-04-26,3.75,0.0014773536833455614,0.00818398760801542,0.015481069358504795,-0.017896398085040177,-0.02733500352054752
T,2005-01-26,2005-01-27,3.82,-0.036607304091990533,-0.002112411025108507,0.027105996654186004,-0.011249544705737025,0.008412915054434311
VZ,2026-01-30,2026-02-02,3.28,0.1185987201207157,0.04521846883495195,0.05612317381083509,0.1620121855355644,0.03450110247456162
VZ,2025-10-29,2025-10-30,1.53,0.0013673430464107295,0.01674040439115343,0.03607736695461894,0.049948205977432325,0.0031457076422822805
VZ,2025-07-21,2025-07-22,2.59,0.049870346799302245,-0.01130088730106693,-0.01599643705095577,0.0286768797749144,-0.10457034293590006
VZ,2025-04-22,2025-04-23,3.66,-0.0472739295190977,-0.018472953496800226,-0.0038602044398547974,-0.06401327353695674,-0.16664945568772183
VZ,2025-01-24,2025-01-27,0.32,0.05428698915032282,-0.014497740357507949,-0.013570414027816669,0.0841004566566772,0.17157331542143495
VZ,2024-10-22,2024-10-23,0.71,-0.009558597963172044,-0.025494326840387438,-0.04035919952830613,-0.036576184868728934,-0.12787737195113114
VZ,2024-04-22,2024-04-23,2.56,-0.04069604255313486,-0.004815044405032665,0.0019681833701032936,-0.052860687595576494,-0.023694767259747618
VZ,2024-01-23,2024-01-24,-0.15,0.0389380446835188,0.019028263184212246,0.03109167721193895,-0.05887451624089768,-0.026551283597855968
VZ,2023-10-24,2023-10-25,3.55,0.08019275084581423,0.035126759855699796,0.03851881251882938,0.01889964272859701,0.10871514242092206
VZ,2023-07-25,2023-07-26,3.77,0.0077103425454594365,-0.016375215833761447,-0.017892030677951865,-0.006090786034429141,-0.00020490602832279325
VZ,2023-04-25,2023-04-26,0.56,0.015190666923588392,0.030741853534601127,0.019659218202650708,-0.04508345433944694,-0.19058471352593664
VZ,2023-01-24,2023-01-25,0.26,0.018362645002082068,-0.012478344925910156,0.007619499508978667,-0.04540659958463977,-0.09284864029555673
VZ,2022-10-21,2022-10-24,2.53,-0.06467314720930595,-0.0031802926045136903,0.019547894502218055,0.032180375012231366,0.07982522902436417
VZ,2022-07-22,2022-07-25,-1.13,-0.052773112833086944,0.015405686977634336,-0.004913511201277032,-0.0581291673246378,-0.09991748402287104
VZ,2022-04-22,2022-04-25,2.05,-0.06418327665629109,0.011657792320410976,-0.047807586256318535,0.06158845682447878,0.02515365518508561
VZ,2022-01-25,2022-01-26,2.18,-0.0219438020781636,0.008269757103523734,-0.0008214759683107253,0.04249365739566957,0.04371524650463465
VZ,2021-10-20,2021-10-21,3.64,0.01331982266992715,-0.007579608823622963,-0.021478316950350518,-0.07585236422436448,0.002877475020703235
VZ,2021-07-21,2021-07-22,5.47,-0.0035507005531318914,-0.011539060875722207,-0.0113820144289698,-0.020470747177254722,-0.08186427790540518
VZ,2021-04-21,2021-04-22,1.62,-0.01925280926871653,-0.010493253767068778,-0.018196837291785783,-0.01585538652856333,-0.0483656080825392
VZ,2021-01-26,2021-01-27,3.3,-0.03035306701990992,-0.004246515999191791,-0.026038093959775854,0.0036971915961887536,-0.06615964973792288
VZ,2020-10-21,2020-10-22,2.9,-0.0021843145711113454,0.00759340082549298,0.03251096963987454,0.012018426364009738,-0.10926147887801951
VZ,2020-07-24,2020-07-27,2.8,0.017458152121549775,0.017068755871551766,-0.010726616850233572,-0.01347229650212145,-0.04922449980841104
VZ,2020-04-24,2020-04-27,2.99,-0.024738667189557306,0.0049447110620534085,-0.01503380894775408,-0.10262479682231607,-0.16850167141290862
VZ,2020-01-30,2020-01-31,-1.32,0.013460035931757264,-0.030813644696867426,-0.02413115113402653,0.003621013605547785,0.09004972495177976
VZ,2019-10-25,2019-10-28,1.14,-0.016357066249164665,0.0004623155398177925,-0.018570557065101356,-0.046495140066370455,-0.07721990819849678
VZ,2019-08-01,2019-08-02,2.61,0.021961166933990417,0.02341725226887148,0.00683533992756391,0.04681257578949127,0.05254923345397122
VZ,2019-04-23,2019-04-24,3.11,-0.02885262239276487,-0.02093310975608087,-0.008373442805783116,0.06060141991264478,-0.01999925427570637
VZ,2019-01-29,2019-01-30,3.18,-0.03391269506622552,0.01084710389332999,-0.0231727446777944,0.012591343626025653,-0.04278871054066635
VZ,2018-10-23,2018-10-24,2.89,0.07961417870111098,-0.035181463154896675,-0.025760641353494762,0.031433962579131114,0.01782142539017706
VZ,2018-07-24,2018-07-25,4.73,-0.010444968176419156,0.007662610695764571,0.02719785516360329,0.05584011962622726,0.10774756583014944
VZ,2018-04-24,2018-04-25,5.09,0.04062198848835408,-0.016951701573906908,-0.04527509589434631,-0.06704730061323727,-0.04355134776373304
VZ,2018-01-23,2018-01-24,-2.13,0.012482914115969468,0.0008670166641493449,0.0017532197230122337,-0.07198515345153378,-0.05070290828121371
VZ,2017-10-19,2017-10-20,0.66,0.012652702917171688,-0.007012788571568507,-0.015658691896232146,-0.08589701284525997,-0.038594436153643
VZ,2017-07-27,2017-07-28,0.29,0.0818309959504595,0.010162303971690934,0.01820870100604255,0.024953394534694917,-0.008246121441735976
VZ,2017-04-20,2017-04-21,-1.2,-0.039457975684569546,-0.015230869271195768,-0.04323707679782707,-0.05458819973418794,-0.12258819431370327
VZ,2017-01-24,2017-01-25,-3.79,-0.06549487936317555,-0.012014545815672628,-0.019233503638868,-0.01907557366122825,-0.06561759167177073
VZ,2016-10-20,2016-10-21,2.06,-0.041871405841438,-0.004045571609717191,0.006937006511202548,-0.02382078123672371,0.035945537335772215
VZ,2016-07-26,2016-07-27,0.93,-0.009244063073814646,-0.009470044448202208,-0.024098231472979292,-0.056576620675834244,-0.0943806144737962
VZ,2016-04-21,2016-04-22,-0.17,-0.017810070450717363,0.005876650900855318,0.020348247918599904,-0.0009533631056333203,0.07307325073819171
VZ,2016-01-21,2016-01-22,0.98,0.03275013438869867,0.014903556617253177,0.045491312008729246,0.06331172355696313,0.011425662656139313
VZ,2015-10-20,2015-10-21,1.71,0.011053254239413057,0.0060674118041583736,0.0009386417118522061,-0.02249271209243764,0.07529927646125112
VZ,2015-07-21,2015-07-22,3.39,-0.028564787026165606,0.003476877475579343,0.005206484824320845,0.03574261321701144,0.011868306334917644
VZ,2015-04-21,2015-04-22,7.25,0.00013117385666761017,0.007166314798567441,0.018441055667980932,-0.008262098408704732,-0.04232759950179954
VZ,2015-01-22,2015-01-23,-0.28,-0.03210466584076799,-0.006371468158456461,-0.003609575032991086,0.003914856092263719,0.027461953584448473
VZ,2014-10-21,2014-10-22,-1.81,-0.01606481484941169,-0.01348790969098601,0.0033350537539245106,-0.019901793391234213,-0.04530753076808369
VZ,2014-07-22,2014-07-23,1.47,-0.0024459191096863897,0.0026991702957772645,0.025052472549819793,-0.04246259546500508,0.004731042154966891
VZ,2014-04-24,2014-04-25,-2.47,-0.02522637250039994,0.011199726935465337,0.01618427153675195,0.06092231975617257,0.05262658667370146
VZ,2014-01-21,2014-01-22,5.86,-0.02469035173062173,0.019391466847788474,0.04531635858912786,0.017776505207683813,0.0011016187457373317
VZ,2013-10-17,2013-10-18,3.61,0.04493013636093002,0.011340155857062273,0.005051989600447948,-0.0264572270220802,-0.08894354454385256
VZ,2013-07-18,2013-07-19,0.64,-0.02283405312961062,0.004456474169037605,0.021776884936051788,-0.025100857163017243,-0.06762851788850377
VZ,2013-04-18,2013-04-19,3.76,0.05231828222539914,-0.005586581214187647,0.008659418886856507,-0.052654660309522594,-0.11108402875434231
VZ,2013-01-22,2013-01-23,-24.26,-0.0011347002456296718,-0.00494202256340992,0.014476868048579394,0.047422178131961035,0.1883674013136991
VZ,2012-10-18,2012-10-19,-0.18,0.02905932651966414,-0.00877527316331983,0.004705018362975433,-0.022525319231305185,-0.08882251101331884
VZ,2012-07-19,2012-07-20,0.48,-0.02395596413755663,0.006965807026816151,-0.006978114333572982,-0.051506251853206675,-0.050154612763242845
VZ,2012-04-19,2012-04-20,2.77,0.03317360268903502,0.004277887062549057,0.02104180255989907,0.13180935336687616,0.1986145774087611
VZ,2012-01-24,2012-01-25,-1.08,-0.025707853727134578,-0.004156617865572088,0.0035971745545776423,-0.01902948657711656,-0.004067932401475627
VZ,2011-10-21,2011-10-24,0.78,-0.03606350214847098,-0.0005940376312640883,0.0012747829525312504,0.023170871803267823,0.01081896421895956
VZ,2011-07-22,2011-07-25,4.01,-0.031025282643899588,0.005392408412139615,0.028071464027698778,0.11900997943561442,0.12180436665397987
VZ,2011-04-21,2011-04-25,1.15,-0.025227068650640283,0.008697010608603728,-0.0038958562409221464,0.008038158562110098,0.024870794772628768
VZ,2011-01-25,2011-01-26,-1.3,0.028502401961467028,4.717501862483431e-06,-0.01291725510099695,-0.0322444015515817,-0.00910754385215018
VZ,2010-10-22,2010-10-25,3.53,-0.010053039940868036,0.004468722150320792,0.002978188293343065,-0.007915758690941521,-0.0007950717722666756
VZ,2010-07-23,2010-07-26,4.02,0.028222170110413947,0.011051139898671458,0.0345056284326728,0.07975684497323321,0.10203029489177662
VZ,2010-04-22,2010-04-23,0.32,-0.02678421038924972,-1.027416336085718e-05,0.019465109202075004,0.06673893022661737,0.1018574425625024
VZ,2010-01-26,2010-01-27,-0.46,-0.026948150972853635,-0.006606514945878494,-0.022765159744205343,-0.04079163751156756,-0.12606231900143305
VZ,2009-10-26,2009-10-27,1.55,0.027491084820226774,0.04457175938946556,0.012179695075473895,0.04849514353428308,0.028838425862522055
VZ,2009-07-27,2009-07-28,0.2,-0.0014413535111130749,0.020923100099548897,-0.014055991690234526,-0.056702439552236306,-0.17158366549831916
VZ,2009-04-27,2009-04-28,6.54,0.011287355362858853,-0.03903381241766002,-0.06909029540052325,-0.11283644301988849,-0.12179961133479145
VZ,2009-01-27,2009-01-28,-0.98,-0.046594540129095696,0.010182576052077175,0.03643268496681207,0.05577035422175025,0.018003311179373038
VZ,2008-10-27,2008-10-28,0.77,0.18475554605376177,-0.02908213513928193,-0.04059387205391429,0.05258358122673512,0.09370927928193684
VZ,2008-07-28,2008-07-29,3.91,-0.015664155771042743,-0.011664738780287065,-0.004165352645123299,-0.005567665652639109,0.04475094895144549
VZ,2008-04-28,2008-04-29,-0.61,0.035312845728986186,0.012962360326562727,-0.003558422948122919,-0.013097462624020562,0.022684822108552938
VZ,2008-01-28,2008-01-29,-0.32,0.0035859165473062227,-0.004783336147687112,-0.03546885355634366,-0.07692865081967426,-0.06813345650952451
VZ,2007-10-29,2007-10-30,1.94,-0.0016172450111570091,0.005264508368615806,-0.029246728746286754,-0.02629233818184018,-0.03967963749595216
VZ,2007-07-30,2007-07-31,-0.34,0.010557399781841337,0.009675801040519572,-0.0025711749984700383,-0.012084520049160163,0.007736111943891011
VZ,2007-04-30,2007-05-01,0.93,0.02211349923597772,0.022453088856561054,0.040800406386104715,0.10553243130408996,0.11181946898747364
VZ,2007-01-29,2007-01-30,0.81,0.015182203589882981,-0.008278597953778055,-0.02766747354216692,-0.01755926081860726,-0.0574138281144253
VZ,2006-10-30,2006-10-31,3.19,-0.04650297445843565,0.005938613603676313,-0.009464680389747904,-0.04059174686927547,0.0521774962773176
VZ,2006-08-01,2006-08-02,2.56,-0.010373589460848653,-0.003848197804732334,0.017535739027163766,0.03532920107851978,0.07958263064766258
VZ,2006-05-02,2006-05-03,1.18,-0.008331661952941993,0.001310541199181836,-0.02187379300752479,-0.0043315268678947305,0.06403133735205724
VZ,2006-01-26,2006-01-27,-0.39,0.009376139175432563,-0.006688955573121658,0.001169361916461109,0.05258161231543301,0.004964761499279158
VZ,2005-10-27,2005-10-28,3.54,0.03268453953412909,-0.008747725996898215,-0.04451866195574139,-0.038530820229806695,-0.05640873004036773
VZ,2005-07-26,2005-07-27,-1.12,0.0033596122236421166,0.004194795467928447,-0.009845261246464565,-0.02269707206774718,-0.09245874378771768
VZ,2005-04-27,2005-04-28,5.0,0.0395626326241969,0.00782531856075619,-0.049944701107363154,-0.042666169669938414,-0.10107240354801994
VZ,2005-01-27,2005-01-28,0.95,-0.024707061492153404,-0.008739025875054929,0.008946623043735613,-0.01912298426055048,-0.021035609579896142
MO,2026-01-29,2026-01-30,-1.33,-0.013096918092066812,-0.0010998074109420664,0.05695977899321525,0.11616013901635946,0.08074430876985228
MO,2025-10-30,2025-10-31,0.13,-0.08245098862147349,0.0032669087213983428,0.04552528265511391,0.05157787025665894,0.05877731109246653
MO,2025-07-30,2025-07-31,3.99,0.04846924516501372,0.013807515274350424,0.02572415617723589,0.04568599886407032,-0.013484737896194199
MO,2025-04-29,2025-04-30,3.52,0.00979930818655994,-0.00438220848013815,0.017834801283787227,-0.05845609150181419,-0.1420332653954841
MO,2025-01-30,2025-01-31,0.85,-0.008182236208187255,0.018600277772213625,0.009977599283934047,0.1272545581438823,0.22163905153319818
MO,2024-10-31,2024-11-01,2.25,0.08219816788378564,0.0023397313565235445,-0.04420375262913101,0.004373125631655261,-0.06903744052523342
MO,2024-07-31,2024-08-01,-2.56,-0.012348419663866461,0.03961020138101068,0.03135879999924995,0.038523713566154694,-0.05630400489723986
MO,2024-04-25,2024-04-26,-0.06,0.005078432920939457,0.006601531083260115,-0.0011205952781134787,0.0069684211123921536,0.0958683320551863
MO,2024-02-01,2024-02-02,0.41,0.007153945724388988,-0.016668397783720312,-0.04407887816021738,-0.07572031360665066,0.06425459231241915
MO,2023-10-26,2023-10-27,-1.25,-0.06575140010491187,0.012217383427669315,-0.023603731329772115,-0.05219959188333778,-0.1458244708144536
MO,2023-08-01,2023-08-02,0.77,-0.001981668949727844,-0.0031920395845422833,-0.0010391654420148777,-0.0030766744621105735,-0.019161908232691705
MO,2023-04-27,2023-04-28,0.51,-0.011050205515243938,0.006692494497007151,-0.009325867442874114,-0.0708735539685279,-0.1201606850007928
MO,2023-02-01,2023-02-02,1.79,0.017511418050024652,0.009351774225939025,0.009623997697245867,0.02084007221020534,0.03811613840028927
MO,2022-10-27,2022-10-28,-1.82,-0.018323809344760855,0.0063594197900264104,0.015078087293684095,-0.0427600005736235,-0.069073633117133
MO,2022-07-28,2022-07-29,0.77,-0.032068834246158695,0.007292734577578286,0.0018792232527955477,0.06226915285978407,0.13510743381305024
MO,2022-04-28,2022-04-29,2.52,0.02446505391444931,-0.00943868308217366,0.019597119112451766,-0.028427321490392732,-0.16912001419233635
MO,2022-01-27,2022-01-28,0.64,0.0006411889556607875,-0.010086930875874422,-0.021017941725643752,0.028083645275427838,0.16143077875314138
MO,2021-10-28,2021-10-29,-3.01,-0.08306572874518325,-0.00308052253863933,0.004504158994267371,-0.025932170647739783,0.19606556500512384
MO,2021-07-29,2021-07-30,4.73,0.009549165829567774,-0.004355341776932309,-0.02343942190060122,0.004243233819471559,-0.025794622281963386
MO,2021-04-29,2021-04-30,2.08,0.012320882984293458,0.010827668709773475,0.03452328392225201,0.02421931102291186,-0.037027423387457015
MO,2021-01-28,2021-01-29,-2.85,-0.0061031247663436705,-0.024192165777094154,-0.013830427131020562,0.031506104697702986,0.0359746787972508
MO,2020-10-30,2020-11-02,2.89,-0.011244051047807124,0.007288937975677312,-0.02744701287936202,0.0014435584202858731,0.0236268132416928
MO,2020-07-28,2020-07-29,2.85,-0.017746039120195012,0.002366806343108152,-0.0207791803528119,-0.031338054986720376,-0.10875592266036715
MO,2020-04-30,2020-05-01,10.36,-0.027719644545186384,-0.00011971330771931576,-0.06498675661719111,-0.046982986754985356,0.005390284881646501
MO,2020-01-30,2020-01-31,-0.05,-0.03651532807801827,-0.03414841956516035,-0.06010436762604654,-0.07558727509648988,-0.013257276356352876
MO,2019-10-31,2019-11-01,3.88,-0.0261577740293093,0.007966004992715048,0.020813576165022996,0.10498145383180768,0.007269297558462728
MO,2019-07-30,2019-07-31,-0.29,-0.051032803992646314,0.025916549243728215,0.013960167852289374,0.002793691019241318,0.0023269267086269974
MO,2019-04-25,2019-04-26,-2.95,-0.039131655249603936,0.012071140649736467,0.016261562355182058,0.028841316474187306,-0.06469875712915452
MO,2019-01-31,2019-02-01,0.07,0.02002045705505684,-0.008865106509677756,-0.008835416791629247,0.031675142681310886,0.026490919672011115
MO,2018-10-25,2018-10-26,1.48,0.012480458880319567,0.029316027403037737,-0.015531114435761495,-0.1647801940387441,-0.2947080447645367
MO,2018-07-26,2018-07-27,0.87,0.009983616415006558,0.014723195955468227,0.023860244845969936,-0.006441256778274118,0.09077454473199231
MO,2018-04-26,2018-04-27,2.81,-0.00592083633342666,0.0073344438724504135,0.004342173605416,-0.029878806905628275,-0.015318606896188358
MO,2018-02-01,2018-02-02,13.38,0.00951699393945915,-0.006592560936691361,-0.026733099049575215,-0.06410163526182466,-0.14985635535572261
MO,2017-10-26,2017-10-27,2.92,0.008234905035872098,-0.009675943641088702,-0.018429048793686342,-0.007468369598508717,-0.01834876940480501
MO,2017-07-27,2017-07-28,-1.18,-0.06467665497030117,-0.028862835953950006,-0.023238163880015095,-0.033207480067095174,-0.06857697048011224
MO,2017-05-02,2017-05-03,-0.95,-0.007354074098107732,0.00010760110487373353,-0.004546897197940991,0.05330532300264901,-0.0793328178850824
MO,2017-02-01,2017-02-02,1.77,0.002738432355124054,-0.006333096712434649,0.0021307233339167286,0.010905081534917427,-0.05358530075628409
MO,2016-10-27,2016-10-28,1.86,0.02669324285808561,0.003595945138713974,-0.003996360422583112,-0.053295844601797926,-0.00014712416779083526
MO,2016-07-27,2016-07-28,1.54,-0.012163297181529198,0.007176791905505686,-0.005640857796843535,-0.022022910799795792,-0.033889253940203146
MO,2016-04-28,2016-04-29,5.42,0.033271518807983735,-0.0014099274848917709,0.006464833969022643,0.0009834350103217204,0.036610611500582424
MO,2016-01-28,2016-01-29,-1.41,0.006752042220350862,-0.0024205903848412147,0.00834830572223122,0.008352829981948195,-0.07101396575780328
MO,2015-10-29,2015-10-30,-0.68,-0.010906221114634018,-0.011335089638072171,-0.06604335746954482,-0.051116894994981954,0.08100349011632935
MO,2015-07-29,2015-07-30,3.66,-0.026122309838651825,0.004839367413943529,0.03699282979975271,0.04574525023512743,0.1490417984937813
MO,2015-04-23,2015-04-24,1.17,-0.005802188429102184,-0.008709760180307335,-0.022684519935816216,-0.022463356522871236,0.03406562246466627
MO,2015-01-30,2015-02-02,-0.72,-0.010500714934789213,-0.005911087697755724,-0.025317496891933633,0.0038796970388395025,-0.10502348515356374
MO,2014-10-30,2014-10-31,1.45,-0.0017325285939273627,0.011453247379545006,0.023320130480870116,0.02021514787092249,0.12968261488602684
MO,2014-07-22,2014-07-23,-1.1,-0.013490765981355346,0.007619660606705381,-0.006024887757905106,0.016327692642098768,0.15357454543218185
MO,2014-04-24,2014-04-25,0.47,0.027070930021534823,0.017799236777345184,0.012487425598340707,0.01834860114715675,0.015293685361493337
MO,2014-01-30,2014-01-31,-2.18,-0.03789438208792095,-0.009011061608862336,-0.006146678165038333,-0.0032405635099217456,0.09583588818736843
MO,2013-10-24,2013-10-25,2.21,-0.011477884625845758,0.013856445621559743,0.0283151001861226,0.000516605483103838,-0.0006275583794781436
MO,2013-07-23,2013-07-24,-1.59,-0.029739047644145256,0.007125601607326226,-0.015465270159873867,-0.035820638580717046,-0.017733380654878506
MO,2013-04-25,2013-04-26,2.4,0.01291788497300983,0.008273104152080712,-0.007581355188432282,-0.01640000003166575,-0.06446526123541618
MO,2013-01-31,2013-02-01,1.04,0.007040618464464465,0.002176112256618512,0.01062461232307621,-0.019002625378226168,0.020972736481843945
MO,2012-10-25,2012-10-26,0.61,-0.013856179393105128,0.0012595407945010795,-0.005722816729712088,0.051173980259945795,0.006352489976382936
MO,2012-07-24,2012-07-25,3.36,0.005828998868084412,-0.010000820616526518,-0.009301649372237764,-0.10048303210596843,-0.14748457588887431
MO,2012-04-26,2012-04-27,0.28,0.005262975587847496,0.006193773209245412,0.03348409389094609,0.0584268711142204,0.16188285480119857
MO,2012-01-27,2012-01-30,2.91,-0.005553680579496789,0.0007323508818475322,-0.01463971611718562,0.010295636025753563,0.06730845644005745
MO,2011-10-27,2011-10-28,-0.5,-0.02433008400895975,0.023743076074403846,0.017367308103687806,0.07058087618335063,0.022163561573688373
MO,2011-07-20,2011-07-21,-0.19,-0.029173738739275534,-0.009318888364274303,0.018210362007862857,0.11508999329470704,0.1408604998215015
MO,2011-04-20,2011-04-21,0.34,-0.03094069993612769,0.001814028652866173,0.01012275144652608,0.06573741796858878,0.054563127128295696
MO,2011-01-27,2011-01-28,-1.01,-0.004739665433909357,-0.01928612095638116,-0.018028369068475714,0.023900171448599572,0.06177118939174164
MO,2010-10-20,2010-10-21,3.76,-0.003912783745019688,-0.003064640245930894,0.01334552604480943,-0.023507283100712373,-0.12231440700472929
MO,2010-07-21,2010-07-22,0.33,0.0063006712442943424,0.003678097715187789,0.0001979374933391842,0.05608193299423614,0.0760818756923467
MO,2010-04-21,2010-04-22,3.37,0.004038073788865004,-0.0027689168305089495,-0.0033773446514301364,0.08272051892735421,0.13154222323550635
MO,2010-01-28,2010-01-29,-1.27,0.015713100601151275,-0.014543843218763675,-0.017372047825447545,-0.02125950135855792,-0.03642850055379965
MO,2009-10-21,2009-10-22,3.67,-0.02682209827427684,-0.0023180790780799043,0.03441366489093389,0.05217398561274633,0.08992713681285047
MO,2009-07-22,2009-07-23,6.67,-0.01725205192419854,-0.008116285711538218,0.005166301623921843,-0.009399705799471247,-0.05128974232488237
MO,2009-04-22,2009-04-23,1.68,0.006515995982523615,-0.013926981367167413,-0.05774090323014558,-0.06036461798735704,-0.07920406448085471
MO,2009-01-29,2009-01-30,-0.27,0.0367037805958067,0.012086867234008314,-0.02470967625514664,0.058775897838969415,0.007803847303189393
MO,2008-10-23,2008-10-24,4.07,0.03608874785827687,-0.004041373945252502,-0.11403874883162168,-0.10767168205067368,-0.057140883801470976
MO,2008-07-31,2008-08-01,1.61,-0.01842767527999778,0.01740765617583795,-0.023050743963874742,-0.014626456667642174,0.22780478595254205
MO,2008-04-24,2008-04-25,1.37,-0.040556783766432014,-0.01910893534952174,-0.0722076531980338,0.040768340523223645,0.04477091735425254
MO,2008-01-30,2008-01-31,2.39,-0.015078330105991355,-0.0207053727313804,0.0027441972849225893,-0.009121810049563472,-0.10104410695461019
MO,2007-10-17,2007-10-18,6.14,0.002705743470782007,0.02065516778994736,0.03136319851647684,0.0724952738230552,0.21379540125166108
MO,2007-07-18,2007-07-19,1.68,-0.011186413492090708,-0.0016267562397411783,-0.008762125400935683,0.02318368257227188,-0.009872811291181893
MO,2007-04-19,2007-04-20,-1.59,-0.01672972643592774,0.000604968108129933,-0.005403687026422688,-0.02116287083113,-0.010678038393038047
MO,2007-01-31,2007-02-01,3.71,-0.013432763367876022,-0.011898912274973639,-0.028668125022409785,-0.004647457187581083,0.0307642170838216
MO,2006-10-25,2006-10-26,-1.21,0.015397790021759006,0.009700800625571326,0.011837166465258786,0.015411664469821673,0.05711590693314994
MO,2006-07-25,2006-07-26,2.92,-0.001137678116265084,0.0019484581569751969,-0.007223984869756395,0.025525122353001528,-0.0679046010289579
MO,2006-04-20,2006-04-21,1.19,0.021385125057687082,0.012745423095146036,0.03470167328022611,0.03740134456037947,0.1623132897075218
MO,2006-01-31,2006-02-01,0.26,-0.005157923117152019,-0.008394468464711702,-0.015465318881364154,-0.03326910440369002,-0.021788106502308446
MO,2005-10-19,2005-10-20,3.32,0.004308334873460051,-0.0001951497482994835,0.005974613686243302,-0.07161300494061529,-0.03743249140478078
MO,2005-07-20,2005-07-21,-1.16,0.010713839370718348,0.00426028904939546,0.00483416685977156,0.07407610694748423,0.11470624256726081
MO,2005-04-20,2005-04-21,1.31,0.0133603572580272,-0.004015334534630544,0.0027407011235673906,0.003728022919678553,-0.03895716899193191
MO,2005-01-26,2005-01-27,2.25,0.0007524064095547622,0.009100747592141856,0.004693452853006486,0.014954890070401516,0.060021772755834535
PM,2025-10-21,2025-10-22,6.88,-0.002378286931253193,-0.0005748685624782368,-0.09366001714798766,-0.00022713775397453784,0.05786870731819205
PM,2025-07-22,2025-07-23,2.8,-0.09625162998681513,-0.022132239195688186,-0.015576100914149626,0.04352584174562302,-0.08843336292039039
PM,2025-04-23,2025-04-24,4.79,-0.0005533385995595275,-0.006225710037691234,-0.02166570419958891,-0.03624207252122069,-0.174612479928679
PM,2025-02-06,2025-02-07,3.42,0.10824448875265569,0.008166161627349622,0.027030517277274013,0.10969232915878391,0.28315953198323673
PM,2024-10-22,2024-10-23,4.9,0.11432059992291232,0.008414928213465345,0.001831818538742258,-0.029405964551328823,-0.10720323839990009
PM,2024-07-23,2024-07-24,2.03,0.06355375779848627,0.021003842908321135,0.015680844313212816,0.04098685050506545,0.01088762864854309
PM,2024-04-23,2024-04-24,6.47,0.04134572354265531,-0.02579097945054387,-0.019982013345438254,-0.027614233728305404,-0.004063978064773988
PM,2024-02-08,2024-02-09,-6.28,-0.031595525453467665,0.010313252443727605,0.009318987527998979,0.03924671446061989,0.0745441829426361
PM,2023-10-19,2023-10-20,3.48,0.013992987139174407,-0.015985043961200707,-0.030038324643596237,-0.07686739932904785,-0.1151468040781356
PM,2023-07-20,2023-07-21,8.36,-0.006021024116708573,-0.003441998898506382,0.013512277343949997,0.00227269101312233,0.0006046452420820358
PM,2023-04-20,2023-04-21,2.64,-0.03215901044588554,0.004888746090050189,0.013452824368513472,-0.0624195592888277,-0.08469864965093943
PM,2023-02-09,2023-02-10,8.87,0.016919497670822126,0.0014496028631698632,-0.003363946296727649,0.006833400917946708,-0.06391153549809958
PM,2022-10-20,2022-10-21,12.56,-0.015249883142018694,-0.004376101444236946,0.030232693122988152,0.054851557714825194,0.14149149746620648
PM,2022-07-21,2022-07-22,18.47,0.0670956176617068,-0.0021532960178196614,-0.030057362523135733,-0.024683137041478176,-0.027513090633516146
PM,2022-04-21,2022-04-22,4.42,0.03848888515486293,-0.007355335102496086,0.006759526795988013,0.070465157944543,-0.04486074400951601
PM,2022-02-10,2022-02-11,1.71,0.07440994943708157,0.015125910648532637,0.04795315773741682,-0.11689292795225359,0.019394755041016287
PM,2021-10-19,2021-10-20,1.4,-0.016085114756225427,-0.00776208390198585,-0.025542097341113124,-0.07012293753647125,0.049245453734643396
PM,2021-07-20,2021-07-21,1.47,-0.03673643911246394,0.005156862190926592,0.015010977728641794,0.03502608617237213,0.015010796547520133
PM,2021-04-20,2021-04-21,12.9,0.025418638632290103,0.007222014641127039,-0.0036213889084063533,0.035029829522882694,0.022659758319978796
PM,2021-02-04,2021-02-05,3.9,0.035133304670073695,0.013067614528832427,0.009116151215100343,0.040129615740090885,0.06575208472817518
PM,2020-10-20,2020-10-21,4.45,-0.0537498637663415,0.008603252474162826,-0.004317425028379396,0.009909045638396563,0.015986588554536718
PM,2020-07-21,2020-07-22,17.39,0.034835091686434394,0.015879227597573764,0.036770935369719315,0.0038002641472600907,-0.009602793093178574
PM,2020-04-21,2020-04-22,6.92,-0.04059722941801114,-0.017448309736395773,-0.0034712325159562685,-0.09933437641902798,-0.11445038931729257
PM,2020-02-06,2020-02-07,0.9,0.043798316780963575,0.007399987755588144,-0.004248208080240845,0.10795107051069774,-0.02614851140246599
PM,2019-10-17,2019-10-18,5.21,0.019772129141146233,0.008739258504285141,0.005570792259044444,0.006257727409216818,0.004758614898885405
PM,2019-07-18,2019-07-19,10.07,0.09667055145497694,-0.022517793837185773,-0.0472797546298378,-0.01505456389649762,-0.10655843591672554
PM,2019-04-18,2019-04-22,8.33,-0.016754283777979606,-0.0016365366697841388,-0.005165540064307805,0.044788344770342325,-0.0546451843242296
PM,2019-02-07,2019-02-08,7.4,0.06752039572160717,-0.012182645202791553,0.01799966203885628,0.08631185687375109,-0.00023758537139806357
PM,2018-10-18,2018-10-19,11.84,0.06547256080960606,-0.01037084399892152,0.041443458282620305,-0.01902186657453664,-0.12848711180960426
PM,2018-07-19,2018-07-20,14.87,0.031202969849891904,-0.014787909296713697,0.007536882650896137,-0.010458919543660405,0.018739914815841918
PM,2018-04-19,2018-04-20,13.56,-0.15528231049443286,-0.0069700138319994664,-0.020104568854735883,-0.059474457175148654,-0.06591466560703063
PM,2018-02-08,2018-02-09,-2.24,0.03377068914976433,0.009930440725673506,-0.0006714302274968276,0.0069570280943744844,-0.2075077457646568
PM,2017-10-19,2017-10-20,-8.21,-0.03201097942111153,0.0024284319382693598,-0.03502197189374845,-0.06573646298877567,-0.12227540791281544
PM,2017-07-20,2017-07-21,-7.13,-0.016328069213256247,-0.005527304033214553,-0.009069226728416147,-0.018650101824001175,-0.08081968070781398
PM,2017-04-20,2017-04-21,-5.11,-0.04258796898741957,0.014271454051223653,-0.0037475188668227855,0.03084911356242581,0.048486459418964456
PM,2017-02-02,2017-02-03,-0.63,0.04622154448837712,-0.009190546217816342,0.005570575215928075,0.04875751900665182,0.056983065853039916
PM,2016-10-18,2016-10-19,1.41,-0.0040254240360029225,-0.0024052147773392374,0.0032492669244862382,-0.10072968404667071,-0.08873302724067955
PM,2016-07-19,2016-07-20,-3.71,-0.035666195646602006,0.0014690806165934545,-0.020655986307415497,0.0005262976841124978,-0.010792550131857759
PM,2016-04-19,2016-04-20,-11.59,-0.028663081023926562,-0.012047750161185755,-0.005193696217154153,0.033058704284317564,0.03414827461343495
PM,2016-02-04,2016-02-05,0.6,0.014838669359527934,0.015359858677586269,0.001551722806467426,-0.018675433497423066,0.009124469157010262
PM,2015-10-15,2015-10-16,11.65,0.019091308541805407,0.006799690343794351,0.00021648033653787202,-0.04630613687112428,0.08349398454969637
PM,2015-07-16,2015-07-17,6.84,0.029345047049977202,-0.0030809559326611113,0.007336151868186258,-0.003890877529269865,0.04566175926975813
PM,2015-04-16,2015-04-17,14.48,0.10304382965515024,-0.012421261891335522,-0.04723207919533068,-0.0062271293808870976,-0.03650918309022311
PM,2015-02-05,2015-02-06,-2.95,-0.017170313174634688,-0.0009383681237921104,-0.000891341558838521,-0.023760322528410538,0.011035948060625467
PM,2014-10-16,2014-10-17,4.21,0.018011052890573254,0.001104417978184502,-0.01828046700157482,-0.0804171179154336,-0.08979907640129281
PM,2014-07-17,2014-07-18,14.03,0.01684723735658067,-0.003359537286115155,-0.013651797646253239,-0.007604780815534284,0.03648770945266144
PM,2014-04-17,2014-04-21,2.31,-0.020102780491186634,-0.004065615144544177,0.018580110219649004,0.017737365369446145,-0.038428878606543204
PM,2014-02-06,2014-02-07,0.29,0.017816411655054543,-0.019780210591027858,-0.02240922062963846,-0.044951661049873026,0.03114501741916942
PM,2013-10-17,2013-10-18,-0.01,-0.0037253597156188256,-0.0009773680350242397,0.010265731072545359,0.018504302457722943,-0.09830672371115012
PM,2013-07-18,2013-07-19,-7.78,-0.019525771649012036,0.005046231367108467,0.003401938536559568,-0.012532712122171108,-0.026700968684929882
PM,2013-04-18,2013-04-19,-4.16,-0.02461011719266537,0.005023336555340485,0.018789828832204813,-0.033141349587553215,-0.09522141101981096
PM,2013-02-07,2013-02-08,4.69,0.02723952178578437,-0.0009075693555899988,-0.0071275904365385445,-0.019462924680897498,-0.03132184783099645
PM,2012-10-18,2012-10-19,-0.8,-0.021389347731668673,0.012116499988330975,0.01604245011997507,0.02906343937303435,-0.019187271972030295
PM,2012-07-19,2012-07-20,0.78,0.0007355828139613552,-1.2105613391599768e-05,-0.00033126536436167697,0.00867117883184565,-0.016092721933404164
PM,2012-04-19,2012-04-20,6.06,0.005559050014661837,-0.0014982987763657585,0.005089078532212188,0.01954168649783372,0.0404881399347683
PM,2012-02-09,2012-02-10,1.37,0.03901031611256367,0.007102784410861096,0.0009036852605663892,0.027004062514298877,0.07935884745945798
PM,2011-10-20,2011-10-21,10.94,0.036678385424091964,-0.019690326325835006,-0.007062294736338792,0.06019455096195969,-0.00238458776364614
PM,2011-07-21,2011-07-22,10.27,0.0429363103459095,0.005850543800842267,0.025974400281676968,0.11753968861345188,0.04284898593278652
PM,2011-04-21,2011-04-25,1.14,0.012789950601467037,-0.00875312332986422,0.00599044441297214,0.03401239108570897,0.02064825521055691
PM,2011-02-10,2011-02-11,1.16,-0.0050069635552374425,-0.00039164327798246745,0.019690439804176174,0.0894090027164739,0.1318478331282975
PM,2010-10-21,2010-10-22,-1.06,0.007236247815825436,0.02009425838278589,0.005353859814952511,0.01250875288859632,-0.10526949295581989
PM,2010-07-22,2010-07-23,3.18,-0.01576062877041906,4.615376310290742e-05,0.00876933172170613,0.05214067054726379,0.08868693523380755
PM,2010-04-22,2010-04-23,-2.7,-0.025880623884065534,-0.015973404802167246,-0.015652787203507157,-0.030272306951920513,0.10778555517710742
PM,2010-02-11,2010-02-12,2.92,0.0433548605834051,-0.013096946891455463,-0.019545134646682616,-0.035886110764963286,-0.08471174106778767
PM,2009-10-22,2009-10-23,2.55,-0.033049563861337616,0.004303929463484568,0.006973047455774983,0.0009593361115289856,-0.05485678263857974
PM,2009-07-23,2009-07-24,8.41,0.051671033360116914,-0.015642239517981493,-0.022447959563049125,-0.0591621836127183,-0.024293393805617125
PM,2009-04-23,2009-04-24,6.78,0.00747490269195894,0.003051175984785326,-0.020872865978457278,0.11383089016455239,0.07903155268337558
PM,2009-02-04,2009-02-05,14.89,-0.03757402260080411,-0.040037434211522616,-0.019030161690290037,0.07984694061329178,-0.04434326714035142
PM,2008-10-22,2008-10-23,4.38,0.06247685704829642,-0.006548853525584097,-0.05400275381155484,0.029771589452664005,0.05230571073078749
PM,2008-07-23,2008-07-24,3.84,0.02332986824494565,0.011485820048937612,-0.025957771850314892,0.02674112992057065,0.08668393595451918
PM,2008-04-23,2008-04-24,15.02,0.03579129190952224,-0.022715979474331682,-0.04428158266142579,-0.003218693690975938,0.06362114332789326
